-- MariaDB dump 10.19  Distrib 10.4.32-MariaDB, for Win64 (AMD64)
--
-- Host: localhost    Database: duan
-- ------------------------------------------------------
-- Server version	10.4.32-MariaDB

/*!40101 SET @OLD_CHARACTER_SET_CLIENT=@@CHARACTER_SET_CLIENT */;
/*!40101 SET @OLD_CHARACTER_SET_RESULTS=@@CHARACTER_SET_RESULTS */;
/*!40101 SET @OLD_COLLATION_CONNECTION=@@COLLATION_CONNECTION */;
/*!40101 SET NAMES utf8mb4 */;
/*!40103 SET @OLD_TIME_ZONE=@@TIME_ZONE */;
/*!40103 SET TIME_ZONE='+00:00' */;
/*!40014 SET @OLD_UNIQUE_CHECKS=@@UNIQUE_CHECKS, UNIQUE_CHECKS=0 */;
/*!40014 SET @OLD_FOREIGN_KEY_CHECKS=@@FOREIGN_KEY_CHECKS, FOREIGN_KEY_CHECKS=0 */;
/*!40101 SET @OLD_SQL_MODE=@@SQL_MODE, SQL_MODE='NO_AUTO_VALUE_ON_ZERO' */;
/*!40111 SET @OLD_SQL_NOTES=@@SQL_NOTES, SQL_NOTES=0 */;

--
-- Table structure for table `admin`
--

DROP TABLE IF EXISTS `admin`;
/*!40101 SET @saved_cs_client     = @@character_set_client */;
/*!40101 SET character_set_client = utf8 */;
CREATE TABLE `admin` (
  `id` int(10) unsigned NOT NULL AUTO_INCREMENT,
  `name` varchar(255) NOT NULL,
  `email` varchar(255) NOT NULL,
  `phone` char(255) DEFAULT NULL,
  `active` tinyint(4) NOT NULL DEFAULT 1,
  `password` varchar(255) NOT NULL,
  `remember_token` varchar(100) DEFAULT NULL,
  `created_at` timestamp NULL DEFAULT NULL,
  `updated_at` timestamp NULL DEFAULT NULL,
  PRIMARY KEY (`id`),
  UNIQUE KEY `admin_name_unique` (`name`),
  UNIQUE KEY `admin_email_unique` (`email`),
  KEY `admin_active_index` (`active`)
) ENGINE=InnoDB AUTO_INCREMENT=15 DEFAULT CHARSET=utf8mb4 COLLATE=utf8mb4_unicode_ci;
/*!40101 SET character_set_client = @saved_cs_client */;

--
-- Dumping data for table `admin`
--

LOCK TABLES `admin` WRITE;
/*!40000 ALTER TABLE `admin` DISABLE KEYS */;
INSERT INTO `admin` VALUES (1,'admin','admin@gmail.com','0961680324',1,'$2y$12$7NunF7mn9EEJQ/I4EjECPeL7YB3r1aWJ8//ytMXo0uYhzNNsvVL0i',NULL,NULL,'2024-05-05 02:28:54'),(14,'admin1','admin123@gmail.com','0961680323',1,'$2y$12$griOYBwhqrNQ9mxabC8ePugm2K38JF5a8OZkVlfS/vwzyWhiin7WO',NULL,'2024-05-05 01:50:23','2024-05-18 08:54:23');
/*!40000 ALTER TABLE `admin` ENABLE KEYS */;
UNLOCK TABLES;

--
-- Table structure for table `article`
--

DROP TABLE IF EXISTS `article`;
/*!40101 SET @saved_cs_client     = @@character_set_client */;
/*!40101 SET character_set_client = utf8 */;
CREATE TABLE `article` (
  `id` bigint(20) unsigned NOT NULL AUTO_INCREMENT,
  `a_name` varchar(255) DEFAULT NULL,
  `a_slug` varchar(255) NOT NULL,
  `a_description` varchar(255) DEFAULT NULL,
  `a_content` longtext DEFAULT NULL,
  `a_active` tinyint(4) NOT NULL DEFAULT 1,
  `a_avatar` varchar(255) DEFAULT NULL,
  `created_at` timestamp NULL DEFAULT NULL,
  `updated_at` timestamp NULL DEFAULT NULL,
  PRIMARY KEY (`id`),
  UNIQUE KEY `article_a_name_unique` (`a_name`),
  KEY `article_a_slug_index` (`a_slug`),
  KEY `article_a_active_index` (`a_active`)
) ENGINE=InnoDB AUTO_INCREMENT=217 DEFAULT CHARSET=utf8mb4 COLLATE=utf8mb4_unicode_ci;
/*!40101 SET character_set_client = @saved_cs_client */;

--
-- Dumping data for table `article`
--

LOCK TABLES `article` WRITE;
/*!40000 ALTER TABLE `article` DISABLE KEYS */;
INSERT INTO `article` VALUES (207,'Top 5 Laptop Gaming Gi├í Tß╗æt N─âm 2026 - ─É├íng Mua Nhß║Ñt','top-5-laptop-gaming-gia-tot-nam-2026','Kh├ím ph├í 5 mß║½u laptop gaming c├│ cß║Ñu h├¼nh mß║ính mß║╜, gi├í cß║ú phß║úi ch─âng, ph├╣ hß╗úp cho game thß╗º v├á d├ón v─ân ph├▓ng.','<h2>Top 5 Laptop Gaming Tß╗æt Nhß║Ñt 2026</h2>\n<p>Nß║┐u bß║ín ─æang t├¼m kiß║┐m mß╗Öt chiß║┐c laptop gaming vß╗¢i hiß╗çu n─âng mß║ính mß║╜ nh╞░ng gi├í cß║ú hß╗úp l├╜, ─æ├óy l├á 5 lß╗▒a chß╗ìn tß╗æt nhß║Ñt trong n─âm 2026.</p>\n\n<h3>1. ASUS ROG Strix G15</h3>\n<p><strong>Cß║Ñu h├¼nh:</strong></p>\n<ul>\n    <li>CPU: AMD Ryzen 7 6800H</li>\n    <li>GPU: NVIDIA RTX 3060 6GB</li>\n    <li>RAM: 16GB DDR5</li>\n    <li>M├án h├¼nh: 15.6\" FHD 144Hz</li>\n</ul>\n<p><strong>Gi├í:</strong> 28.990.000Γé½</p>\n\n<h3>2. MSI GF63 Thin</h3>\n<p>Laptop gaming mß╗Ång nhß║╣, ph├╣ hß╗úp cho sinh vi├¬n v├á d├ón v─ân ph├▓ng. Cß║Ñu h├¼nh Intel Core i5 thß║┐ hß╗ç 12, GTX 1650, gi├í chß╗ë 18.990.000Γé½.</p>\n\n<h3>3. Acer Nitro 5</h3>\n<p>Lß╗▒a chß╗ìn tß╗æt nhß║Ñt cho game thß╗º vß╗¢i ng├ón s├ích d╞░ß╗¢i 25 triß╗çu. AMD Ryzen 5, RTX 3050, m├án h├¼nh 144Hz.</p>\n\n<p><strong>Kß║┐t luß║¡n:</strong> T├╣y theo ng├ón s├ích v├á nhu cß║ºu sß╗¡ dß╗Ñng, bß║ín c├│ thß╗â chß╗ìn laptop ph├╣ hß╗úp. H├úy gh├⌐ cß╗¡a h├áng ch├║ng t├┤i ─æß╗â ─æ╞░ß╗úc t╞░ vß║Ñn chi tiß║┐t!</p>',1,'/storage/photos/shares/Blog/blog-img1.jpg','2026-01-26 03:32:59','2026-01-26 03:32:59'),(208,'iPhone 15 Pro Max vs Samsung Galaxy S24 Ultra - N├¬n Chß╗ìn M├íy N├áo?','iphone-15-pro-max-vs-samsung-galaxy-s24-ultra','So s├ính chi tiß║┐t 2 si├¬u phß║⌐m flagship 2026: iPhone 15 Pro Max v├á Samsung Galaxy S24 Ultra. ╞»u nh╞░ß╗úc ─æiß╗âm cß╗ºa tß╗½ng m├íy.','<h2>Cuß╗Öc ─Éua Flagship 2026</h2>\n<p>iPhone 15 Pro Max v├á Samsung Galaxy S24 Ultra ─æß╗üu l├á nhß╗»ng si├¬u phß║⌐m ─æß╗ënh cao trong n─âm 2026. Vß║¡y n├¬n chß╗ìn m├íy n├áo?</p>\n\n<h3>iPhone 15 Pro Max</h3>\n<p><strong>╞»u ─æiß╗âm:</strong></p>\n<ul>\n    <li>Γ£à Chip A17 Pro si├¬u mß║ính, xß╗¡ l├╜ m╞░ß╗út m├á</li>\n    <li>Γ£à Hß╗ç sinh th├íi Apple ho├án hß║úo</li>\n    <li>Γ£à Camera chß║Ñt l╞░ß╗úng cao, chß╗Ñp ─æ├¬m xuß║Ñt sß║»c</li>\n    <li>Γ£à Thiß║┐t kß║┐ Titanium cao cß║Ñp</li>\n</ul>\n<p><strong>Gi├í:</strong> 34.990.000Γé½</p>\n\n<h3>Samsung Galaxy S24 Ultra</h3>\n<p><strong>╞»u ─æiß╗âm:</strong></p>\n<ul>\n    <li>Γ£à M├án h├¼nh 6.8\" AMOLED 120Hz tuyß╗çt ─æß║╣p</li>\n    <li>Γ£à Camera zoom 100x, chß╗Ñp xa si├¬u n├⌐t</li>\n    <li>Γ£à B├║t S-Pen tiß╗çn lß╗úi</li>\n    <li>Γ£à Sß║íc nhanh 45W</li>\n</ul>\n<p><strong>Gi├í:</strong> 32.990.000Γé½</p>\n\n<p><strong>Kß║┐t luß║¡n:</strong> Nß║┐u bß║ín y├¬u th├¡ch iOS v├á hß╗ç sinh th├íi Apple, chß╗ìn iPhone. Nß║┐u th├¡ch Android v├á m├án h├¼nh lß╗¢n, Samsung l├á lß╗▒a chß╗ìn tß╗æt h╞ín.</p>',1,'/storage/photos/shares/Blog/blog-img2.jpg','2026-01-23 03:32:59','2026-01-23 03:32:59'),(209,'H╞░ß╗¢ng Dß║½n Chß╗ìn Mua ─Éiß╗üu H├▓a Tiß║┐t Kiß╗çm ─Éiß╗çn Cho M├╣a H├¿ 2026','huong-dan-chon-mua-dieu-hoa-tiet-kiem-dien','B├¡ quyß║┐t chß╗ìn ─æiß╗üu h├▓a inverter tiß║┐t kiß╗çm ─æiß╗çn, ph├╣ hß╗úp diß╗çn t├¡ch ph├▓ng, gi├í cß║ú hß╗úp l├╜ cho m├╣a h├¿ 2026.','<h2>Chß╗ìn ─Éiß╗üu H├▓a Sao Cho ─É├║ng?</h2>\n<p>M├╣a h├¿ ─æß║┐n, nhiß╗çt ─æß╗Ö t─âng cao, ─æiß╗üu h├▓a trß╗ƒ th├ánh thiß║┐t bß╗ï kh├┤ng thß╗â thiß║┐u. Nh╞░ng l├ám sao ─æß╗â chß╗ìn ─æ╞░ß╗úc m├íy vß╗½a m├ít, vß╗½a tiß║┐t kiß╗çm ─æiß╗çn?</p>\n\n<h3>1. Chß╗ìn Theo Diß╗çn T├¡ch Ph├▓ng</h3>\n<ul>\n    <li>Ph├▓ng 12-15m┬▓: Chß╗ìn m├íy 9.000 BTU</li>\n    <li>Ph├▓ng 15-20m┬▓: Chß╗ìn m├íy 12.000 BTU</li>\n    <li>Ph├▓ng 20-25m┬▓: Chß╗ìn m├íy 18.000 BTU</li>\n</ul>\n\n<h3>2. ╞»u Ti├¬n M├íy Inverter</h3>\n<p>─Éiß╗üu h├▓a Inverter tiß║┐t kiß╗çm ─æiß╗çn h╞ín 30-50% so vß╗¢i m├íy th╞░ß╗¥ng. Gi├í cao h╞ín mß╗Öt ch├║t nh╞░ng tiß║┐t kiß╗çm tiß╗ün ─æiß╗çn l├óu d├ái.</p>\n\n<h3>3. Th╞░╞íng Hiß╗çu Uy T├¡n</h3>\n<p><strong>Top 3 th╞░╞íng hiß╗çu tß╗æt nhß║Ñt:</strong></p>\n<ol>\n    <li>Daikin (Nhß║¡t Bß║ún) - Bß╗ün, tiß║┐t kiß╗çm ─æiß╗çn</li>\n    <li>Mitsubishi (Nhß║¡t Bß║ún) - L├ám lß║ính nhanh</li>\n    <li>LG (H├án Quß╗æc) - Gi├í tß╗æt, nhiß╗üu t├¡nh n─âng</li>\n</ol>\n\n<h3>Khuyß║┐n M├úi ─Éß║╖c Biß╗çt</h3>\n<p>≡ƒÄë Mua ─æiß╗üu h├▓a tß║íi cß╗¡a h├áng ch├║ng t├┤i, giß║úm ngay 2 triß╗çu + Tß║╖ng k├¿m quß║ít sß║íc!</p>\n\n<p><strong>Li├¬n hß╗ç:</strong> Hotline 1900-xxxx ─æß╗â ─æ╞░ß╗úc t╞░ vß║Ñn miß╗àn ph├¡!</p>',1,'/storage/photos/shares/Blog/blog-img3.jpg','2026-01-21 03:32:59','2026-01-21 03:32:59'),(210,'Smart TV 4K Gi├í Rß║╗ D╞░ß╗¢i 10 Triß╗çu - ─É├íng Mua Nhß║Ñt 2026','smart-tv-4k-gia-re-duoi-10-trieu','Top 5 mß║½u smart TV 4K m├án h├¼nh lß╗¢n, gi├í d╞░ß╗¢i 10 triß╗çu, chß║Ñt l╞░ß╗úng tß╗æt, ph├╣ hß╗úp cho gia ─æ├¼nh.','<h2>Smart TV 4K Gi├í Rß║╗ 2026</h2>\n<p>Bß║ín muß╗æn sß╗ƒ hß╗»u chiß║┐c Smart TV 4K m├án h├¼nh lß╗¢n nh╞░ng ng├ón s├ích chß╗ë d╞░ß╗¢i 10 triß╗çu? ─É├óy l├á nhß╗»ng lß╗▒a chß╗ìn tß╗æt nhß║Ñt!</p>\n\n<h3>1. Samsung Crystal UHD 43\" (43AU7700)</h3>\n<ul>\n    <li>Γ£à ─Éß╗Ö ph├ón giß║úi 4K Ultra HD</li>\n    <li>Γ£à Hß╗ç ─æiß╗üu h├ánh Tizen OS</li>\n    <li>Γ£à Hß╗ù trß╗ú HDR</li>\n    <li>Γ£à <strong>Gi├í: 7.990.000Γé½</strong></li>\n</ul>\n\n<h3>2. TCL 50\" 4K Android TV</h3>\n<ul>\n    <li>Γ£à M├án h├¼nh 50 inch lß╗¢n</li>\n    <li>Γ£à Android TV, kho ß╗⌐ng dß╗Ñng khß╗òng lß╗ô</li>\n    <li>Γ£à Dolby Audio</li>\n    <li>Γ£à <strong>Gi├í: 8.490.000Γé½</strong></li>\n</ul>\n\n<h3>3. Xiaomi TV P1 55\"</h3>\n<ul>\n    <li>Γ£à 55 inch gi├í cß╗▒c tß╗æt</li>\n    <li>Γ£à Android TV 10</li>\n    <li>Γ£à Viß╗ün mß╗Ång, thiß║┐t kß║┐ ─æß║╣p</li>\n    <li>Γ£à <strong>Gi├í: 9.990.000Γé½</strong></li>\n</ul>\n\n<p><strong>L╞░u ├╜:</strong> Khi mua TV, n├¬n chß╗ìn bß║úo h├ánh ch├¡nh h├úng v├á mua tß║íi ─æß║íi l├╜ uy t├¡n!</p>',1,'/storage/photos/shares/Blog/blog-img4.jpg','2026-01-18 03:32:59','2026-01-18 03:32:59'),(211,'Tß╗º Lß║ính Inverter - Tiß║┐t Kiß╗çm ─Éiß╗çn, Bß║úo Quß║ún Thß╗▒c Phß║⌐m T╞░╞íi L├óu','tu-lanh-inverter-tiet-kiem-dien','T├¼m hiß╗âu vß╗ü c├┤ng nghß╗ç Inverter tr├¬n tß╗º lß║ính, lß╗úi ├¡ch v├á c├ích chß╗ìn tß╗º lß║ính ph├╣ hß╗úp cho gia ─æ├¼nh.','<h2>Tß║íi Sao N├¬n Chß╗ìn Tß╗º Lß║ính Inverter?</h2>\n<p>Tß╗º lß║ính Inverter ─æang trß╗ƒ th├ánh xu h╞░ß╗¢ng ─æ╞░ß╗úc nhiß╗üu gia ─æ├¼nh Viß╗çt lß╗▒a chß╗ìn. Vß║¡y Inverter l├á g├¼ v├á lß╗úi ├¡ch ra sao?</p>\n\n<h3>C├┤ng Nghß╗ç Inverter L├á G├¼?</h3>\n<p>Inverter l├á c├┤ng nghß╗ç ─æiß╗üu chß╗ënh c├┤ng suß║Ñt m├íy n├⌐n linh hoß║ít theo nhiß╗çt ─æß╗Ö thß╗▒c tß║┐, gi├║p:</p>\n<ul>\n    <li>Γ£à Tiß║┐t kiß╗çm ─æiß╗çn 30-50%</li>\n    <li>Γ£à Vß║¡n h├ánh ├¬m ├íi, ├¡t tiß║┐ng ß╗ôn</li>\n    <li>Γ£à Bß║úo quß║ún thß╗▒c phß║⌐m t╞░╞íi l├óu h╞ín</li>\n    <li>Γ£à Tuß╗òi thß╗ì m├íy n├⌐n cao h╞ín</li>\n</ul>\n\n<h3>Top 3 Tß╗º Lß║ính Inverter B├ín Chß║íy</h3>\n\n<h4>1. Panasonic NR-BV368 (322L)</h4>\n<p>Tß╗º lß║ính 2 cß╗¡a ng─ân ─æ├í tr├¬n, c├┤ng nghß╗ç Econavi tiß║┐t kiß╗çm ─æiß╗çn th├┤ng minh.</p>\n<p><strong>Gi├í: 11.990.000Γé½</strong></p>\n\n<h4>2. Samsung RT38K (380L)</h4>\n<p>Digital Inverter, l├ám lß║ính ─æa chiß╗üu 360┬░, thiß║┐t kß║┐ hiß╗çn ─æß║íi.</p>\n<p><strong>Gi├í: 13.490.000Γé½</strong></p>\n\n<h4>3. LG GN-L315S (315L)</h4>\n<p>Smart Inverter, kh├íng khuß║⌐n khß╗¡ m├╣i, gi├í tß╗æt.</p>\n<p><strong>Gi├í: 10.990.000Γé½</strong></p>\n\n<h3>Mß║╣o Sß╗¡ Dß╗Ñng Tiß║┐t Kiß╗çm ─Éiß╗çn</h3>\n<ol>\n    <li>─Éß║╖t tß╗º lß║ính ß╗ƒ n╞íi tho├íng m├ít, tr├ính ├ính nß║»ng trß╗▒c tiß║┐p</li>\n    <li>Kh├┤ng ─æß╗â thß╗▒c phß║⌐m n├│ng v├áo tß╗º</li>\n    <li>Kiß╗âm tra gio─âng cß╗¡a th╞░ß╗¥ng xuy├¬n</li>\n    <li>R├ú ─æ├┤ng ─æß╗ïnh kß╗│ (nß║┐u kh├┤ng c├│ c├┤ng nghß╗ç No Frost)</li>\n</ol>',1,'/storage/photos/shares/Blog/blog-img5.jpg','2026-01-16 03:32:59','2026-01-16 03:32:59'),(212,'M├íy Giß║╖t Cß╗¡a Tr╞░ß╗¢c vs Cß╗¡a Tr├¬n - N├¬n Chß╗ìn Loß║íi N├áo?','may-giat-cua-truoc-vs-cua-tren','So s├ính ╞░u nh╞░ß╗úc ─æiß╗âm giß╗»a m├íy giß║╖t cß╗¡a tr╞░ß╗¢c v├á cß╗¡a tr├¬n, gi├║p bß║ín chß╗ìn ─æ╞░ß╗úc loß║íi ph├╣ hß╗úp nhß║Ñt.','<h2>M├íy Giß║╖t Cß╗¡a Tr╞░ß╗¢c vs Cß╗¡a Tr├¬n</h2>\n<p>Khi mua m├íy giß║╖t, nhiß╗üu ng╞░ß╗¥i b─ân kho─ân kh├┤ng biß║┐t n├¬n chß╗ìn cß╗¡a tr╞░ß╗¢c hay cß╗¡a tr├¬n. H├úy c├╣ng ph├ón t├¡ch chi tiß║┐t!</p>\n\n<h3>M├íy Giß║╖t Cß╗¡a Tr╞░ß╗¢c</h3>\n<p><strong>╞»u ─æiß╗âm:</strong></p>\n<ul>\n    <li>Γ£à Giß║╖t sß║ích h╞ín, ├¡t hao m├▓n quß║ºn ├ío</li>\n    <li>Γ£à Tiß║┐t kiß╗çm n╞░ß╗¢c 30-40%</li>\n    <li>Γ£à Vß║»t kh├┤ tß╗æt h╞ín (1200-1400 v├▓ng/ph├║t)</li>\n    <li>Γ£à C├│ thß╗â xß║┐p chß╗ông hoß║╖c l├ám mß║╖t b├án bß║┐p</li>\n</ul>\n\n<p><strong>Nh╞░ß╗úc ─æiß╗âm:</strong></p>\n<ul>\n    <li>Γ¥î Gi├í cao h╞ín cß╗¡a tr├¬n</li>\n    <li>Γ¥î Thß╗¥i gian giß║╖t l├óu h╞ín</li>\n    <li>Γ¥î Cß║ºn c├║i xuß╗æng ─æß╗â cho ─æß╗ô v├áo</li>\n</ul>\n\n<h3>M├íy Giß║╖t Cß╗¡a Tr├¬n</h3>\n<p><strong>╞»u ─æiß╗âm:</strong></p>\n<ul>\n    <li>Γ£à Gi├í rß║╗ h╞ín</li>\n    <li>Γ£à Giß║╖t nhanh h╞ín</li>\n    <li>Γ£à Dß╗à cho ─æß╗ô v├áo (kh├┤ng cß║ºn c├║i)</li>\n    <li>Γ£à Bß║úo tr├¼ ─æ╞ín giß║ún</li>\n</ul>\n\n<p><strong>Nh╞░ß╗úc ─æiß╗âm:</strong></p>\n<ul>\n    <li>Γ¥î Tß╗æn n╞░ß╗¢c h╞ín</li>\n    <li>Γ¥î Hao m├▓n quß║ºn ├ío nhiß╗üu h╞ín</li>\n    <li>Γ¥î Vß║»t kh├┤ k├⌐m h╞ín</li>\n</ul>\n\n<h3>N├¬n Chß╗ìn Loß║íi N├áo?</h3>\n<blockquote>\n<p><strong>Chß╗ìn cß╗¡a tr╞░ß╗¢c</strong> nß║┐u: Gia ─æ├¼nh ─æ├┤ng ng╞░ß╗¥i, giß║╖t nhiß╗üu, muß╗æn giß║╖t sß║ích v├á tiß║┐t kiß╗çm n╞░ß╗¢c.</p>\n<p><strong>Chß╗ìn cß╗¡a tr├¬n</strong> nß║┐u: Ng├ón s├ích eo hß║╣p, cß║ºn m├íy giß║╖t nhanh, ng╞░ß╗¥i gi├á sß╗¡ dß╗Ñng.</p>\n</blockquote>',1,'/storage/photos/shares/Blog/blog-img6.jpg','2026-01-13 03:32:59','2026-01-13 03:32:59'),(213,'≡ƒÄë MEGA SALE Th├íng 1/2026 - Giß║úm ─Éß║┐n 50% To├án Bß╗Ö Sß║ún Phß║⌐m!','mega-sale-thang-1-2026-giam-50','Ch╞░╞íng tr├¼nh khuyß║┐n m├úi lß╗¢n nhß║Ñt n─âm! Giß║úm gi├í sß╗æc ─æß║┐n 50% tß║Ñt cß║ú sß║ún phß║⌐m ─æiß╗çn tß╗¡, ─æiß╗çn lß║ính. Sß╗æ l╞░ß╗úng c├│ hß║ín!','<h2>≡ƒöÑ MEGA SALE - Sß╗░ KIß╗åN MUA Sß║«M Lß╗ÜN NHß║ñT N─éM!</h2>\n<p><strong>Thß╗¥i gian:</strong> 01/01/2026 - 31/01/2026</p>\n\n<h3>≡ƒÄü ╞»u ─É├úi Khß╗ºng:</h3>\n\n<h4>≡ƒô▒ ─Éiß╗çn Thoß║íi & Laptop</h4>\n<ul>\n    <li>Γ£à iPhone 15 Pro Max: Giß║úm 5 triß╗çu</li>\n    <li>Γ£à Samsung Galaxy S24: Giß║úm 4 triß╗çu</li>\n    <li>Γ£à Laptop Gaming: Giß║úm ─æß║┐n 7 triß╗çu</li>\n</ul>\n\n<h4>Γ¥ä∩╕Å ─Éiß╗üu H├▓a & Tß╗º Lß║ính</h4>\n<ul>\n    <li>Γ£à ─Éiß╗üu h├▓a Daikin Inverter: Giß║úm 3 triß╗çu</li>\n    <li>Γ£à Tß╗º lß║ính Panasonic: Giß║úm 2 triß╗çu</li>\n    <li>Γ£à M├íy giß║╖t LG Inverter: Giß║úm 1.5 triß╗çu</li>\n</ul>\n\n<h4>≡ƒô║ Smart TV</h4>\n<ul>\n    <li>Γ£à Samsung 55\" 4K: Giß║úm 4 triß╗çu</li>\n    <li>Γ£à LG OLED 65\": Giß║úm 10 triß╗çu</li>\n    <li>Γ£à Sony Bravia: Giß║úm 6 triß╗çu</li>\n</ul>\n\n<h3>≡ƒÄü QU├Ç Tß║╢NG K├êM:</h3>\n<ol>\n    <li>Tß║╖ng phiß║┐u mua h├áng 500K cho ─æ╞ín tß╗½ 10 triß╗çu</li>\n    <li>Tß║╖ng qu├á tß║╖ng c├┤ng nghß╗ç (tai nghe, chuß╗Öt, b├án ph├¡m...)</li>\n    <li>Miß╗àn ph├¡ vß║¡n chuyß╗ân to├án quß╗æc</li>\n    <li>Bß║úo h├ánh VIP 24 th├íng</li>\n</ol>\n\n<h3>≡ƒÆ│ Hß╗û TRß╗ó TRß║ó G├ôP:</h3>\n<ul>\n    <li>Γ£à Trß║ú g├│p 0% l├úi suß║Ñt</li>\n    <li>Γ£à Duyß╗çt nhanh trong 5 ph├║t</li>\n    <li>Γ£à Kh├┤ng cß║ºn thß║╗ t├¡n dß╗Ñng</li>\n</ul>\n\n<h3>≡ƒô₧ LI├èN Hß╗å NGAY:</h3>\n<p><strong>Hotline:</strong> 1900-xxxx</p>\n<p><strong>Website:</strong> www.cuahangcuatoi.vn</p>\n<p><strong>─Éß╗ïa chß╗ë:</strong> 123 ─É╞░ß╗¥ng ABC, Quß║¡n XYZ, TP.HCM</p>\n\n<p style=\"color: red; font-size: 18px;\"><strong>ΓÅ░ Sß╗É L╞»ß╗óNG C├ô Hß║áN - NHANH TAY Kß║║O Lß╗á!</strong></p>',1,'/storage/photos/shares/Blog/blog-img7.jpg','2026-01-27 03:32:59','2026-01-27 03:32:59'),(214,'Bß║┐p Tß╗½ vs Bß║┐p Gas - N├¬n Chß╗ìn Loß║íi N├áo Cho Gia ─É├¼nh?','bep-tu-vs-bep-gas','So s├ính chi tiß║┐t bß║┐p tß╗½ v├á bß║┐p gas: ╞░u nh╞░ß╗úc ─æiß╗âm, chi ph├¡, ─æß╗Ö an to├án. Gi├║p bß║ín ─æ╞░a ra lß╗▒a chß╗ìn ─æ├║ng ─æß║»n.','<h2>Bß║┐p Tß╗½ vs Bß║┐p Gas</h2>\n<p>Xu h╞░ß╗¢ng sß╗¡ dß╗Ñng bß║┐p tß╗½ ─æang ng├áy c├áng phß╗ò biß║┐n ß╗ƒ Viß╗çt Nam. Vß║¡y bß║┐p tß╗½ c├│ thß╗▒c sß╗▒ tß╗æt h╞ín bß║┐p gas?</p>\n\n<h3>Bß║┐p Tß╗½</h3>\n<p><strong>╞»u ─æiß╗âm:</strong></p>\n<ul>\n    <li>Γ£à An to├án tuyß╗çt ─æß╗æi (kh├┤ng kh├¡ gas, kh├┤ng ch├íy nß╗ò)</li>\n    <li>Γ£à Tiß║┐t kiß╗çm n─âng l╞░ß╗úng 60%</li>\n    <li>Γ£à Vß╗ç sinh dß╗à d├áng (mß║╖t k├¡nh phß║│ng)</li>\n    <li>Γ£à Nß║Ñu nhanh, hiß╗çu suß║Ñt cao</li>\n    <li>Γ£à Nh├á bß║┐p m├ít mß║╗ h╞ín</li>\n</ul>\n\n<p><strong>Nh╞░ß╗úc ─æiß╗âm:</strong></p>\n<ul>\n    <li>Γ¥î Gi├í cao (tß╗½ 3-10 triß╗çu)</li>\n    <li>Γ¥î Chß╗ë d├╣ng nß╗ôi tß╗½ t├¡nh</li>\n    <li>Γ¥î Phß╗Ñ thuß╗Öc ─æiß╗çn (mß║Ñt ─æiß╗çn kh├┤ng nß║Ñu ─æ╞░ß╗úc)</li>\n</ul>\n\n<h3>Bß║┐p Gas</h3>\n<p><strong>╞»u ─æiß╗âm:</strong></p>\n<ul>\n    <li>Γ£à Gi├í rß║╗ (tß╗½ 1-3 triß╗çu)</li>\n    <li>Γ£à D├╣ng mß╗ìi loß║íi nß╗ôi</li>\n    <li>Γ£à Kh├┤ng phß╗Ñ thuß╗Öc ─æiß╗çn</li>\n    <li>Γ£à Quen thuß╗Öc vß╗¢i ng╞░ß╗¥i Viß╗çt</li>\n</ul>\n\n<p><strong>Nh╞░ß╗úc ─æiß╗âm:</strong></p>\n<ul>\n    <li>Γ¥î Nguy hiß╗âm (r├▓ rß╗ë gas, ch├íy nß╗ò)</li>\n    <li>Γ¥î Tß╗æn gas, k├⌐m hiß╗çu quß║ú</li>\n    <li>Γ¥î L├ám n├│ng nh├á bß║┐p</li>\n    <li>Γ¥î Vß╗ç sinh kh├│ kh─ân</li>\n</ul>\n\n<h3>Kß║┐t Luß║¡n</h3>\n<blockquote>\n<p><strong>Chß╗ìn bß║┐p tß╗½</strong> nß║┐u: ╞»u ti├¬n an to├án, tiß║┐t kiß╗çm, vß╗ç sinh dß╗à, c├│ ng├ón s├ích.</p>\n<p><strong>Chß╗ìn bß║┐p gas</strong> nß║┐u: Ng├ón s├ích thß║Ñp, nh├á hay mß║Ñt ─æiß╗çn, quen d├╣ng gas.</p>\n</blockquote>\n\n<p><strong>Gß╗úi ├╜:</strong> Nhiß╗üu gia ─æ├¼nh hiß╗çn d├╣ng cß║ú 2 loß║íi ─æß╗â linh hoß║ít!</p>',1,'/storage/photos/shares/Blog/blog-img8.jpg','2026-01-10 03:32:59','2026-01-10 03:32:59'),(215,'Top 7 Loa Bluetooth Mini Gi├í Rß║╗ - ├ém Thanh Chß║Ñt L╞░ß╗úng Cao','top-7-loa-bluetooth-mini-gia-re','Kh├ím ph├í 7 mß║½u loa Bluetooth mini gi├í d╞░ß╗¢i 1 triß╗çu, chß║Ñt l╞░ß╗úng ├óm thanh tß╗æt, thiß║┐t kß║┐ ─æß║╣p, pin tr├óu.','<h2>Loa Bluetooth Mini - Nhß╗Å Gß╗ìn Nh╞░ng Chß║Ñt L╞░ß╗úng</h2>\n<p>Bß║ín muß╗æn nghe nhß║íc mß╗ìi l├║c, mß╗ìi n╞íi? Loa Bluetooth mini ch├¡nh l├á lß╗▒a chß╗ìn ho├án hß║úo! D╞░ß╗¢i ─æ├óy l├á top 7 mß║½u gi├í tß╗æt nhß║Ñt.</p>\n\n<h3>1. JBL Go 3</h3>\n<ul>\n    <li>Thiß║┐t kß║┐ nhß╗Å gß╗ìn, nhiß╗üu m├áu sß║»c</li>\n    <li>Chß╗æng n╞░ß╗¢c IP67</li>\n    <li>Pin 5 giß╗¥</li>\n    <li><strong>Gi├í: 690.000Γé½</strong></li>\n</ul>\n\n<h3>2. Sony SRS-XB13</h3>\n<ul>\n    <li>Bass mß║ính mß║╜, ├óm thanh trong trß║╗o</li>\n    <li>Chß╗æng n╞░ß╗¢c IP67</li>\n    <li>Pin 16 giß╗¥</li>\n    <li><strong>Gi├í: 990.000Γé½</strong></li>\n</ul>\n\n<h3>3. Anker Soundcore Mini 3</h3>\n<ul>\n    <li>EQ t├╣y chß╗ënh qua app</li>\n    <li>PartyCast kß║┐t nß╗æi 100+ loa</li>\n    <li>Pin 15 giß╗¥</li>\n    <li><strong>Gi├í: 850.000Γé½</strong></li>\n</ul>\n\n<h3>4. Xiaomi Mi Portable Bluetooth Speaker</h3>\n<ul>\n    <li>Thiß║┐t kß║┐ tr├▓n, gß╗ìn nhß║╣</li>\n    <li>Gi├í rß║╗ nhß║Ñt</li>\n    <li>Pin 10 giß╗¥</li>\n    <li><strong>Gi├í: 390.000Γé½</strong></li>\n</ul>\n\n<h3>L╞░u ├¥ Khi Mua</h3>\n<ol>\n    <li><strong>C├┤ng suß║Ñt:</strong> Tß╗½ 3W-5W l├á ─æß╗º cho c├í nh├ón</li>\n    <li><strong>Pin:</strong> N├¬n chß╗ìn pin tr├¬n 10 giß╗¥</li>\n    <li><strong>Chß╗æng n╞░ß╗¢c:</strong> IPX4 trß╗ƒ l├¬n nß║┐u d├╣ng ngo├ái trß╗¥i</li>\n    <li><strong>Kß║┐t nß╗æi:</strong> Bluetooth 5.0 trß╗ƒ l├¬n cho ß╗òn ─æß╗ïnh</li>\n</ol>',1,'/storage/photos/shares/Blog/blog-img9.jpg','2026-01-08 03:32:59','2026-01-08 03:32:59');
/*!40000 ALTER TABLE `article` ENABLE KEYS */;
UNLOCK TABLES;

--
-- Table structure for table `banner`
--

DROP TABLE IF EXISTS `banner`;
/*!40101 SET @saved_cs_client     = @@character_set_client */;
/*!40101 SET character_set_client = utf8 */;
CREATE TABLE `banner` (
  `id` bigint(20) unsigned NOT NULL AUTO_INCREMENT,
  `b_name` varchar(255) DEFAULT NULL,
  `b_image` varchar(255) DEFAULT NULL,
  `b_discount` varchar(255) DEFAULT NULL,
  `b_active` tinyint(4) NOT NULL DEFAULT 1,
  `b_sale` int(11) NOT NULL DEFAULT 0,
  `created_at` timestamp NULL DEFAULT NULL,
  `updated_at` timestamp NULL DEFAULT NULL,
  PRIMARY KEY (`id`),
  UNIQUE KEY `banner_b_name_unique` (`b_name`),
  KEY `banner_b_active_index` (`b_active`),
  KEY `banner_b_sale_index` (`b_sale`)
) ENGINE=InnoDB AUTO_INCREMENT=6 DEFAULT CHARSET=utf8mb4 COLLATE=utf8mb4_unicode_ci;
/*!40101 SET character_set_client = @saved_cs_client */;

--
-- Dumping data for table `banner`
--

LOCK TABLES `banner` WRITE;
/*!40000 ALTER TABLE `banner` DISABLE KEYS */;
INSERT INTO `banner` VALUES (1,'banner 1','/storage/photos/Banner/slide_3_img.webp',NULL,0,0,'2025-06-16 01:24:53','2025-06-16 01:24:53'),(2,'banner 2','/storage/photos/Banner/slide_7_img.webp','15',0,0,'2024-04-17 08:19:58','2025-06-16 00:45:04'),(3,'banner 3','/storage/photos/Banner/slide_1_img.webp','10',0,0,'2024-04-17 08:20:12','2025-06-16 00:45:07'),(4,'banner 4','/storage/photos/Banner/collection_banner1.webp',NULL,0,0,'2024-04-27 20:35:11','2025-06-16 00:45:08'),(5,'banner 6','/storage/photos/Banner/collection_banner5.webp','5',0,0,'2025-06-16 00:43:45','2025-06-16 00:45:10');
/*!40000 ALTER TABLE `banner` ENABLE KEYS */;
UNLOCK TABLES;

--
-- Table structure for table `carts`
--

DROP TABLE IF EXISTS `carts`;
/*!40101 SET @saved_cs_client     = @@character_set_client */;
/*!40101 SET character_set_client = utf8 */;
CREATE TABLE `carts` (
  `id` int(10) unsigned NOT NULL AUTO_INCREMENT,
  `pro_id` varchar(255) DEFAULT NULL,
  `price` longtext DEFAULT NULL,
  `quantity` int(11) NOT NULL DEFAULT 0,
  `created_at` timestamp NULL DEFAULT NULL,
  `updated_at` timestamp NULL DEFAULT NULL,
  `name` varchar(255) NOT NULL DEFAULT '0',
  `image` varchar(255) DEFAULT NULL,
  `user_id` varchar(255) NOT NULL,
  PRIMARY KEY (`id`),
  KEY `carts_quantity_index` (`quantity`)
) ENGINE=InnoDB AUTO_INCREMENT=137 DEFAULT CHARSET=utf8mb4 COLLATE=utf8mb4_unicode_ci;
/*!40101 SET character_set_client = @saved_cs_client */;

--
-- Dumping data for table `carts`
--

LOCK TABLES `carts` WRITE;
/*!40000 ALTER TABLE `carts` DISABLE KEYS */;
INSERT INTO `carts` VALUES (133,'34','17900000',1,NULL,NULL,'Smart Tivi NanoCell LG 4K 65 inch 65NANO76SQA','/storage/photos/product/smart-nanocell-lg-4k-65-inch-65nano76sqa.jpg','5'),(134,'32','6100000',1,NULL,NULL,'M├íy lß║ính Midea Inverter 1 HP MAFA-09CDN8','/storage/photos/product/midea-inverter-1-hp-mafa-09cdn8-2.jpg','5'),(135,'25','19000000',1,NULL,NULL,'Laptop Dell Inspiron 15 3530 i5 1335U','/storage/photos/vi-vn-dell-inspiron-15-3530-i5-71014840-slider-1.jpg',''),(136,'27','30000000',1,NULL,NULL,'─Éiß╗çn thoß║íi iPhone 15 Pro Max 256GB','/storage/photos/iphone-15-pro-max-black-1-1.jpg','');
/*!40000 ALTER TABLE `carts` ENABLE KEYS */;
UNLOCK TABLES;

--
-- Table structure for table `category`
--

DROP TABLE IF EXISTS `category`;
/*!40101 SET @saved_cs_client     = @@character_set_client */;
/*!40101 SET character_set_client = utf8 */;
CREATE TABLE `category` (
  `id` int(10) unsigned NOT NULL AUTO_INCREMENT,
  `c_name` varchar(255) NOT NULL,
  `c_slug` varchar(255) NOT NULL,
  `c_active` tinyint(4) NOT NULL DEFAULT 1,
  `created_at` timestamp NULL DEFAULT NULL,
  `updated_at` timestamp NULL DEFAULT NULL,
  `c_parent` int(11) NOT NULL DEFAULT 0,
  PRIMARY KEY (`id`),
  UNIQUE KEY `category_c_name_unique` (`c_name`),
  KEY `category_c_slug_index` (`c_slug`),
  KEY `category_c_active_index` (`c_active`),
  KEY `category_c_parent_index` (`c_parent`)
) ENGINE=InnoDB AUTO_INCREMENT=55 DEFAULT CHARSET=utf8mb4 COLLATE=utf8mb4_unicode_ci;
/*!40101 SET character_set_client = @saved_cs_client */;

--
-- Dumping data for table `category`
--

LOCK TABLES `category` WRITE;
/*!40000 ALTER TABLE `category` DISABLE KEYS */;
INSERT INTO `category` VALUES (1,'LAPTOP','laptop',1,'2026-01-28 03:54:44','2026-01-28 03:54:44',0),(2,'─ÉIß╗åN THOß║áI','dien-thoai',1,'2026-01-28 03:54:44','2026-01-28 03:54:44',0),(3,'GIA Dß╗ñNG','gia-dung',1,'2026-01-28 03:54:44','2026-01-28 03:54:44',0),(4,'TIVI','tivi',1,'2026-01-28 03:54:44','2026-01-28 03:54:44',0),(5,'PHß╗ñ KIß╗åN','phu-kien',1,'2026-01-28 03:54:44','2026-01-28 03:54:44',0),(10,'DELL','dell',1,'2026-01-28 03:54:44','2026-01-28 03:54:44',1),(11,'ACER','acer',1,'2026-01-28 03:54:44','2026-01-28 03:54:44',1),(12,'ASUS','asus',1,'2026-01-28 03:54:44','2026-01-28 03:54:44',1),(13,'HP','hp',1,'2026-01-28 03:54:44','2026-01-28 03:54:44',1),(14,'LENOVO','lenovo',1,'2026-01-28 03:54:44','2026-01-28 03:54:44',1),(15,'MSI','msi',1,'2026-01-28 03:54:44','2026-01-28 03:54:44',1),(20,'iPhone','iphone',1,'2026-01-28 03:54:44','2026-01-28 03:54:44',2),(21,'Samsung','samsung',1,'2026-01-28 03:54:44','2026-01-28 03:54:44',2),(22,'Xiaomi','xiaomi',1,'2026-01-28 03:54:44','2026-01-28 03:54:44',2),(23,'OPPO','oppo',1,'2026-01-28 03:54:44','2026-01-28 03:54:44',2),(24,'Vivo','vivo',1,'2026-01-28 03:54:44','2026-01-28 03:54:44',2),(30,'Tß╗º Lß║ính','tu-lanh',1,'2026-01-28 03:54:44','2026-01-28 03:54:44',3),(31,'M├íy Giß║╖t','may-giat',1,'2026-01-28 03:54:44','2026-01-28 03:54:44',3),(32,'─Éiß╗üu H├▓a','dieu-hoa',1,'2026-01-28 03:54:44','2026-01-28 03:54:44',3),(33,'Nß╗ôi C╞ím ─Éiß╗çn','noi-com-dien',1,'2026-01-28 03:54:44','2026-01-28 03:54:44',3),(34,'L├▓ Vi S├│ng','lo-vi-song',1,'2026-01-28 03:54:44','2026-01-28 03:54:44',3),(40,'Samsung TV','samsung-tv',1,'2026-01-28 03:54:44','2026-01-28 03:54:44',4),(41,'LG TV','lg-tv',1,'2026-01-28 03:54:44','2026-01-28 03:54:44',4),(42,'Sony TV','sony-tv',1,'2026-01-28 03:54:44','2026-01-28 03:54:44',4),(43,'TCL TV','tcl-tv',1,'2026-01-28 03:54:44','2026-01-28 03:54:44',4),(50,'Tai Nghe','tai-nghe',1,'2026-01-28 03:54:44','2026-01-28 03:54:44',5),(51,'Chuß╗Öt','chuot',1,'2026-01-28 03:54:44','2026-01-28 03:54:44',5),(52,'B├án Ph├¡m','ban-phim',1,'2026-01-28 03:54:44','2026-01-28 03:54:44',5),(53,'Loa','loa',1,'2026-01-28 03:54:44','2026-01-28 03:54:44',5),(54,'Sß║íc Dß╗▒ Ph├▓ng','sac-du-phong',1,'2026-01-28 03:54:44','2026-01-28 03:54:44',5);
/*!40000 ALTER TABLE `category` ENABLE KEYS */;
UNLOCK TABLES;

--
-- Table structure for table `contacts`
--

DROP TABLE IF EXISTS `contacts`;
/*!40101 SET @saved_cs_client     = @@character_set_client */;
/*!40101 SET character_set_client = utf8 */;
CREATE TABLE `contacts` (
  `id` int(10) unsigned NOT NULL AUTO_INCREMENT,
  `con_name` varchar(255) DEFAULT NULL,
  `con_phone` varchar(255) DEFAULT NULL,
  `con_email` varchar(255) DEFAULT NULL,
  `con_title` varchar(255) DEFAULT NULL,
  `con_message` text DEFAULT NULL,
  `con_status` tinyint(4) NOT NULL DEFAULT 0,
  `created_at` timestamp NULL DEFAULT NULL,
  `updated_at` timestamp NULL DEFAULT NULL,
  PRIMARY KEY (`id`)
) ENGINE=InnoDB AUTO_INCREMENT=14 DEFAULT CHARSET=utf8mb4 COLLATE=utf8mb4_unicode_ci;
/*!40101 SET character_set_client = @saved_cs_client */;

--
-- Dumping data for table `contacts`
--

LOCK TABLES `contacts` WRITE;
/*!40000 ALTER TABLE `contacts` DISABLE KEYS */;
INSERT INTO `contacts` VALUES (2,'ggg','67467','lv@gmail.com','yutyutu','sddd─æ',0,'2024-04-18 10:11:23','2024-04-18 10:11:23'),(3,'e32e','3e2e','23e2','e23e32','e23e',0,'2024-04-20 20:06:43','2024-04-20 20:06:43'),(4,'Ch├║. Sß╗¡ Mß╗╣','84-20-551-9922','nhiem.thao@example.com','Pariatur consectetur fuga facere natus tenetur dolor error quia.','Facilis provident magnam cum sed tempore voluptas. Rem tempora iusto mollitia officiis placeat placeat praesentium sint. Ipsum asperiores adipisci qui iure nisi qui.',0,'2026-01-04 23:37:58','2026-01-20 23:37:58'),(5,'├öng. Tß╗æng Khai D╞░╞íng','(0124)214-0543','ilo@example.net','Non expedita a praesentium.','Consequatur in eos asperiores nesciunt consequatur. Eum vero impedit et et dicta dolor dolor sed.',0,'2025-12-23 23:37:58','2025-12-24 23:37:58'),(6,'Bß║ích ─É├┤ng Hi├¬n','+84-321-592-6349','thieu.duong@example.com','Rerum necessitatibus eum laboriosam dolorem repellendus et atque dolores.','Recusandae voluptatibus vel eos. Necessitatibus tenetur suscipit aut laudantium culpa non. Et quo ipsa voluptas dicta.',0,'2026-01-19 23:37:58','2025-12-29 23:37:58'),(7,'Chß╗¡ My','070 085 2046','van.tue@example.org','Dolores et ea rem omnis.','Totam quo fugit tenetur. Deleniti consequatur eveniet debitis nulla. Sint eligendi facilis porro voluptatibus.',0,'2025-12-23 23:37:58','2026-01-05 23:37:58'),(8,'Anh. Mß║ích D╞░╞íng','053 765 3240','la.binh@example.com','Consequuntur officia est neque laudantium et facere debitis sint.','Fugit quod perferendis et iste vero. Optio consequatur pariatur sapiente sequi expedita voluptatem. Aut a porro id sed maxime.',0,'2026-01-06 23:37:58','2026-01-02 23:37:58'),(9,'Lß║íc Nghß╗ï','(077)510-6073','vung@example.org','Est vel alias magnam qui porro velit.','At occaecati esse sapiente nostrum harum et. Aut veritatis sit incidunt eligendi qui voluptatem.',0,'2026-01-02 23:37:58','2026-01-11 23:37:58'),(10,'Cß╗Ñ. Huß╗│nh Duy','059-205-0756','au.minh@example.com','Tempora dignissimos iste sed reiciendis dolorum quo facere.','Omnis a cupiditate aut et autem est. Sed doloribus quas sed eum reiciendis omnis corporis. Quia ratione autem aut assumenda nihil ea.',0,'2026-01-20 23:37:58','2026-01-11 23:37:58'),(11,'H├áng Tr╞░ß╗¥ng','84-125-578-2711','lan.trung@example.org','Sint expedita consequatur qui illum.','Soluta ut nisi vitae minus voluptate aut temporibus temporibus. Est quis rem expedita et qui et pariatur.',0,'2026-01-06 23:37:58','2026-01-02 23:37:58'),(12,'C├┤. H├á Ph╞░ß╗¢c','84-90-149-6621','hpho@example.com','Molestiae nesciunt ut dolorem fuga.','Sit eum non inventore aperiam sapiente aspernatur et. Aut quae architecto est eum saepe occaecati.',0,'2026-01-03 23:37:58','2025-12-31 23:37:58'),(13,'Cß╗Ñ. H├╣ng Hß╗ông Ch├óu','075 179 4988','xtao@example.net','Dolorum non nam quia maxime sint quia unde.','Eum nobis consectetur ad sit magnam veritatis. Rerum repudiandae eligendi rerum dicta amet ipsum maiores.',0,'2026-01-09 23:37:58','2026-01-13 23:37:58');
/*!40000 ALTER TABLE `contacts` ENABLE KEYS */;
UNLOCK TABLES;

--
-- Table structure for table `failed_jobs`
--

DROP TABLE IF EXISTS `failed_jobs`;
/*!40101 SET @saved_cs_client     = @@character_set_client */;
/*!40101 SET character_set_client = utf8 */;
CREATE TABLE `failed_jobs` (
  `id` bigint(20) unsigned NOT NULL AUTO_INCREMENT,
  `uuid` varchar(255) NOT NULL,
  `connection` text NOT NULL,
  `queue` text NOT NULL,
  `payload` longtext NOT NULL,
  `exception` longtext NOT NULL,
  `failed_at` timestamp NOT NULL DEFAULT current_timestamp(),
  PRIMARY KEY (`id`),
  UNIQUE KEY `failed_jobs_uuid_unique` (`uuid`)
) ENGINE=InnoDB DEFAULT CHARSET=utf8mb4 COLLATE=utf8mb4_unicode_ci;
/*!40101 SET character_set_client = @saved_cs_client */;

--
-- Dumping data for table `failed_jobs`
--

LOCK TABLES `failed_jobs` WRITE;
/*!40000 ALTER TABLE `failed_jobs` DISABLE KEYS */;
/*!40000 ALTER TABLE `failed_jobs` ENABLE KEYS */;
UNLOCK TABLES;

--
-- Table structure for table `import_goods`
--

DROP TABLE IF EXISTS `import_goods`;
/*!40101 SET @saved_cs_client     = @@character_set_client */;
/*!40101 SET character_set_client = utf8 */;
CREATE TABLE `import_goods` (
  `id` int(10) unsigned NOT NULL AUTO_INCREMENT,
  `product_id` int(11) NOT NULL,
  `supplier_id` int(11) NOT NULL,
  `quantity` int(11) NOT NULL,
  `price` int(11) NOT NULL,
  `created_at` timestamp NULL DEFAULT NULL,
  `updated_at` timestamp NULL DEFAULT NULL,
  PRIMARY KEY (`id`)
) ENGINE=InnoDB AUTO_INCREMENT=13 DEFAULT CHARSET=utf8mb4 COLLATE=utf8mb4_unicode_ci;
/*!40101 SET character_set_client = @saved_cs_client */;

--
-- Dumping data for table `import_goods`
--

LOCK TABLES `import_goods` WRITE;
/*!40000 ALTER TABLE `import_goods` DISABLE KEYS */;
INSERT INTO `import_goods` VALUES (2,26,3,3,1000000,'2024-05-14 03:17:25','2024-05-14 03:17:25'),(6,16,8,5,12000000,'2024-05-14 03:32:59','2024-05-14 03:32:59'),(7,27,9,4,20000000,'2024-05-14 08:38:10','2024-05-14 08:38:10'),(8,15,3,10,10000000,'2024-05-14 09:33:39','2024-05-14 09:33:39'),(9,35,3,3,12000000,'2024-05-17 09:34:48','2024-05-17 09:34:48'),(10,25,3,5,16000000,'2024-05-17 18:14:26','2024-05-17 18:14:26'),(11,28,10,4,21000000,'2024-05-18 09:11:42','2024-05-18 09:11:42'),(12,31,3,2,5000000,'2024-05-18 09:39:31','2024-05-18 09:39:31');
/*!40000 ALTER TABLE `import_goods` ENABLE KEYS */;
UNLOCK TABLES;

--
-- Table structure for table `migrations`
--

DROP TABLE IF EXISTS `migrations`;
/*!40101 SET @saved_cs_client     = @@character_set_client */;
/*!40101 SET character_set_client = utf8 */;
CREATE TABLE `migrations` (
  `id` int(10) unsigned NOT NULL AUTO_INCREMENT,
  `migration` varchar(255) NOT NULL,
  `batch` int(11) NOT NULL,
  PRIMARY KEY (`id`)
) ENGINE=InnoDB AUTO_INCREMENT=37 DEFAULT CHARSET=utf8mb4 COLLATE=utf8mb4_unicode_ci;
/*!40101 SET character_set_client = @saved_cs_client */;

--
-- Dumping data for table `migrations`
--

LOCK TABLES `migrations` WRITE;
/*!40000 ALTER TABLE `migrations` DISABLE KEYS */;
INSERT INTO `migrations` VALUES (1,'2014_10_12_100000_create_password_reset_tokens_table',1),(2,'2014_10_12_100000_create_password_resets_table',1),(3,'2019_08_19_000000_create_failed_jobs_table',1),(4,'2019_12_14_000001_create_personal_access_tokens_table',1),(5,'2024_03_12_161756_create_category_table',1),(6,'2024_03_14_144043_create_products_table',1),(7,'2024_03_21_141004_create_article_table',1),(8,'2024_04_10_143146_create_banner_table',1),(9,'2024_04_15_043541_create_users_table',1),(10,'2024_04_17_032956_add_column_to_table_name',1),(11,'2024_04_17_033704_create_carts_table',1),(12,'2024_04_18_163511_create_contact_table',2),(13,'2024_04_18_170722_create_contact_table',3),(14,'2024_04_19_144228_create_transactions_tbale',4),(15,'2024_04_19_144318_create_oders_table',4),(16,'2024_04_19_150301_add_column_to_table_name',5),(17,'2024_04_19_155716_create_transaction_table',6),(18,'2024_04_20_025234_create_rating_table',7),(19,'2024_04_20_030238_add_column_to_table_name',8),(20,'2024_04_22_175804_alter_column_total_pay_in_table_users',9),(21,'2024_04_24_151325_add_column_to_table_name',10),(22,'2024_04_24_162551_create_admin_table',11),(23,'2024_04_26_024017_add_column_to_table_name',12),(24,'2024_04_26_042656_add_column_to_table_name',13),(25,'2024_04_26_172116_create_product_images_table',14),(26,'2024_04_26_172502_create_product_images_table',15),(27,'2024_04_27_030213_create_product_image_table',16),(28,'2024_04_27_032458_create_product_image_table',17),(29,'2024_04_27_153639_add_to_table_name',18),(30,'2024_05_14_082611_create_supplier_table',19),(31,'2024_05_14_090837_create_import_goods_table',20),(32,'2024_05_14_092516_create_import_goods_table',21),(33,'2026_01_15_150000_add_payment_columns_to_transactions_table',22),(35,'2026_01_24_120000_create_wishlists_table',23),(36,'2026_01_28_003929_create_outbox_messages_table',23);
/*!40000 ALTER TABLE `migrations` ENABLE KEYS */;
UNLOCK TABLES;

--
-- Table structure for table `oders`
--

DROP TABLE IF EXISTS `oders`;
/*!40101 SET @saved_cs_client     = @@character_set_client */;
/*!40101 SET character_set_client = utf8 */;
CREATE TABLE `oders` (
  `id` bigint(20) unsigned NOT NULL AUTO_INCREMENT,
  `od_transaction_id` int(11) NOT NULL DEFAULT 0,
  `od_product_id` int(11) NOT NULL DEFAULT 0,
  `od_quantity` tinyint(4) NOT NULL DEFAULT 0,
  `od_price` int(11) NOT NULL DEFAULT 0,
  `od_sale` tinyint(4) NOT NULL DEFAULT 0,
  `created_at` timestamp NULL DEFAULT NULL,
  `updated_at` timestamp NULL DEFAULT NULL,
  `od_cart_id` int(11) NOT NULL DEFAULT 0,
  PRIMARY KEY (`id`),
  KEY `oders_od_transaction_id_index` (`od_transaction_id`),
  KEY `oders_od_product_id_index` (`od_product_id`),
  KEY `oders_od_cart_id_index` (`od_cart_id`)
) ENGINE=InnoDB AUTO_INCREMENT=198 DEFAULT CHARSET=utf8mb4 COLLATE=utf8mb4_unicode_ci;
/*!40101 SET character_set_client = @saved_cs_client */;

--
-- Dumping data for table `oders`
--

LOCK TABLES `oders` WRITE;
/*!40000 ALTER TABLE `oders` DISABLE KEYS */;
INSERT INTO `oders` VALUES (51,30,26,1,90,0,'2024-04-23 02:14:58','2024-04-23 02:14:58',0),(52,31,24,2,1,0,'2024-04-23 02:29:35','2024-04-23 02:29:35',0),(53,31,25,3,100000,0,'2024-04-23 02:29:35','2024-04-23 02:29:35',0),(54,31,26,1,90,0,'2024-04-23 02:29:35','2024-04-23 02:29:35',0),(55,32,27,1,1,0,'2024-04-23 21:30:30','2024-04-23 21:30:30',0),(56,33,28,2,100000,0,'2024-04-23 21:50:32','2024-04-23 21:50:32',0),(57,34,29,1,100000,0,'2024-04-25 19:02:14','2024-04-25 19:02:14',0),(58,35,31,1,100000,0,'2024-04-25 20:05:52','2024-04-25 20:05:52',0),(59,35,32,1,1,0,'2024-04-25 20:05:52','2024-04-25 20:05:52',0),(60,36,33,1,1,0,'2024-04-25 20:10:59','2024-04-25 20:10:59',0),(61,37,34,1,1,0,'2024-04-25 21:04:49','2024-04-25 21:04:49',0),(62,38,0,1,342,0,'2024-04-25 21:30:48','2024-04-25 21:30:48',35),(63,40,1,1,1,0,'2024-04-25 21:35:12','2024-04-25 21:35:12',36),(64,41,1,1,1,0,'2024-04-25 21:36:31','2024-04-25 21:36:31',37),(65,42,1,1,1,0,'2024-04-25 21:43:17','2024-04-25 21:43:17',38),(66,43,1,1,1,0,'2024-04-26 00:45:48','2024-04-26 00:45:48',39),(67,43,2,4,100000,0,'2024-04-26 00:45:48','2024-04-26 00:45:48',40),(68,43,7,5,123,0,'2024-04-26 00:45:48','2024-04-26 00:45:48',41),(69,44,7,1,123,0,'2024-04-26 00:50:51','2024-04-26 00:50:51',42),(70,45,25,2,19000000,0,'2024-05-04 01:58:11','2024-05-04 01:58:11',43),(71,46,24,1,24900000,0,'2024-05-04 02:06:34','2024-05-04 02:06:34',44),(72,47,24,2,24900000,0,'2024-05-04 02:16:37','2024-05-04 02:16:37',45),(73,48,31,4,6490000,0,'2024-05-04 02:18:46','2024-05-04 02:18:46',46),(74,49,25,1,19000000,0,'2024-05-04 03:04:40','2024-05-04 03:04:40',47),(75,50,24,3,24900000,0,'2024-05-04 09:35:59','2024-05-04 09:35:59',48),(76,50,31,2,6490000,0,'2024-05-04 09:35:59','2024-05-04 09:35:59',49),(77,50,27,4,30000000,0,'2024-05-04 09:35:59','2024-05-04 09:35:59',50),(78,51,25,1,19000000,0,'2024-05-05 09:41:24','2024-05-05 09:41:24',51),(79,51,35,4,13600000,0,'2024-05-05 09:41:24','2024-05-05 09:41:24',52),(80,51,30,4,10000000,0,'2024-05-05 09:41:24','2024-05-05 09:41:24',53),(81,52,33,1,14900000,0,'2024-05-05 20:24:18','2024-05-05 20:24:18',54),(82,53,27,1,30000000,0,'2024-05-06 21:42:33','2024-05-06 21:42:33',55),(83,53,30,3,10000000,0,'2024-05-06 21:42:33','2024-05-06 21:42:33',56),(84,54,28,1,22990000,0,'2024-05-06 21:45:07','2024-05-06 21:45:07',57),(85,55,32,3,6100000,0,'2024-05-06 21:48:26','2024-05-06 21:48:26',58),(86,55,34,2,17900000,0,'2024-05-06 21:48:26','2024-05-06 21:48:26',59),(87,56,31,2,6490000,0,'2024-05-07 01:41:28','2024-05-07 01:41:28',60),(88,57,15,6,10900000,0,'2024-05-08 08:14:49','2024-05-08 08:14:49',61),(89,57,30,3,10000000,0,'2024-05-08 08:14:49','2024-05-08 08:14:49',64),(90,57,36,1,11990000,0,'2024-05-08 08:14:49','2024-05-08 08:14:49',65),(91,57,33,3,14900000,0,'2024-05-08 08:14:49','2024-05-08 08:14:49',66),(92,58,15,1,10900000,0,'2024-05-13 08:20:20','2024-05-13 08:20:20',67),(93,58,30,1,10000000,0,'2024-05-13 08:20:20','2024-05-13 08:20:20',68),(94,58,36,2,11990000,0,'2024-05-13 08:20:20','2024-05-13 08:20:20',70),(95,59,34,1,17900000,0,'2024-05-13 09:22:35','2024-05-13 09:22:35',71),(96,60,34,1,17900000,0,'2024-05-13 09:24:43','2024-05-13 09:24:43',72),(97,61,16,1,1190000,0,'2024-05-13 19:38:48','2024-05-13 19:38:48',73),(98,61,27,5,30000000,0,'2024-05-13 19:38:48','2024-05-13 19:38:48',74),(99,61,29,1,19000000,0,'2024-05-13 19:38:48','2024-05-13 19:38:48',75),(100,62,15,1,10900000,0,'2024-05-14 07:42:32','2024-05-14 07:42:32',78),(101,63,15,1,10900000,0,'2024-05-14 07:44:38','2024-05-14 07:44:38',79),(102,64,15,2,10900000,0,'2024-05-14 08:10:45','2024-05-14 08:10:45',80),(103,64,26,2,19900000,0,'2024-05-14 08:10:45','2024-05-14 08:10:45',81),(104,65,15,1,10900000,0,'2024-05-14 08:20:40','2024-05-14 08:20:40',82),(105,66,15,1,10900000,0,'2024-05-14 08:22:05','2024-05-14 08:22:05',83),(106,67,15,1,10900000,0,'2024-05-14 08:23:27','2024-05-14 08:23:27',84),(107,68,15,1,10900000,0,'2024-05-14 08:24:32','2024-05-14 08:24:32',85),(108,69,27,1,30000000,0,'2024-05-14 08:38:47','2024-05-14 08:38:47',86),(109,70,27,2,30000000,0,'2024-05-14 08:40:29','2024-05-14 08:40:29',87),(110,71,15,1,10900000,0,'2024-05-14 08:41:32','2024-05-14 08:41:32',88),(111,72,27,1,30000000,0,'2024-05-14 08:43:23','2024-05-14 08:43:23',89),(112,73,15,1,10900000,0,'2024-05-14 09:03:06','2024-05-14 09:03:06',90),(113,74,27,1,30000000,0,'2024-05-14 09:04:51','2024-05-14 09:04:51',91),(114,75,15,1,10900000,0,'2024-05-17 08:39:56','2024-05-17 08:39:56',92),(115,76,15,1,10900000,0,'2024-05-17 08:58:33','2024-05-17 08:58:33',93),(116,77,15,1,10900000,0,'2024-05-17 09:05:28','2024-05-17 09:05:28',94),(117,78,27,1,30000000,0,'2024-05-17 09:29:00','2024-05-17 09:29:00',96),(118,79,15,1,10900000,0,'2024-05-17 09:32:15','2024-05-17 09:32:15',97),(119,80,27,1,30000000,0,'2024-05-17 09:32:47','2024-05-17 09:32:47',98),(120,81,35,1,13600000,0,'2024-05-17 09:35:28','2024-05-17 09:35:28',99),(121,82,25,1,19000000,0,'2024-05-17 18:14:56','2024-05-17 18:14:56',101),(122,83,29,1,19000000,0,'2024-05-17 18:30:50','2024-05-17 18:30:50',102),(123,84,29,1,19000000,0,'2024-05-17 18:32:13','2024-05-17 18:32:13',103),(124,85,27,1,30000000,0,'2024-05-18 07:55:11','2024-05-18 07:55:11',104),(125,86,27,1,30000000,0,'2024-05-18 19:59:24','2024-05-18 19:59:24',105),(126,86,25,3,19000000,0,'2024-05-18 19:59:24','2024-05-18 19:59:24',106),(127,86,29,1,19000000,0,'2024-05-18 19:59:24','2024-05-18 19:59:24',107),(128,87,27,1,30000000,0,'2025-06-16 00:39:39','2025-06-16 00:39:39',111),(129,88,29,1,19000000,0,'2025-06-16 01:34:48','2025-06-16 01:34:48',112),(130,88,27,1,30000000,0,'2025-06-16 01:34:48','2025-06-16 01:34:48',113),(131,89,29,1,19000000,0,'2025-06-18 01:35:24','2025-06-18 01:35:24',117),(132,89,15,3,10900000,0,'2025-06-18 01:35:24','2025-06-18 01:35:24',118),(133,89,25,2,19000000,0,'2025-06-18 01:35:24','2025-06-18 01:35:24',119),(134,89,25,1,19000000,0,'2025-06-18 01:35:24','2025-06-18 01:35:24',120),(135,90,35,1,13600000,0,'2026-01-14 02:32:15','2026-01-14 02:32:15',121),(136,90,25,2,19000000,0,'2026-01-14 02:32:15','2026-01-14 02:32:15',122),(137,90,25,1,19000000,0,'2026-01-14 02:32:15','2026-01-14 02:32:15',123),(138,91,29,1,19000000,0,'2026-01-14 02:50:10','2026-01-14 02:50:10',124),(139,94,15,2,1746877,0,'2026-01-17 23:37:57','2026-01-17 23:37:57',0),(140,94,28,1,315453,0,'2026-01-17 23:37:57','2026-01-17 23:37:57',0),(141,94,35,1,1721946,0,'2026-01-17 23:37:57','2026-01-17 23:37:57',0),(142,95,16,3,2629900,0,'2026-01-13 23:37:57','2026-01-13 23:37:57',0),(143,95,27,2,1265422,0,'2026-01-13 23:37:57','2026-01-13 23:37:57',0),(144,95,30,3,2853858,0,'2026-01-13 23:37:57','2026-01-13 23:37:57',0),(145,96,26,1,216124,0,'2026-01-14 23:37:57','2026-01-14 23:37:57',0),(146,96,29,1,699476,0,'2026-01-14 23:37:57','2026-01-14 23:37:57',0),(147,97,36,2,2463060,0,'2026-01-20 23:37:57','2026-01-20 23:37:57',0),(148,97,26,1,125270,0,'2026-01-20 23:37:57','2026-01-20 23:37:57',0),(149,98,31,1,2946667,0,'2026-01-03 23:37:57','2026-01-03 23:37:57',0),(150,99,36,2,2289951,0,'2025-12-26 23:37:57','2025-12-26 23:37:57',0),(151,100,15,3,1222891,0,'2026-01-21 23:37:57','2026-01-21 23:37:57',0),(152,100,28,2,294354,0,'2026-01-21 23:37:57','2026-01-21 23:37:57',0),(153,101,16,2,1664313,0,'2025-12-29 23:37:57','2025-12-29 23:37:57',0),(154,101,16,2,660002,0,'2025-12-29 23:37:57','2025-12-29 23:37:57',0),(155,101,26,1,199794,0,'2025-12-29 23:37:57','2025-12-29 23:37:57',0),(156,102,26,1,160246,0,'2025-12-28 23:37:57','2025-12-28 23:37:57',0),(157,102,35,3,2150093,0,'2025-12-28 23:37:57','2025-12-28 23:37:57',0),(158,103,25,2,530120,0,'2026-01-09 23:37:57','2026-01-09 23:37:57',0),(159,104,32,2,958768,0,'2026-01-11 23:37:58','2026-01-11 23:37:58',0),(160,105,27,2,1515832,0,'2026-01-09 23:37:58','2026-01-09 23:37:58',0),(161,106,27,3,772406,0,'2026-01-09 23:37:58','2026-01-09 23:37:58',0),(162,107,36,1,2945302,0,'2026-01-02 23:37:58','2026-01-02 23:37:58',0),(163,107,33,1,1527536,0,'2026-01-02 23:37:58','2026-01-02 23:37:58',0),(164,107,34,1,2869849,0,'2026-01-02 23:37:58','2026-01-02 23:37:58',0),(165,108,30,1,2261600,0,'2025-12-24 23:37:58','2025-12-24 23:37:58',0),(166,108,27,1,1928462,0,'2025-12-24 23:37:58','2025-12-24 23:37:58',0),(167,109,32,3,2031925,0,'2025-12-23 23:37:58','2025-12-23 23:37:58',0),(168,109,26,1,2938930,0,'2025-12-23 23:37:58','2025-12-23 23:37:58',0),(169,109,31,2,914988,0,'2025-12-23 23:37:58','2025-12-23 23:37:58',0),(170,110,30,2,1891611,0,'2025-12-27 23:37:58','2025-12-27 23:37:58',0),(171,111,25,2,579897,0,'2026-01-01 23:37:58','2026-01-01 23:37:58',0),(172,111,25,2,2374054,0,'2026-01-01 23:37:58','2026-01-01 23:37:58',0),(173,112,33,1,2343043,0,'2026-01-18 23:37:58','2026-01-18 23:37:58',0),(174,112,29,2,1575341,0,'2026-01-18 23:37:58','2026-01-18 23:37:58',0),(175,112,16,3,665505,0,'2026-01-18 23:37:58','2026-01-18 23:37:58',0),(176,113,24,1,658808,0,'2025-12-28 23:37:58','2025-12-28 23:37:58',0),(177,114,35,3,1063422,0,'2026-01-18 23:37:58','2026-01-18 23:37:58',0),(178,115,33,1,1002688,0,'2026-01-17 23:37:58','2026-01-17 23:37:58',0),(179,115,25,3,2505240,0,'2026-01-17 23:37:58','2026-01-17 23:37:58',0),(180,116,35,1,1586307,0,'2026-01-20 23:37:58','2026-01-20 23:37:58',0),(181,117,36,1,1167814,0,'2026-01-05 23:37:58','2026-01-05 23:37:58',0),(182,117,33,2,2702631,0,'2026-01-05 23:37:58','2026-01-05 23:37:58',0),(183,118,36,1,2515724,0,'2026-01-08 23:37:58','2026-01-08 23:37:58',0),(184,118,34,1,2882009,0,'2026-01-08 23:37:58','2026-01-08 23:37:58',0),(185,118,35,3,2646012,0,'2026-01-08 23:37:58','2026-01-08 23:37:58',0),(186,119,31,3,994874,0,'2025-12-27 23:37:58','2025-12-27 23:37:58',0),(187,120,28,1,598096,0,'2026-01-03 23:37:58','2026-01-03 23:37:58',0),(188,121,15,1,625717,0,'2026-01-16 23:37:58','2026-01-16 23:37:58',0),(189,121,36,2,2304909,0,'2026-01-16 23:37:58','2026-01-16 23:37:58',0),(190,122,16,3,1449697,0,'2026-01-21 23:37:58','2026-01-21 23:37:58',0),(191,122,29,2,678244,0,'2026-01-21 23:37:58','2026-01-21 23:37:58',0),(192,123,28,1,2329035,0,'2026-01-01 23:37:58','2026-01-01 23:37:58',0),(193,124,31,1,6490000,0,'2026-01-22 21:07:46','2026-01-22 21:07:46',127),(194,125,31,1,6490000,0,'2026-01-22 21:23:28','2026-01-22 21:23:28',127),(195,126,27,1,30000000,0,'2026-01-23 17:25:32','2026-01-23 17:25:32',129),(196,126,29,1,19000000,0,'2026-01-23 17:25:32','2026-01-23 17:25:32',131),(197,126,25,1,19000000,0,'2026-01-23 17:25:32','2026-01-23 17:25:32',132);
/*!40000 ALTER TABLE `oders` ENABLE KEYS */;
UNLOCK TABLES;

--
-- Table structure for table `outbox_messages`
--

DROP TABLE IF EXISTS `outbox_messages`;
/*!40101 SET @saved_cs_client     = @@character_set_client */;
/*!40101 SET character_set_client = utf8 */;
CREATE TABLE `outbox_messages` (
  `id` bigint(20) unsigned NOT NULL AUTO_INCREMENT,
  `aggregate_type` varchar(255) NOT NULL COMMENT 'Entity type: Product, Order, User, etc',
  `aggregate_id` bigint(20) unsigned NOT NULL COMMENT 'Entity ID',
  `event_type` varchar(255) NOT NULL COMMENT 'Event name: ProductCreated, OrderPlaced, etc',
  `payload` longtext CHARACTER SET utf8mb4 COLLATE utf8mb4_bin NOT NULL COMMENT 'Event data in JSON format' CHECK (json_valid(`payload`)),
  `occurred_at` timestamp NOT NULL DEFAULT current_timestamp() COMMENT 'Event timestamp',
  `published` tinyint(1) NOT NULL DEFAULT 0 COMMENT 'Is published to queue?',
  `published_at` timestamp NULL DEFAULT NULL COMMENT 'Published timestamp',
  `created_at` timestamp NULL DEFAULT NULL,
  `updated_at` timestamp NULL DEFAULT NULL,
  PRIMARY KEY (`id`),
  KEY `outbox_messages_published_occurred_at_index` (`published`,`occurred_at`),
  KEY `outbox_messages_aggregate_type_aggregate_id_index` (`aggregate_type`,`aggregate_id`)
) ENGINE=InnoDB DEFAULT CHARSET=utf8mb4 COLLATE=utf8mb4_unicode_ci;
/*!40101 SET character_set_client = @saved_cs_client */;

--
-- Dumping data for table `outbox_messages`
--

LOCK TABLES `outbox_messages` WRITE;
/*!40000 ALTER TABLE `outbox_messages` DISABLE KEYS */;
/*!40000 ALTER TABLE `outbox_messages` ENABLE KEYS */;
UNLOCK TABLES;

--
-- Table structure for table `password_reset_tokens`
--

DROP TABLE IF EXISTS `password_reset_tokens`;
/*!40101 SET @saved_cs_client     = @@character_set_client */;
/*!40101 SET character_set_client = utf8 */;
CREATE TABLE `password_reset_tokens` (
  `email` varchar(255) NOT NULL,
  `token` varchar(255) NOT NULL,
  `created_at` timestamp NULL DEFAULT NULL,
  PRIMARY KEY (`email`)
) ENGINE=InnoDB DEFAULT CHARSET=utf8mb4 COLLATE=utf8mb4_unicode_ci;
/*!40101 SET character_set_client = @saved_cs_client */;

--
-- Dumping data for table `password_reset_tokens`
--

LOCK TABLES `password_reset_tokens` WRITE;
/*!40000 ALTER TABLE `password_reset_tokens` DISABLE KEYS */;
/*!40000 ALTER TABLE `password_reset_tokens` ENABLE KEYS */;
UNLOCK TABLES;

--
-- Table structure for table `password_resets`
--

DROP TABLE IF EXISTS `password_resets`;
/*!40101 SET @saved_cs_client     = @@character_set_client */;
/*!40101 SET character_set_client = utf8 */;
CREATE TABLE `password_resets` (
  `email` varchar(255) NOT NULL,
  `token` varchar(255) NOT NULL,
  `created_at` timestamp NULL DEFAULT NULL,
  KEY `password_resets_email_index` (`email`)
) ENGINE=InnoDB DEFAULT CHARSET=utf8mb4 COLLATE=utf8mb4_unicode_ci;
/*!40101 SET character_set_client = @saved_cs_client */;

--
-- Dumping data for table `password_resets`
--

LOCK TABLES `password_resets` WRITE;
/*!40000 ALTER TABLE `password_resets` DISABLE KEYS */;
/*!40000 ALTER TABLE `password_resets` ENABLE KEYS */;
UNLOCK TABLES;

--
-- Table structure for table `personal_access_tokens`
--

DROP TABLE IF EXISTS `personal_access_tokens`;
/*!40101 SET @saved_cs_client     = @@character_set_client */;
/*!40101 SET character_set_client = utf8 */;
CREATE TABLE `personal_access_tokens` (
  `id` bigint(20) unsigned NOT NULL AUTO_INCREMENT,
  `tokenable_type` varchar(255) NOT NULL,
  `tokenable_id` bigint(20) unsigned NOT NULL,
  `name` varchar(255) NOT NULL,
  `token` varchar(64) NOT NULL,
  `abilities` text DEFAULT NULL,
  `last_used_at` timestamp NULL DEFAULT NULL,
  `expires_at` timestamp NULL DEFAULT NULL,
  `created_at` timestamp NULL DEFAULT NULL,
  `updated_at` timestamp NULL DEFAULT NULL,
  PRIMARY KEY (`id`),
  UNIQUE KEY `personal_access_tokens_token_unique` (`token`),
  KEY `personal_access_tokens_tokenable_type_tokenable_id_index` (`tokenable_type`,`tokenable_id`)
) ENGINE=InnoDB DEFAULT CHARSET=utf8mb4 COLLATE=utf8mb4_unicode_ci;
/*!40101 SET character_set_client = @saved_cs_client */;

--
-- Dumping data for table `personal_access_tokens`
--

LOCK TABLES `personal_access_tokens` WRITE;
/*!40000 ALTER TABLE `personal_access_tokens` DISABLE KEYS */;
/*!40000 ALTER TABLE `personal_access_tokens` ENABLE KEYS */;
UNLOCK TABLES;

--
-- Table structure for table `product_image`
--

DROP TABLE IF EXISTS `product_image`;
/*!40101 SET @saved_cs_client     = @@character_set_client */;
/*!40101 SET character_set_client = utf8 */;
CREATE TABLE `product_image` (
  `id` int(10) unsigned NOT NULL AUTO_INCREMENT,
  `product_id` int(11) DEFAULT NULL,
  `img_product` varchar(255) DEFAULT NULL,
  `created_at` timestamp NULL DEFAULT NULL,
  `updated_at` timestamp NULL DEFAULT NULL,
  PRIMARY KEY (`id`)
) ENGINE=InnoDB AUTO_INCREMENT=117 DEFAULT CHARSET=utf8mb4 COLLATE=utf8mb4_unicode_ci;
/*!40101 SET character_set_client = @saved_cs_client */;

--
-- Dumping data for table `product_image`
--

LOCK TABLES `product_image` WRITE;
/*!40000 ALTER TABLE `product_image` DISABLE KEYS */;
INSERT INTO `product_image` VALUES (44,15,'1714291739-product_detail.-vi-vn-dell-vostro-3520-i3-v5i3614w1--(3).jpg','2024-04-28 01:08:59','2024-04-28 01:08:59'),(45,15,'1714291739-product_detail.-vi-vn-dell-vostro-3520-i3-v5i3614w1--(4).jpg','2024-04-28 01:08:59','2024-04-28 01:08:59'),(46,15,'1714291739-product_detail.-vi-vn-dell-vostro-3520-i3-v5i3614w1--(5).jpg','2024-04-28 01:08:59','2024-04-28 01:08:59'),(50,16,'1714294980-product_detail.-vi-vn-dell-inspiron-3520-i3-71003264-slider-5.jpg','2024-04-28 02:03:00','2024-04-28 02:03:00'),(51,16,'1714294980-product_detail.-vi-vn-dell-inspiron-3520-i3-71003264-slider-6.jpg','2024-04-28 02:03:00','2024-04-28 02:03:00'),(52,16,'1714294980-product_detail.-vi-vn-dell-inspiron-3520-i3-71003264-slider-7.jpg','2024-04-28 02:03:00','2024-04-28 02:03:00'),(56,17,'1714295826-product_detail.-vi-vn-dell-inspiron-15-3530-i5-n5i5791w1-slider-2.jpg','2024-04-28 02:17:06','2024-04-28 02:17:06'),(57,17,'1714295826-product_detail.-vi-vn-dell-inspiron-15-3530-i5-n5i5791w1-slider-3.jpg','2024-04-28 02:17:06','2024-04-28 02:17:06'),(58,17,'1714295826-product_detail.-vi-vn-dell-inspiron-15-3530-i5-n5i5791w1-slider-4.jpg','2024-04-28 02:17:06','2024-04-28 02:17:06'),(64,NULL,'1714296300-product_detail.-vi-vn-dell-inspiron-15-3530-i5-n5i5791w1-slider-4.jpg','2024-04-28 02:25:00','2024-04-28 02:25:00'),(65,NULL,'1714296600-product_detail.-vi-vn-dell-inspiron-15-3530-i5-n5i5791w1-slider-3 - Copy.jpg','2024-04-28 02:30:00','2024-04-28 02:30:00'),(66,NULL,'1714296600-product_detail.-vi-vn-dell-inspiron-15-3530-i5-n5i5791w1-slider-3.jpg','2024-04-28 02:30:00','2024-04-28 02:30:00'),(73,22,'1714531541-product_detail.-vi-vn-dell-inspiron-15-3530-i5-n5i5791w1-slider-1.jpg','2024-04-30 19:45:41','2024-04-30 19:45:41'),(74,22,'1714531541-product_detail.-vi-vn-dell-inspiron-15-3530-i5-n5i5791w1-slider-2.jpg','2024-04-30 19:45:41','2024-04-30 19:45:41'),(75,22,'1714531541-product_detail.-vi-vn-dell-inspiron-15-3530-i5-n5i5791w1-slider-3 - Copy.jpg','2024-04-30 19:45:41','2024-04-30 19:45:41'),(76,23,'1714569537-product_detail.-vi-vn-dell-inspiron-15-3530-i5-n5i5791w1-slider-4.jpg','2024-05-01 06:18:57','2024-05-01 06:18:57'),(77,23,'1714569537-product_detail.-vi-vn-dell-inspiron-3520-i3-71003264-slider-1.jpg','2024-05-01 06:18:57','2024-05-01 06:18:57'),(78,24,'1714665020-product_detail.-vi-vn-dell-inspiron-15-3530-i7-n3530i716w1-slider-4.jpg','2024-05-02 08:50:20','2024-05-02 08:50:20'),(79,24,'1714665020-product_detail.-vi-vn-dell-inspiron-15-3530-i7-n3530i716w1-slider-3.jpg','2024-05-02 08:50:20','2024-05-02 08:50:20'),(80,24,'1714665020-product_detail.-dell-inspiron-15-3530-i7-n3530i716w1-slider-fix-2-2040x1140-1.jpg','2024-05-02 08:50:20','2024-05-02 08:50:20'),(81,25,'1714665172-product_detail.-vi-vn-dell-inspiron-15-3530-i5-71014840-slider-4.jpg','2024-05-02 08:52:52','2024-05-02 08:52:52'),(82,25,'1714665172-product_detail.-vi-vn-dell-inspiron-15-3530-i5-71014840-slider-3.jpg','2024-05-02 08:52:52','2024-05-02 08:52:52'),(83,25,'1714665172-product_detail.-vi-vn-dell-inspiron-15-3530-i5-71014840-slider-2.jpg','2024-05-02 08:52:52','2024-05-02 08:52:52'),(84,26,'1714665861-product_detail.-vi-vn-iphone-15-slider--(3).jpg','2024-05-02 09:04:21','2024-05-02 09:04:21'),(85,26,'1714665861-product_detail.-iphone-15-128gb-vang-2.jpg','2024-05-02 09:04:21','2024-05-02 09:04:21'),(86,26,'1714665861-product_detail.-iphone-15-1-2.jpg','2024-05-02 09:04:21','2024-05-02 09:04:21'),(87,27,'1714666088-product_detail.-iphone-15-pro-max-black-1-1.jpg','2024-05-02 09:08:08','2024-05-02 09:08:08'),(88,27,'1714666088-product_detail.-iphone-15-pro-max-blue-2-1.jpg','2024-05-02 09:08:08','2024-05-02 09:08:08'),(89,27,'1714666088-product_detail.-iphone-15-pro-max-blue-4-1.jpg','2024-05-02 09:08:08','2024-05-02 09:08:08'),(90,28,'1714666237-product_detail.-iphone-15-plus-128gb-den-2.jpg','2024-05-02 09:10:37','2024-05-02 09:10:37'),(91,28,'1714666237-product_detail.-iphone-15-plus-128gb-xanh-la-2.jpg','2024-05-02 09:10:37','2024-05-02 09:10:37'),(92,28,'1714666237-product_detail.-iphone-15-plus-128gb-xanh-la-3.jpg','2024-05-02 09:10:37','2024-05-02 09:10:37'),(93,29,'1714666405-product_detail.-tu-lanh-lg-inverter-470-lit-multi-door-gr-b50bl-2-2.jpg','2024-05-02 09:13:25','2024-05-02 09:13:25'),(94,29,'1714666405-product_detail.-tu-lanh-lg-inverter-470-lit-multi-door-gr-b50bl-4-1.jpg','2024-05-02 09:13:25','2024-05-02 09:13:25'),(95,29,'1714666405-product_detail.-tu-lanh-lg-inverter-470-lit-multi-door-gr-b50bl-13.jpg','2024-05-02 09:13:25','2024-05-02 09:13:25'),(96,30,'1714666576-product_detail.-tu-lanh-casper-inverter-458-lit-side-by-side-rs-460pg-3-2.jpg','2024-05-02 09:16:16','2024-05-02 09:16:16'),(97,30,'1714666576-product_detail.-tu-lanh-casper-inverter-458-lit-side-by-side-rs-460pg-4-1.jpg','2024-05-02 09:16:16','2024-05-02 09:16:16'),(98,30,'1714666576-product_detail.-tu-lanh-casper-inverter-458-lit-side-by-side-rs-460pg-5-1.jpg','2024-05-02 09:16:16','2024-05-02 09:16:16'),(99,31,'1714666739-product_detail.-casper-tc-09is35-4.jpg','2024-05-02 09:18:59','2024-05-02 09:18:59'),(100,31,'1714666739-product_detail.-casper-tc-09is35-6.jpg','2024-05-02 09:18:59','2024-05-02 09:18:59'),(101,31,'1714666739-product_detail.-casper-tc-09is35-8.jpg','2024-05-02 09:18:59','2024-05-02 09:18:59'),(102,32,'1714666886-product_detail.-midea-inverter-1-hp-mafa-09cdn8-6.jpg','2024-05-02 09:21:26','2024-05-02 09:21:26'),(103,32,'1714666886-product_detail.-midea-inverter-1-hp-mafa-09cdn8-8.jpg','2024-05-02 09:21:26','2024-05-02 09:21:26'),(104,32,'1714666886-product_detail.-midea-inverter-1-hp-mafa-09cdn8-9.jpg','2024-05-02 09:21:26','2024-05-02 09:21:26'),(105,33,'1714667182-product_detail.-vi-vn-smart-lg-4k-65-inch-65uq8000psc-2.jpg','2024-05-02 09:26:22','2024-05-02 09:26:22'),(106,33,'1714667182-product_detail.-vi-vn-smart-lg-4k-65-inch-65uq8000psc-3.jpg','2024-05-02 09:26:22','2024-05-02 09:26:22'),(107,33,'1714667182-product_detail.-vi-vn-smart-lg-4k-65-inch-65uq8000psc-5.jpg','2024-05-02 09:26:22','2024-05-02 09:26:22'),(108,34,'1714667306-product_detail.-vi-vn-smart-nanocell-lg-4k-65-inch-65nano76sqa-001.jpg','2024-05-02 09:28:26','2024-05-02 09:28:26'),(109,34,'1714667306-product_detail.-vi-vn-smart-nanocell-lg-4k-65-inch-65nano76sqa-2.gif','2024-05-02 09:28:26','2024-05-02 09:28:26'),(110,34,'1714667306-product_detail.-vi-vn-smart-nanocell-lg-4k-65-inch-65nano76sqa-3.gif','2024-05-02 09:28:26','2024-05-02 09:28:26'),(111,35,'1714667488-product_detail.-vi-vn-smart-nanocell-lg-4k-65-inch-65nano76sqa-2.gif','2024-05-02 09:31:28','2024-05-02 09:31:28'),(112,35,'1714667488-product_detail.-vi-vn-smart-nanocell-lg-4k-65-inch-65nano76sqa-3.gif','2024-05-02 09:31:28','2024-05-02 09:31:28'),(113,35,'1714667488-product_detail.-x77l-1.jpg','2024-05-02 09:31:28','2024-05-02 09:31:28'),(114,36,'1714667602-product_detail.-vi-vn-google-tivi-qled-tcl-4k-65-inch-65q646-05.jpg','2024-05-02 09:33:22','2024-05-02 09:33:22'),(115,36,'1714667602-product_detail.-google-tivi-sony-4k-55-inch-kd-55x77l638239975100406119.jpg','2024-05-02 09:33:22','2024-05-02 09:33:22'),(116,36,'1714667602-product_detail.-google-tivi-sony-4k-55-inch-kd-55x77l638239975104336113.jpg','2024-05-02 09:33:22','2024-05-02 09:33:22');
/*!40000 ALTER TABLE `product_image` ENABLE KEYS */;
UNLOCK TABLES;

--
-- Table structure for table `products`
--

DROP TABLE IF EXISTS `products`;
/*!40101 SET @saved_cs_client     = @@character_set_client */;
/*!40101 SET character_set_client = utf8 */;
CREATE TABLE `products` (
  `id` int(10) unsigned NOT NULL AUTO_INCREMENT,
  `pro_name` varchar(255) DEFAULT NULL,
  `pro_slug` varchar(255) NOT NULL,
  `pro_content` text DEFAULT NULL,
  `pro_category_id` int(11) NOT NULL DEFAULT 0,
  `pro_price` int(11) NOT NULL DEFAULT 0,
  `pro_sale` int(11) NOT NULL DEFAULT 0,
  `pro_active` tinyint(4) NOT NULL DEFAULT 1,
  `pro_hot` tinyint(4) NOT NULL DEFAULT 0,
  `pro_description` text,
  `pro_image` varchar(255) DEFAULT NULL,
  `created_at` timestamp NULL DEFAULT NULL,
  `updated_at` timestamp NULL DEFAULT NULL,
  `quantity` varchar(255) DEFAULT NULL,
  `pro_pay` tinyint(4) NOT NULL DEFAULT 0,
  `pro_total` int(11) NOT NULL DEFAULT 0 COMMENT 'tß╗òng sß╗æ ─æ├ính gi├í',
  `pro_total_number` int(11) NOT NULL DEFAULT 0 COMMENT 'tß╗òng sß╗æ ─æiß╗âm ─æ├ính gi├í',
  PRIMARY KEY (`id`),
  KEY `products_pro_slug_index` (`pro_slug`),
  KEY `products_pro_category_id_index` (`pro_category_id`),
  KEY `products_pro_active_index` (`pro_active`),
  KEY `idx_products_hot_active` (`pro_hot`,`pro_active`),
  KEY `idx_products_active_id` (`pro_active`,`id`),
  KEY `idx_products_active_pay` (`pro_active`,`pro_pay`),
  KEY `idx_products_slug` (`pro_slug`)
) ENGINE=InnoDB AUTO_INCREMENT=37 DEFAULT CHARSET=utf8mb4 COLLATE=utf8mb4_unicode_ci COMMENT='SERVICE_OWNER: Catalog';
/*!40101 SET character_set_client = @saved_cs_client */;

--
-- Dumping data for table `products`
--

LOCK TABLES `products` WRITE;
/*!40000 ALTER TABLE `products` DISABLE KEYS */;
INSERT INTO `products` VALUES (15,'Laptop Dell Vostro 15 3520 i3 1215U','laptop-dell-vostro-15-3520-i3-1215u','<h3><a href=\"https://www.thegioididong.com/laptop/dell-vostro-3520-i3-v5i3614w1\" target=\"_blank\">Laptop Dell Vostro 15 3520 i3 1215U (V5I3614W1)</a>&nbsp;l&agrave; mß╗Öt lß╗▒a chß╗ìn tuyß╗çt vß╗¥i cho nhß╗»ng bß║ín ─æang cß║ºn t&igrave;m mß╗Öt chiß║┐c&nbsp;<a href=\"https://www.thegioididong.com/laptop?g=hoc-tap-van-phong\" target=\"_blank\">laptop hß╗ìc tß║¡p - v─ân ph&ograve;ng</a>&nbsp;sß╗ƒ hß╗»u cß║Ñu h&igrave;nh ß╗òn ─æß╗ïnh, c&oacute; khß║ú n─âng vß║¡n h&agrave;nh tr╞ín tru mß╗ìi t&aacute;c vß╗Ñ th╞░ß╗¥ng ng&agrave;y.</h3>\r\n\r\n<h3>Hiß╗çu n─âng ─æß║ºy ─æß╗º cho ─æa c&ocirc;ng viß╗çc&nbsp;</h3>\r\n\r\n<p><a href=\"https://www.thegioididong.com/laptop-dell\" target=\"_blank\">Laptop Dell</a>&nbsp;─æ╞░ß╗úc t&iacute;ch hß╗úp bß╗Ö vi xß╗¡ l&yacute;&nbsp;<strong>Intel Core i3 1215U</strong>&nbsp;kh&ocirc;ng qu&aacute; mß╗¢i mß║╗ nh╞░ng vß║½n kh&aacute; ─æß╗º d&ugrave;ng cho mß╗ìi t&aacute;c vß╗Ñ m&agrave; m&igrave;nh cß║ºn tß╗½ hß╗ìc tß║¡p, l&agrave;m viß╗çc c╞í bß║ún ─æß║┐n n&acirc;ng cao tr&ecirc;n nhß╗»ng ß╗⌐ng dß╗Ñng cß╗ºa nh&agrave; Microsoft Office, Google nh╞░ Word, Excel, Google Drive,... m&aacute;y c&ograve;n c&oacute; khß║ú n─âng giß║úi quyß║┐t nhanh gß╗ìn c&aacute;c nhiß╗çm vß╗Ñ li&ecirc;n quan ─æß║┐n ─æß╗ô hß╗ìa, m&igrave;nh tß║ío file thiß║┐t kß║┐, chß╗ënh sß╗¡a h&igrave;nh ß║únh c╞í bß║ún tr&ecirc;n ß╗⌐ng dß╗Ñng thuß╗Öc hß╗ç sinh th&aacute;i Adobe ─æß╗üu tr╞ín tru v&agrave; nhß╗ïp nh&agrave;ng nhß╗¥ card t&iacute;ch hß╗úp<strong>&nbsp;Intel UHD Graphics</strong>.</p>\r\n\r\n<p>Bß╗Ö nhß╗¢&nbsp;<strong>RAM 8 GB</strong>&nbsp;cß╗ºa m&aacute;y cho khß║ú n─âng ─æa nhiß╗çm tß╗æt, m&igrave;nh vß╗½a mß╗ƒ Photoshop ─æß╗â chß╗ënh sß╗¡a h&igrave;nh ß║únh trong l&uacute;c chß╗¥ chß╗ìn t╞░ß╗¢ng trong Li&ecirc;n Minh Huyß╗ün Thoß║íi, c┼⌐ng nh╞░ mß╗ƒ th&ecirc;m cß╗¡a sß╗ò Chrome, bß║¡t YouTube ─æß╗â nghe nhß║íc m&agrave; m&aacute;y vß║½n hoß║ít ─æß╗Öng ß╗òn ─æß╗ïnh. Trong qu&aacute; tr&igrave;nh sß╗¡ dß╗Ñng xuy&ecirc;n suß╗æt ─æ&acirc;u ─æ&oacute; tß║ºm 2 tuß║ºn, m&igrave;nh nhß║¡n thß║Ñy viß╗çc mß╗ƒ tß╗½ 8 ─æß║┐n 10 tabs Chrome c&ugrave;ng l&uacute;c ─æß╗üu kh&ocirc;ng gß║╖p c&aacute;c hiß╗çn t╞░ß╗úng giß║¡t lag, gi&aacute;n ─æoß║ín. Vß╗¢i mß╗Öt sinh vi&ecirc;n nh╞░ m&igrave;nh th&igrave; chß║»c c┼⌐ng kh&ocirc;ng cß║ºn phß║úi sß╗¡ dß╗Ñng ─æß║┐n tß╗æi ─æa khß║ú n─âng n&acirc;ng cß║Ñp&nbsp;<strong>16 GB</strong>&nbsp;cß╗ºa m&aacute;y ─æ&acirc;u.</p>\r\n\r\n<p>M&aacute;y c┼⌐ng ─æß╗º kh&ocirc;ng gian cho m&igrave;nh l╞░u trß╗» c&aacute;c t&agrave;i liß╗çu hß╗ìc tß║¡p hay nhß╗»ng tß╗▒a game cß╗í nß║╖ng vß╗¢i ß╗ò cß╗⌐ng<strong>&nbsp;SSD 256 GB NVMe PCIe</strong>, ─æß╗ông thß╗¥i chuß║⌐n SSD c┼⌐ng hß╗ù trß╗ú khß╗ƒi ─æß╗Öng m&aacute;y hay mß╗ƒ ß╗⌐ng dß╗Ñng nhanh chß╗ë trong v&agrave;i gi&acirc;y.</p>\r\n\r\n<p>Dell Vostro 15 3520 sß╗ƒ hß╗»u vi&ecirc;n pin&nbsp;<strong>41 Wh</strong>&nbsp;─æß╗æi vß╗¢i c&aacute;c t&aacute;c vß╗Ñ v─ân ph&ograve;ng c╞í bß║ún m&aacute;y trß╗Ñ ─æ╞░ß╗úc&nbsp;<strong>khoß║úng 3 giß╗¥</strong>, mß╗Öt con sß╗æ kh&ocirc;ng cao nh╞░ng ho&agrave;n to&agrave;n c&oacute; thß╗â chß║Ñp nhß║¡n ─æ╞░ß╗úc v&agrave; tr&ecirc;n thß╗▒c tß║┐ m&igrave;nh c┼⌐ng th╞░ß╗¥ng sß╗¡ dß╗Ñng m&aacute;y l&agrave;m viß╗çc trong v─ân ph&ograve;ng, lu&ocirc;n cß║»m sß║íc ─æß╗â tß╗æi ╞░u hiß╗çu n─âng.</p>\r\n\r\n<h3>M&agrave;n h&igrave;nh to r&otilde;, hiß╗ân thß╗ï ch&acirc;n thß╗▒c</h3>\r\n\r\n<p>M&agrave;n h&igrave;nh chiß║┐c&nbsp;<a href=\"https://www.thegioididong.com/laptop-dell-vostro\" target=\"_blank\">laptop Dell Vostro</a>&nbsp;c&oacute; k&iacute;ch th╞░ß╗¢c&nbsp;<strong>15.6 inch</strong>&nbsp;vß╗¢i khß║ú n─âng hiß╗ân thß╗ï sß║»c n&eacute;t nhß╗¥ ─æß╗Ö ph&acirc;n giß║úi<strong>&nbsp;Full HD (1920 x 1080)</strong>, c&ocirc;ng nghß╗ç&nbsp;<strong>LED Backlit</strong>&nbsp;gi&uacute;p tiß║┐t kiß╗çm ─æiß╗çn n─âng ─æi c&ugrave;ng c&ocirc;ng nghß╗ç&nbsp;<strong>Anti Glare</strong>&nbsp;hß║ín chß║┐ t&igrave;nh trß║íng b&oacute;ng g╞░╞íng, b&oacute;ng lo&aacute;. Viß╗ün hai b&ecirc;n m&agrave;n h&igrave;nh ─æ╞░ß╗úc Dell l&agrave;m t╞░╞íng ─æß╗æi mß╗Ång, tß║ío cho m&igrave;nh mß╗Öt kh&ocirc;ng gian hiß╗ân thß╗ï lß╗¢n h╞ín vß╗ü mß║╖t thß╗ï gi&aacute;c. C&oacute; thß╗â c&ocirc;ng dß╗Ñng kh&ocirc;ng qu&aacute; nß╗òi bß║¡t nh╞░ng ─æß╗üu l&agrave; nhß╗»ng th&ocirc;ng sß╗æ m&agrave;n h&igrave;nh c&acirc;n bß║▒ng ─æß╗º ─æß╗â cung cß║Ñp ─æ╞░ß╗úc nhß╗»ng phß║ºn nh&igrave;n tß╗æt nhß║Ñt cho ng╞░ß╗¥i d&ugrave;ng trong tß║ºm gi&aacute;.</p>\r\n\r\n<p>B&ecirc;n cß║ính trß║úi nghiß╗çm vß╗ü h&igrave;nh ß║únh, chß║Ñt l╞░ß╗úng &acirc;m thanh laptop c┼⌐ng ho&agrave;n to&agrave;n ─æ&aacute;p ß╗⌐ng tß╗æt ─æ╞░ß╗úc nhu cß║ºu cß╗ºa m&igrave;nh, chß║Ñt &acirc;m ─æ╞░ß╗úc t&aacute;i tß║ío mß╗Öt c&aacute;ch ch&acirc;n thß╗▒c, sß╗æng ─æß╗Öng nhß╗¥ c&ocirc;ng nghß╗ç&nbsp;<strong>Realtek Audio</strong>. Khi l&agrave;m viß╗çc trong ph&ograve;ng ri&ecirc;ng m&igrave;nh chß╗ë cß║ºn mß╗ƒ &acirc;m l╞░ß╗úng ß╗ƒ mß╗⌐c 50 - 60% l&agrave; ─æ&atilde; c&oacute; thß╗â cß║úm nhß║¡n &acirc;m thanh thß║¡t ─æ&atilde; tai rß╗ôi.</p>\r\n\r\n<h3>Thiß║┐t kß║┐ ─æ╞ín giß║ún, kß║┐t cß║Ñu bß╗ün bß╗ë&nbsp;</h3>\r\n\r\n<p>M&igrave;nh ─æ&aacute;nh gi&aacute; kh&aacute; cao tß╗½ mß║½u thiß║┐t kß║┐ ─æ╞ín giß║ún m&agrave; nh&agrave; Dell ─æß║╖t tr&ecirc;n mß║½u laptop n&agrave;y, vß╗Å ngo&agrave;i bß║▒ng<strong>&nbsp;nhß╗▒a</strong>&nbsp;mang t&ocirc;ng m&agrave;u&nbsp;<strong>x&aacute;m</strong>&nbsp;trung t&iacute;nh, ─æ╞░ß╗úc t&ocirc; ─æiß╗âm duy nhß║Ñt bß╗ƒi logo h&atilde;ng tr&ecirc;n phß║ºn mß║╖t A cß╗ºa m&aacute;y. Kß║┐t cß║Ñu cß╗ºa laptop kh&aacute; bß╗ün bß╗ë, m&igrave;nh ho&agrave;n to&agrave;n kh&ocirc;ng thß║Ñy ─æß╗Ö flex qu&aacute; nhiß╗üu nh╞░ nhß║Ñn xuß╗æng phß║ºn mß║╖t l╞░ng, b&agrave;n ph&iacute;m hay mß║╖t sau m&aacute;y.</p>\r\n\r\n<p>Th&ecirc;m nß╗»a, khß╗æi l╞░ß╗úng&nbsp;<strong>1.83 kg</strong>&nbsp;c&ugrave;ng ─æß╗Ö d&agrave;y&nbsp;<strong>18.99 mm</strong>&nbsp;theo m&igrave;nh ─æ&aacute;nh gi&aacute;, c┼⌐ng kh&ocirc;ng qu&aacute; nß║╖ng ─æß╗â c&oacute; thß╗â bß╗Å gß╗ìn g&agrave;ng trong balo v&agrave; mang theo cß║ú ng&agrave;y. Vß╗¢i nhß╗»ng nhu cß║ºu hß╗ìc tß║¡p, l&agrave;m viß╗çc hiß╗çn nay th&igrave; m&igrave;nh ngh─⌐ chß╗ë cß║ºn mß╗Öt chiß║┐c laptop vß╗½a hß╗ìc tß║¡p, l&agrave;m viß╗çc l&agrave; thß║¡m ch&iacute; ─æ&atilde; thay thß║┐ gß║ºn nh╞░ ho&agrave;n to&agrave;n nhß╗»ng cuß╗æn s&aacute;ch cß╗ông kß╗ünh rß╗ôi.</p>\r\n\r\n<p>B&agrave;n ph&iacute;m&nbsp;<a href=\"https://www.thegioididong.com/laptop\" target=\"_blank\">laptop</a>&nbsp;to, ─æ╞░ß╗úc bß╗æ tr&iacute; th&ecirc;m mß╗Öt cß╗Ñm ph&iacute;m sß╗æ ß╗ƒ ph&iacute;a b&ecirc;n tay phß║úi hß╗ù trß╗ú rß║Ñt nhiß╗üu mß╗ùi lß║ºn m&igrave;nh l&agrave;m viß╗çc tr&ecirc;n bß║úng t&iacute;nh hay tiß║┐p x&uacute;c vß╗¢i c&aacute;c con sß╗æ. H&agrave;nh tr&igrave;nh ph&iacute;m t╞░╞íng ─æß╗æi s&acirc;u c&ugrave;ng c&aacute;ch sß║»p xß║┐p hß╗úp l&yacute; n&ecirc;n viß╗çc thao t&aacute;c trß╗ƒ n&ecirc;n dß╗à d&agrave;ng h╞ín rß║Ñt nhiß╗üu, dß╗à d&agrave;ng nhß║¡n diß╗çn ─æ╞░ß╗úc mß║╖t chß╗» v&agrave; &iacute;t khi bß╗ï v╞░ß╗¢ng v&iacute;u.</p>\r\n\r\n<p>Bß╗ü mß║╖t TouchPad kh&aacute; mß╗ïn cho cß║úm gi&aacute;c di vuß╗æt hiß╗çu quß║ú cao, m&igrave;nh ho&agrave;n to&agrave;n c&oacute; thß╗â l&agrave;m viß╗çc h&agrave;ng tiß║┐ng ─æß╗ông hß╗ô chß╗ë vß╗¢i bß║ún di chuß╗Öt m&agrave; thao t&aacute;c tay vß║½n cß╗▒c k&igrave; thoß║úi m&aacute;i. Tuy nhi&ecirc;n, nß║┐u bß║ín l&agrave; ng╞░ß╗¥i c&oacute; size tay h╞íi lß╗¢n mß╗Öt ch&uacute;t hoß║╖c ch╞░a quen thuß╗Öc vß╗¢i kiß╗âu mß║½u l&agrave;m viß╗çc nh╞░ vß║¡y, viß╗çc sß╗ƒ hß╗»u th&ecirc;m mß╗Öt con chuß╗Öt rß╗¥i b&ecirc;n ngo&agrave;i sß║╜ l&agrave; mß╗Öt lß╗▒a chß╗ìn kh&ocirc;ng tß╗ôi ─æ&acirc;u.</p>\r\n\r\n<p>Vß╗¢i thiß║┐t kß║┐ chuy&ecirc;n phß╗Ñc vß╗Ñ cho c&ocirc;ng viß╗çc n&ecirc;n em m&aacute;y n&agrave;y c&oacute; ─æß║ºy ─æß╗º c&aacute;c cß╗òng kß║┐t nß╗æi th&ocirc;ng dß╗Ñng tß╗½: HDMI, USB 2.0, Jack tai nghe 3.5 mm, USB 3.2,... cho ph&eacute;p m&igrave;nh truyß╗ün xuß║Ñt dß╗» liß╗çu ra nhiß╗üu thiß║┐t bß╗ï ngoß║íi vi nh╞░ m&aacute;y in, m&agrave;n h&igrave;nh rß╗¥i, chuß╗Öt,...</p>\r\n\r\n<p>Tß╗òng kß║┐t lß║íi, trong ph&acirc;n kh&uacute;c gi&aacute; chß╗ë nhß╗ënh h╞ín 11 triß╗çu mß╗Öt ch&uacute;t th&igrave; laptop Dell Vostro 15 3520 i3 1215U (V5I3614W1) ho&agrave;n to&agrave;n ─æ&aacute;p ß╗⌐ng ─æ╞░ß╗úc ─æß║ºy ─æß╗º c&aacute;c tiß╗çn &iacute;ch hß╗ìc tß║¡p, l&agrave;m viß╗çc hay giß║úi tr&iacute; m&agrave; mß╗Öt mß║½u ng╞░ß╗¥i d&ugrave;ng c╞í bß║ún cß║ºn, ─æ&acirc;y chß║»c chß║»n l&agrave; sß╗▒ lß╗▒a chß╗ìn &quot;─æ&aacute;ng ─æß╗ông tiß╗ün b&aacute;t gß║ío&quot; cho mß╗ìi ng╞░ß╗¥i d&ugrave;ng trong tß║ºm gi&aacute;.</p>',10,12900000,10900000,1,1,'<p>Bß╗Ö xß╗¡ l&yacute;</p>\r\n\r\n<ul>\r\n	<li>\r\n	<p>C&ocirc;ng nghß╗ç CPU:&nbsp;<a href=\"https://www.thegioididong.com/tin-tuc/chip-intel-the-he-12-la-gi-1400953\" target=\"_blank\">Intel Core i3 Alder Lake</a>&nbsp;-&nbsp;<a href=\"https://www.thegioididong.com/hoi-dap/tim-hieu-chip-intel-core-i3-1215u-chi-tiet-ve-1473649\" target=\"_blank\">1215U</a></p>\r\n	</li>\r\n	<li>\r\n	<p>Sß╗æ nh&acirc;n: 6</p>\r\n	</li>\r\n	<li>\r\n	<p>Sß╗æ luß╗ông: 8</p>\r\n	</li>\r\n	<li>\r\n	<p>Tß╗æc ─æß╗Ö CPU: 1.20 GHz</p>\r\n	</li>\r\n	<li>\r\n	<p>Tß╗æc ─æß╗Ö tß╗æi ─æa:&nbsp;<a href=\"https://www.thegioididong.com/hoi-dap/turbo-boost-la-gi-cai-dat-turbo-boost-nhu-the-nao-884498\" target=\"_blank\">Turbo Boost 4.4 GHz</a></p>\r\n	</li>\r\n	<li>\r\n	<p>Bß╗Ö nhß╗¢ ─æß╗çm:10 MB</p>\r\n	</li>\r\n</ul>','/storage/photos/product/vi-vn-dell-vostro-3520-i3-v5i3614w1--(2).jpg','2024-04-28 02:34:40','2026-01-23 00:14:07','-8',28,4,13),(16,'Laptop Dell Inspiron 15 3520 i3 1215U','laptop-dell-inspiron-15-3520-i3-1215u','<h3>C&ograve;n g&igrave; hß╗úp h╞ín nß╗»a cho c&aacute;c bß║ín hß╗ìc sinh, sinh vi&ecirc;n hay nh&acirc;n vi&ecirc;n v─ân ph&ograve;ng trong tß║ºm gi&aacute; 10 triß╗çu h╞ín mß╗Öt x&iacute;u -&nbsp;<a href=\"https://www.thegioididong.com/laptop/dell-inspiron-3520-i3-71003264\" target=\"_blank\">Laptop Dell Inspiron 15 3520 i3 1215U (71003264)</a>&nbsp;vß╗¢i c&aacute;c ╞░u ─æiß╗âm nh╞░ bß╗ün bß╗ë, bß╗Ö xß╗¡ l&yacute; Intel thß║┐ hß╗ç 12 ─æa n─âng v&agrave; m&agrave;n h&igrave;nh tß║ºn sß╗æ qu&eacute;t 120 Hz sß║╜ &quot;level up&quot; trß║úi nghiß╗çm cß╗ºa bß║ín.&nbsp;</h3>\r\n\r\n<h3>Khung h&igrave;nh vß╗¢i tß║ºn sß╗æ qu&eacute;t m╞░ß╗út m&agrave;, chß║Ñt l╞░ß╗úng</h3>\r\n\r\n<p>M&agrave;n h&igrave;nh sß╗¡ dß╗Ñng k&iacute;ch th╞░ß╗¢c&nbsp;<strong>15.6 inch</strong>&nbsp;khiß║┐n m&igrave;nh cß║úm thß║Ñy rß║Ñt ╞░ l&agrave; thuß║¡n tiß╗çn v&igrave; khi m&igrave;nh cß║ºn chia ─æ&ocirc;i m&agrave;n h&igrave;nh ─æß╗â c&oacute; thß╗â tra cß╗⌐u th&ocirc;ng tin v&agrave; hß╗ìc tß║¡p th&igrave; vß║½n c&oacute; thß╗â nh&igrave;n thß║Ñy mß╗Öt c&aacute;ch r&otilde; r&agrave;ng vß╗½a vß║╖n, gi&uacute;p m&igrave;nh c&oacute; thß╗â l&agrave;m viß╗çc ─æ╞░ß╗úc ─æa nhiß╗çm, tiß╗çn lß╗úi h╞ín.</p>\r\n\r\n<p>Kh&ocirc;ng nhß╗»ng thß║┐, ─æß╗Ö ph&acirc;n giß║úi<strong>&nbsp;Full HD (1920 x 1080)&nbsp;</strong>cß╗ºa chiß║┐c&nbsp;<a href=\"https://www.thegioididong.com/laptop\" target=\"_blank\">laptop</a>&nbsp;n&agrave;y&nbsp;─æ╞░a ─æß║┐n cß║úm gi&aacute;c kh&ocirc;ng phß║úi l&agrave; qu&aacute; ─æß║╖c sß║»c nh╞░ng chß║Ñt l╞░ß╗úng h&igrave;nh ß║únh vß║½n rß║Ñt l&agrave; sß║»c n&eacute;t v&agrave; chi tiß║┐t v&agrave; nhi&ecirc;u ─æ&oacute; th&ocirc;i c┼⌐ng ─æß╗º ─æß╗â ─æ&aacute;p ß╗⌐ng nhu cß║ºu sß╗¡ dß╗Ñng cß╗ºa hß╗ìc sinh, sinh vi&ecirc;n hay nh&acirc;n vi&ecirc;n v─ân ph&ograve;ng thi&ecirc;n vß╗ü c&aacute;c ng&agrave;nh kinh tß║┐.</p>\r\n\r\n<p>Tß║ºn sß╗æ qu&eacute;t&nbsp;<strong>120 Hz</strong>, c&oacute; thß╗â n&oacute;i l&agrave; mß╗Öt trong nhß╗»ng ─æiß╗âm cß╗Öng lß╗¢n ─æß╗æi vß╗¢i con&nbsp;<a href=\"https://www.thegioididong.com/laptop?g=hoc-tap-van-phong\" target=\"_blank\">laptop hß╗ìc tß║¡p - v─ân ph&ograve;ng</a>&nbsp;n&agrave;y v&igrave; trß║úi nghiß╗çm m╞░ß╗út m&agrave;, &iacute;t xß║úy ra nhß╗»ng hiß╗çn t╞░ß╗úng x&eacute; h&igrave;nh khi m&igrave;nh xem nhß╗»ng th╞░ß╗¢c phim chuyß╗ân ─æß╗Öng nhanh hay ch╞íi c&aacute;c tß╗▒a game c&oacute; tß╗æc ─æß╗Ö FPS cao, ─æiß╗üu n&agrave;y ─æem lß║íi cho m&igrave;nh mß╗Öt cß║úm gi&aacute;c &quot;s╞░ß╗¢ng&quot; khi sß╗¡ dß╗Ñng v&agrave; d╞░ß╗¥ng nh╞░ c&ograve;n gi&uacute;p m&igrave;nh cß║úm thß║Ñy ─æß╗í mß╗Åi mß║»t h╞ín trong mß╗Öt ng&agrave;y d&agrave;i.</p>\r\n\r\n<p><a href=\"https://cdn.tgdd.vn/Products/44/309293/dell-inspiron-3520-i3-7100326-(2)-1020x570.jpg\" onclick=\"return false;\"><img alt=\"\" src=\"https://cdn.tgdd.vn/Products/44/309293/dell-inspiron-3520-i3-7100326-(2)-1020x570.jpg\" style=\"height:570px; width:1020px\" /></a></p>\r\n\r\n<p>Sß╗ƒ hß╗»u tß║Ñm nß╗ün<strong>&nbsp;WVA</strong>&nbsp;gi&uacute;p m&agrave;n h&igrave;nh cß╗ºa&nbsp;<a href=\"https://www.thegioididong.com/laptop-dell\" target=\"_blank\">laptop Dell</a>&nbsp;c&oacute; khß║ú n─âng hiß╗ân thß╗ï h&igrave;nh ß║únh r&otilde; r&agrave;ng v&agrave; sß╗æng ─æß╗Öng, gi&uacute;p m&igrave;nh ─æ╞░ß╗úc tß║¡n h╞░ß╗ƒng nhß╗»ng nß╗Öi dung giß║úi tr&iacute; tß╗½ c&aacute;c g&oacute;c nh&igrave;n kh&aacute;c nhau m&agrave; kh&ocirc;ng cß║úm thß║Ñy bß╗ï nh&ograve;e m&agrave;u sß║»c hay ─æß╗Ö t╞░╞íng phß║ún bß╗ï ch&ecirc;nh lß╗çch. Tuy nhi&ecirc;n, theo m&igrave;nh ─æo ─æ╞░ß╗úc tß╗½ Spyder 5 Pro th&igrave; ─æß╗Ö ch&iacute;nh x&aacute;c m&agrave;u sß║»c chß╗ë ß╗ƒ mß╗⌐c&nbsp;<strong>63% sRGB</strong>&nbsp;m&agrave; th&ocirc;i v&igrave; thß║┐ n&oacute; sß║╜ kh&ocirc;ng ph&ugrave; hß╗úp ─æß╗â bß║ín c&oacute; thß╗â l&agrave;m viß╗çc li&ecirc;n quan nhiß╗üu ─æß║┐n ─æß╗ô hß╗ìa hay ─æ&ograve;i hß╗Åi mß╗Öt chiß║┐c m&agrave;n h&igrave;nh c&oacute; m&agrave;u sß║»c chuß║⌐n chß╗ë.</p>\r\n\r\n<p><a href=\"https://cdn.tgdd.vn/Products/44/309293/dell-inspiron-3520-i3-7100326-(3)-1020x570.jpg\" onclick=\"return false;\"><img alt=\"\" src=\"https://cdn.tgdd.vn/Products/44/309293/dell-inspiron-3520-i3-7100326-(3)-1020x570.jpg\" style=\"height:570px; width:1020px\" /></a></p>\r\n\r\n<p>─Éß╗æi vß╗¢i m&igrave;nh, c&ocirc;ng nghß╗ç<strong>&nbsp;Realtek High Definition</strong>&nbsp;─æ&atilde; phß║ºn n&agrave;o hß╗ù trß╗ú t&aacute;i tß║ío &acirc;m thanh khiß║┐n cß║úm gi&aacute;c nghe trß╗ƒ n&ecirc;n trung thß╗▒c v&agrave; chi tiß║┐t, khi nghe nhß║íc v&agrave; xem phim ─æß╗üu rß║Ñt ß╗òn, cho ph&eacute;p m&igrave;nh tß║¡n h╞░ß╗ƒng chß║Ñt &acirc;m ─æa chiß╗üu v&agrave; trß╗ìn vß║╣n c&aacute;c hiß╗çu ß╗⌐ng ─æß║╖c biß╗çt tß╗½ bß╗Ö phim.</p>\r\n\r\n<h3>Thiß║┐t kß║┐ thanh lß╗ïch c&ugrave;ng &acirc;m thanh sß╗æng ─æß╗Öng&nbsp;</h3>\r\n\r\n<p>Kiß╗âu d&aacute;ng thiß║┐t kß║┐ tß╗æi giß║ún, t&ocirc; ─æiß╗âm bß╗ƒi chiß║┐c logo ─æ╞░ß╗úc ─æß║╖t giß╗»a nß║»p m&aacute;y nh╞░ng khi nh&igrave;n m&igrave;nh cß║úm thß║Ñy rß║Ñt ╞░ l&agrave; tinh tß║┐ c&ugrave;ng khß╗æi l╞░ß╗úng&nbsp;<strong>1.9 kg</strong>, ─æ&acirc;y kh&ocirc;ng phß║úi mß╗Öt khß╗æi l╞░ß╗úng ─æß╗º nhß║╣ ─æß╗â c&aacute;c bß║ín nß╗» c&oacute; thß╗â cß║ºm ─æi hß╗ìc, ─æi l&agrave;m thoß║úi m&aacute;i, nh╞░ng m&agrave; ─æß╗æi vß╗¢i c&aacute;c bß║ín nam th&igrave; lß║íi rß║Ñt hß╗úp l&yacute;.<a href=\"https://cdn.tgdd.vn/Products/44/309293/dell-inspiron-3520-i3-7100326-(4)-1020x570.jpg\" onclick=\"return false;\"><img alt=\"\" src=\"https://cdn.tgdd.vn/Products/44/309293/dell-inspiron-3520-i3-7100326-(4)-1020x570.jpg\" style=\"height:570px; width:1020px\" /></a></p>\r\n\r\n<p>Chß║Ñt liß╗çu vß╗Å ngo&agrave;i ─æ╞░ß╗úc chß║┐ t&aacute;c tß╗½&nbsp;<strong>nhß╗▒a</strong>&nbsp;theo&nbsp;m&igrave;nh cß║ºm th&igrave; vß║½n kh&aacute; chß║»c chß║»n, tß╗òng thß╗â b&ecirc;n ngo&agrave;i cß╗ºa m&aacute;y tr&ocirc;ng hiß╗çn ─æß║íi. Nh╞░ng c┼⌐ng v&igrave; m&aacute;y sß╗ƒ hß╗»u chß║Ñt ─æen nh&aacute;m, n&ecirc;n viß╗çc b&aacute;m dß║Ñu v&acirc;n tay hay bß╗Ñi l&agrave; ─æiß╗üu kh&ocirc;ng tr&aacute;nh khß╗Åi, ch&iacute;nh v&igrave; thß║┐, m&igrave;nh ngh─⌐ rß║▒ng nß║┐u bß║ín mong muß╗æn em m&aacute;y cß╗ºa m&igrave;nh l&uacute;c n&agrave;o c┼⌐ng s&aacute;ng b&oacute;ng th&igrave; n&ecirc;n lau ch&ugrave;i th╞░ß╗¥ng xuy&ecirc;n nh&eacute;.</p>\r\n\r\n<p>Bß║ún lß╗ü cß╗ºa chiß║┐c m&aacute;y n&agrave;y c&oacute; thiß║┐t kß║┐ Ergolift gi&uacute;p mß╗Öt phß║ºn b&agrave;n ph&iacute;m ─æ╞░ß╗úc n&acirc;ng l&ecirc;n, theo m&igrave;nh thß║Ñy sß║╜ gi&uacute;p m&aacute;y ─æ╞░ß╗úc tß║ún nhiß╗çt tß╗æt h╞ín lß║íi c&ograve;n tß║ío ─æiß╗üu kiß╗çn khi g&otilde; c&oacute; ─æ╞░ß╗úc cß║úm gi&aacute;c thoß║úi m&aacute;i nhß║Ñt.</p>\r\n\r\n<p><a href=\"https://cdn.tgdd.vn/Products/44/309293/dell-inspiron-3520-i3-7100326-(5)-1020x570.jpg\" onclick=\"return false;\"><img alt=\"\" src=\"https://cdn.tgdd.vn/Products/44/309293/dell-inspiron-3520-i3-7100326-(5)-1020x570.jpg\" style=\"height:570px; width:1020px\" /></a></p>\r\n\r\n<p>Phß║ºn b&agrave;n ph&iacute;m cß╗ºa mß║½u laptop n&agrave;y c&oacute; nhiß╗üu ╞░u v&agrave; nh╞░ß╗úc ─æiß╗âm c&oacute; lß║╜ c┼⌐ng sß║╜ khiß║┐n bß║ín v&ocirc; c&ugrave;ng b─ân kho─ân. ─Éß╗æi vß╗¢i ng╞░ß╗¥i mß╗¢i sß╗¡ dß╗Ñng m&aacute;y t&iacute;nh v&agrave; kh&ocirc;ng qu&aacute; r&agrave;nh vß╗ü m&aacute;y t&iacute;nh x&aacute;ch tay, viß╗çc sß╗ƒ hß╗»u mß╗Öt layout&nbsp;<strong>b&agrave;n ph&iacute;m full-size</strong>&nbsp;c&oacute; cß║ú c&aacute;c ph&iacute;m sß╗æ, n&ecirc;n khi m&igrave;nh cß║ºn nhß║¡p liß╗çu nhiß╗üu th&igrave; cß╗▒c kß╗│ thuß║¡n tiß╗çn, cß║úm gi&aacute;c nhß║Ñn tß╗æt, ─æß╗Ö nß║úy hß╗úp l&yacute;.</p>\r\n\r\n<p><a href=\"https://cdn.tgdd.vn/Products/44/309293/dell-inspiron-3520-i3-7100326-(10)-1020x570.jpg\" onclick=\"return false;\"><img alt=\"\" src=\"https://cdn.tgdd.vn/Products/44/309293/dell-inspiron-3520-i3-7100326-(10)-1020x570.jpg\" style=\"height:570px; width:1020px\" /></a></p>\r\n\r\n<p>Tuy nhi&ecirc;n, phß║ºn Touchpad cß╗ºa mß║½u m&aacute;y n&agrave;y lß║íi khiß║┐n m&igrave;nh kh&aacute; thß║Ñt vß╗ìng v&igrave; em n&oacute; h╞íi lß╗Öc cß╗Öc, ─æ&ocirc;i khi vuß╗æt c&ograve;n kh&aacute; r&iacute;t, nß║┐u bß║ín c&oacute; nhu cß║ºu di chuß╗Öt nhiß╗üu th&igrave; bß║ín n&ecirc;n trang bß╗ï th&ecirc;m b&ecirc;n m&igrave;nh mß╗Öt con chuß╗Öt ─æß╗â sß╗¡ dunhj ─æ╞░ß╗úc thoß║úi m&aacute;i h╞ín nh&eacute;.&nbsp;</p>\r\n\r\n<p>Laptop Dell c&ograve;n ─æi k&egrave;m vß╗¢i bß╗Ö&nbsp;<strong>Office Home &amp; Student</strong>&nbsp;v─⌐nh viß╗àn, gi&uacute;p m&igrave;nh cß║úm thß║Ñy v&ocirc; c&ugrave;ng tiß╗çn dß╗Ñng, v&igrave; ─æß╗æi vß╗¢i mß╗Öt sinh vi&ecirc;n nh╞░ m&igrave;nh th&igrave; ─æ&acirc;y l&agrave; mß╗Öt trong nhß╗»ng ─æiß╗üu v&ocirc; c&ugrave;ng cß║ºn thiß║┐t ─æß╗â c&oacute; thß╗â soß║ín thß║úo v─ân bß║ún, l&agrave;m bß║ún thuyß║┐t tr&igrave;nh hay lß║¡p bß║úng t&iacute;nh, ─æ&aacute;p ß╗⌐ng nhu cß║ºu hß╗ìc tß║¡p, l&agrave;m viß╗çc v─ân ph&ograve;ng.&nbsp;</p>\r\n\r\n<p><a href=\"https://www.thegioididong.com/laptop-dell-inspiron\" target=\"_blank\">Laptop Dell Inspiron</a>&nbsp;c┼⌐ng ─æ╞░ß╗úc t&iacute;ch hß╗úp kh&aacute; nhiß╗üu cß╗òng giao tiß║┐p ─æa dß║íng nh╞░ HDMI, USB 2.0, USB 3.2, Jack tai nghe 3.5 mm dß╗à d&agrave;ng kß║┐t nß╗æi vß╗¢i c&aacute;c thiß║┐t bß╗ï ngoß║íi vi, phß╗Ñ kiß╗çn kh&aacute;c nhau nh╞░ m&aacute;y chiß║┐u, chuß╗Öt, b&agrave;n ph&iacute;m.</p>\r\n\r\n<p><a href=\"https://cdn.tgdd.vn/Products/44/309293/dell-inspiron-3520-i3-7100326-(6)-1020x570.jpg\" onclick=\"return false;\"><img alt=\"\" src=\"https://cdn.tgdd.vn/Products/44/309293/dell-inspiron-3520-i3-7100326-(6)-1020x570.jpg\" style=\"height:570px; width:1020px\" /></a></p>\r\n\r\n<h3>Hiß╗çu n─âng m╞░ß╗út m&agrave;, ß╗òn ─æß╗ïnh</h3>\r\n\r\n<p>Bß╗Ö vi xß╗¡ l&yacute;&nbsp;<strong>Intel Core i3 1215U</strong>&nbsp;c&oacute; thß╗â n&oacute;i l&agrave; mß╗Öt phi&ecirc;n bß║ún chip thß║┐ hß╗ç kh&aacute; mß╗¢i tß╗½ Intel. Tuy nhi&ecirc;n, khß║ú n─âng giß║úi quyß║┐t kh&aacute; m╞░ß╗út m&agrave;, ß╗òn ─æß╗ïnh gi&uacute;p xß╗¡ l&yacute; c&ocirc;ng viß╗çc hiß╗çu quß║ú, ─æß║╖c biß╗çt l&agrave; trong nhß╗»ng t&aacute;c vß╗Ñ ─æa dß║íng tß╗½ c&ocirc;ng viß╗çc v─ân ph&ograve;ng ─æß║┐n giß║úi tr&iacute; ─æa ph╞░╞íng tiß╗çn v&igrave; ─æ&acirc;y l&agrave; mß╗Öt con chip d&ograve;ng U gi&uacute;p tiß║┐t kiß╗çm ─æiß╗çn. Nh╞░ng c┼⌐ng v&igrave; thß║┐ m&agrave; em n&oacute; kh&ocirc;ng thß╗â g&aacute;nh nhß╗»ng t&aacute;c vß╗Ñ nß║╖ng hay ch╞íi nhß╗»ng tß╗▒a game y&ecirc;u cß║ºu khß║ú n─âng ─æß╗ô hß╗ìa hay ß╗⌐ng dß╗Ñng nß║╖ng t&agrave;i nguy&ecirc;n ─æ╞░ß╗úc.</p>\r\n\r\n<p><a href=\"https://cdn.tgdd.vn/Products/44/309293/dell-inspiron-3520-i3-7100326-(7)-1020x570.jpg\" onclick=\"return false;\"><img alt=\"\" src=\"https://cdn.tgdd.vn/Products/44/309293/dell-inspiron-3520-i3-7100326-(7)-1020x570.jpg\" style=\"height:570px; width:1020px\" /></a></p>\r\n\r\n<p>B&ecirc;n cß║ính ─æ&oacute;, card<strong>&nbsp;Intel UHD Graphics</strong>&nbsp;c┼⌐ng ─æ╞░ß╗úc t&iacute;ch hß╗úp sß║╡n tr&ecirc;n mß║½u laptop, tuy kh&ocirc;ng qu&aacute; mß║ính mß║╜ nh╞░ng vß║½n c&oacute; khß║ú n─âng cung cß║Ñp hiß╗çu suß║Ñt ─æß╗ô hß╗ìa c╞í bß║ún, hß╗ù trß╗ú m&igrave;nh c&oacute; thß╗â chß╗ënh sß╗¡a h&igrave;nh ß║únh, video nhß║╣ tr&ecirc;n Photoshop hay ch╞íi c&aacute;c tß╗▒a game c&oacute; mß╗⌐c setting trung b&igrave;nh nh╞░ Li&ecirc;n Minh Huyß╗ün Thoß║íi, GTA V,...</p>\r\n\r\n<p>Trong mß║½u n&agrave;y c&ograve;n sß╗ƒ hß╗»u thanh&nbsp;<strong>RAM 8 GB</strong>, theo m&igrave;nh cß║úm nhß║¡n th&igrave; ─æß╗º ─æß╗â c&oacute; thß╗â vß╗½a nghe nhß║íc, l╞░ß╗¢t web hay sß╗¡ dß╗Ñng l&agrave;m Word, PowerPoint, Excel ─æß╗üu kh&aacute; tr╞ín tru m&agrave; kh&ocirc;ng bß╗ï giß║¡t lag nhiß╗üu. Tuy nhi&ecirc;n, nß║┐u c&oacute; thß╗â th&igrave; bß║ín n&ecirc;n n&acirc;ng cß║Ñp l&ecirc;n mß╗⌐c tß╗æi ─æa&nbsp;<strong>16 GB</strong>&nbsp;─æß╗â c&oacute; thß╗â ─æ&aacute;p ß╗⌐ng ─æ╞░ß╗úc khß║ú n─âng xß╗¡ l&yacute; ─æa nhiß╗çm linh hoß║ít v&agrave; l&agrave;m viß╗çc ─æ╞░ß╗úc hiß╗çu suß║Ñt h╞ín.</p>\r\n\r\n<p><a href=\"https://cdn.tgdd.vn/Products/44/309293/dell-inspiron-3520-i3-7100326-(8)-1020x570.jpg\" onclick=\"return false;\"><img alt=\"\" src=\"https://cdn.tgdd.vn/Products/44/309293/dell-inspiron-3520-i3-7100326-(8)-1020x570.jpg\" style=\"height:570px; width:1020px\" /></a></p>\r\n\r\n<p>Song song ─æ&oacute;, ß╗ò cß╗⌐ng&nbsp;<strong>SSD NVMe PCIe&nbsp;</strong>dung l╞░ß╗úng<strong>&nbsp;512 GB</strong>&nbsp;vß╗½a gi&uacute;p khß╗ƒi ─æß╗Öng m&aacute;y ─æ╞░ß╗úc nhanh ch&oacute;ng, t─âng tß╗æc ─æß╗Ö truy cß║¡p dß╗» liß╗çu lß║íi vß╗½a ─æem lß║íi cho m&igrave;nh mß╗Öt kh&ocirc;ng gian l╞░u trß╗» dß╗» liß╗çu c&aacute; nh&acirc;n lß╗¢n vß╗¢i c&aacute;c t&agrave;i liß╗çu c&ocirc;ng viß╗çc, hß╗ìc tß║¡p hay nhß╗»ng tß║¡p tin ─æa ph╞░╞íng tiß╗çn.</p>\r\n\r\n<p>Sß╗¡ dß╗Ñng vi&ecirc;n pin&nbsp;<strong>41 Wh</strong>, theo m&igrave;nh sß╗¡ dß╗Ñng khi mß╗ƒ ─æß╗Ö s&aacute;ng m&agrave;n h&igrave;nh tß╗æi ─æa v&agrave; dung l╞░ß╗úng &acirc;m thanh ß╗ƒ mß╗⌐c 30% th&igrave; em m&aacute;y n&agrave;y c&oacute; thß╗â trß╗Ñ vß╗»ng trong khoß║úng tß╗½&nbsp;<strong>3 ─æß║┐n 4 tiß║┐ng</strong>, ─æ&acirc;y kh&ocirc;ng phß║úi l&agrave; mß╗Öt khoß║úng thß╗¥i gian d&agrave;i, v&igrave; thß║┐ nß║┐u bß║ín c&oacute; nhu cß║ºu sß╗¡ dß╗Ñng b&ecirc;n ngo&agrave;i nh╞░ ra qu&aacute;n cafe hay ─æi hß╗ìc, l&agrave;m viß╗çc th&igrave; bß║ín n&ecirc;n ─æem theo cß╗Ñc sß║íc b&ecirc;n ng╞░ß╗¥i ─æß╗â c&oacute; thß╗â n&acirc;ng cao hiß╗çu suß║Ñt cß╗ºa m&aacute;y v&agrave; sß╗¡ dß╗Ñng ─æ╞░ß╗úc l&acirc;u h╞ín nh&eacute;!</p>\r\n\r\n<p><a href=\"https://cdn.tgdd.vn/Products/44/309293/dell-inspiron-3520-i3-7100326-(9)-1020x570.jpg\" onclick=\"return false;\"><img alt=\"\" src=\"https://cdn.tgdd.vn/Products/44/309293/dell-inspiron-3520-i3-7100326-(9)-1020x570.jpg\" style=\"height:570px; width:1020px\" /></a></p>\r\n\r\n<p>T&oacute;m lß║íi, laptop Dell Inspiron 15 3520 i3 1215U (71003264)&nbsp;l&agrave; mß╗Öt trong nhß╗»ng sß╗▒ lß╗▒a chß╗ìn tß╗æt ─æß╗æi vß╗¢i hß║ºu hß║┐t hß╗ìc sinh, sinh vi&ecirc;n hay nhß╗»ng bß║ín l&agrave;m nh&acirc;n vi&ecirc;n v─ân ph&ograve;ng khi sß╗ƒ hß╗»u h&agrave;ng loß║ít c&aacute;c th&ocirc;ng sß╗æ ß║Ñn t╞░ß╗úng nh╞░ hiß╗çu suß║Ñt ß╗òn ─æß╗ïnh, m&agrave;n h&igrave;nh sß║»c n&eacute;t, thiß║┐t kß║┐ tß╗æi giß║ún,... H&atilde;y tham khß║úo ngay em m&aacute;y n&agrave;y tß║íi Thß║┐ Giß╗¢i Di ─Éß╗Öng nh&eacute;!&nbsp;</p>',10,13500000,1190000,1,0,'<p>Khuyß║┐n m&atilde;i</p>\r\n\r\n<p><em>Gi&aacute; v&agrave; khuyß║┐n m&atilde;i dß╗▒ kiß║┐n &aacute;p dß╗Ñng ─æß║┐n 23:00 | 01/05</em></p>\r\n\r\n<p>Giß║úm th&ecirc;m 200.000─æ cho Hß╗ìc sinh - Sinh vi&ecirc;n (cß║Ñp THPT trß╗ƒ l&ecirc;n)&nbsp;<a href=\"https://www.thegioididong.com/tin-tuc/hoc-sinh-sinh-vien-mua-laptop-tai-tgdd-duoc-giam-them-tu-200k-500k-1563638\" target=\"_blank\">Click xem chi tiß║┐t</a></p>\r\n\r\n<p>Nhß║¡p m&atilde; VNPAYTGDD2 giß║úm ngay 1% (tß╗æi ─æa 200.000─æ) khi thanh to&aacute;n qua VNPAY-QR, &aacute;p dß╗Ñng cho ─æ╞ín h&agrave;ng tß╗½ 3 Triß╗çu&nbsp;<a href=\"https://www.thegioididong.com/tin-tuc/nhap-ma-vnpaytgdd2-se-duoc-tang-toi-da-200k-khi-thanh-toan-qua-vnpay-1563666\" target=\"_blank\">(Xem chi tiß║┐t tß║íi ─æ&acirc;y)</a></p>','/storage/photos/product/vi-vn-dell-inspiron-3520-i3-71003264-slider-1.jpg','2024-04-28 02:02:31','2024-05-14 03:32:59','8',1,0,0),(24,'Laptop Dell Inspiron 15 3530 i7 1355U/','laptop-dell-inspiron-15-3530-i7-1355u','<h3>Bß║ín l&agrave; sinh vi&ecirc;n hoß║╖c nh&acirc;n vi&ecirc;n v─ân ph&ograve;ng muß╗æn t&igrave;m mua mß╗Öt chiß║┐c laptop ph&ugrave; hß╗úp cho c&aacute;c t&aacute;c vß╗Ñ nß║╖ng c&ocirc;ng viß╗çc - hß╗ìc tß║¡p,&nbsp;<a href=\"https://www.thegioididong.com/laptop/dell-inspiron-15-3530-i7-n3530i716w1\" target=\"_blank\">laptop Dell Inspiron 15 3530 i7 1355U&nbsp;(N3530I716W1)</a>&nbsp;vß╗¢i ─æ╞░ß╗¥ng n&eacute;t sang trß╗ìng, th&ocirc;ng sß╗æ v╞░ß╗út trß╗Öi c&ugrave;ng ─æa t&iacute;nh n─âng hß║Ñp dß║½n, l&agrave; sß╗▒ lß╗▒a chß╗ìn m&agrave; bß║ín n&ecirc;n c&acirc;n nhß║»c.</h3>\r\n\r\n<p><img alt=\"Dell Inspiron 15 3530 i7 1355U/16GB/512GB/2GB MX550/OfficeHS/Win11 (N3530I716W1)\" src=\"https://cdn.tgdd.vn/Products/Images/44/314841/Kit/dell-inspiron-15-3530-i7-n3530i716w1-glr-note.jpg\" /></p>\r\n\r\n<p>&bull; Bß╗Ö vi xß╗¡ l&yacute;&nbsp;<strong>Intel Core i7 1355U</strong>&nbsp;─æß║úm bß║úo sß╗⌐c mß║ính xß╗¡ l&yacute; v╞░ß╗út trß╗Öi, kh&ocirc;ng chß╗ë vß║¡n h&agrave;nh ho&agrave;n hß║úo mß╗ìi t&aacute;c vß╗Ñ hß╗ìc tß║¡p, doanh nghiß╗çp, giß║úi tr&iacute; th╞░ß╗¥ng ng&agrave;y m&agrave; c&ograve;n ─æ&aacute;p ß╗⌐ng hiß╗çu quß║ú cho ng╞░ß╗¥i d&ugrave;ng vß╗¢i c&aacute;c ch╞░╞íng tr&igrave;nh hß╗ìc phß╗⌐c tß║íp, chß║íy code hoß║╖c l&agrave;m viß╗çc ─æß╗ô hoß║í.</p>\r\n\r\n<p>&bull; Card rß╗¥i&nbsp;<strong>NVIDIA GeForce MX550 2 GB</strong>&nbsp;cung cß║Ñp khß║ú n─âng xß╗¡ l&yacute; ─æß╗ô hoß║í tß╗æt, gi&uacute;p bß║ín l&agrave;m viß╗çc thiß║┐t kß║┐, s&aacute;ng tß║ío dß╗à d&agrave;ng tr&ecirc;n c&aacute;c nß╗ün tß║úng: Photoshop, AI, Figma,... hoß║╖c ch╞íi c&aacute;c game hot nh╞░: LOL, Valorant, CS:GO,...</p>\r\n\r\n<p>&bull; Vß╗¢i<strong>&nbsp;RAM 16 GB DDR4</strong>&nbsp;mang ─æß║┐n dung l╞░ß╗úng ß║Ñn t╞░ß╗úng ─æß╗â ng╞░ß╗¥i d&ugrave;ng thao t&aacute;c c&ugrave;ng l&uacute;c hiß╗çu quß║ú tr&ecirc;n nhiß╗üu ß╗⌐ng dß╗Ñng l&agrave;m viß╗çc, giß║úi tr&iacute;, ─æß╗ô hoß║í, chuyß╗ân qua lß║íi linh hoß║ít m&agrave; kh&ocirc;ng lo bß╗ï ─æ╞í hay lag.</p>\r\n\r\n<p>&bull; ß╗ö cß╗⌐ng&nbsp;<strong>SSD 512 GB</strong>&nbsp;tr&ecirc;n chiß║┐c&nbsp;<a href=\"https://www.thegioididong.com/laptop?g=hoc-tap-van-phong\" target=\"_blank\">laptop hß╗ìc tß║¡p - v─ân ph&ograve;ng</a>&nbsp;n&agrave;y cho ng╞░ß╗¥i d&ugrave;ng ─æß╗º kh&ocirc;ng gian ─æß╗â l╞░u trß╗» c&aacute;c tß╗çp tin, dß╗» liß╗çu, t&agrave;i liß╗çu hß╗ìc tß║¡p v&agrave; c&ocirc;ng viß╗çc cß╗ºa m&igrave;nh, n&acirc;ng cß║Ñp dung l╞░ß╗úng l&ecirc;n ─æß║┐n&nbsp;<strong>2 TB</strong>&nbsp;dß╗à d&agrave;ng bß║▒ng c&aacute;ch th&aacute;o lß║»p. Ngo&agrave;i ra, ß╗ò SSD c&ograve;n cung cß║Ñp tß╗æc ─æß╗Ö ─æß╗ìc v&agrave; ghi nhanh h╞ín so vß╗¢i ß╗ò ─æ─⌐a cß╗⌐ng th&ocirc;ng th╞░ß╗¥ng, tß╗½ ─æ&oacute; cß║úi thiß╗çn tß╗æc ─æß╗Ö truy cß║¡p v&agrave; l╞░u trß╗» dß╗» liß╗çu.</p>\r\n\r\n<p>&bull; M&agrave;n h&igrave;nh&nbsp;<strong>15.6 inch&nbsp;</strong>─æß╗Ö ph&acirc;n giß║úi&nbsp;<strong>Full HD (1920 x 1080)&nbsp;</strong>─æi c&ugrave;ng c&ocirc;ng nghß╗ç&nbsp;<strong>LED Backlit</strong>&nbsp;cung cß║Ñp m&agrave;u sß║»c ch&acirc;n thß╗▒c, g&oacute;c nh&igrave;n rß╗Öng, gi&uacute;p ng╞░ß╗¥i d&ugrave;ng c&oacute; trß║úi nghiß╗çm giß║úi tr&iacute; tuyß╗çt vß╗¥i, m&agrave;n h&igrave;nh lß╗¢n ─æß║╖c biß╗çt ph&ugrave; hß╗úp vß╗¢i c&aacute;c c&ocirc;ng viß╗çc b&agrave;n giß║Ñy hay ─æß╗ô hoß║í.&nbsp;</p>\r\n\r\n<p>&bull; Tß║ºn sß╗æ qu&eacute;t cao&nbsp;<strong>120 Hz&nbsp;</strong>cho khß║ú n─âng hiß╗ân thß╗ï chuyß╗ân ─æß╗Öng th&ecirc;m m╞░ß╗út m&agrave; v&agrave; ch&iacute;nh x&aacute;c, h&igrave;nh ß║únh kh&ocirc;ng bß╗ï nho&egrave; mß╗¥ hay r&aacute;ch khi trß║úi nghiß╗çm c&aacute;c bß╗Ö phim h&agrave;nh ─æß╗Öng hoß║╖c nhß╗»ng tß╗▒a game ─æua xe c&oacute; tß╗æc ─æß╗Ö cao. C&ocirc;ng nghß╗ç chß╗æng ch&oacute;i&nbsp;<strong>Anti Glare</strong>&nbsp;c┼⌐ng khß║»c phß╗Ñc tß╗æi ─æa t&igrave;nh trß║íng hiß╗ân thß╗ï bß╗ï mß╗¥ khi c&oacute; nguß╗ôn s&aacute;ng cao chiß║┐u trß╗▒c tiß║┐p v&agrave;o m&agrave;n h&igrave;nh.</p>\r\n\r\n<p>&bull; C&ocirc;ng nghß╗ç&nbsp;<strong>Realtek Audio</strong>&nbsp;gi&uacute;p cß║úi thiß╗çn chß║Ñt l╞░ß╗úng &acirc;m thanh tr&ecirc;n&nbsp;<a href=\"https://www.thegioididong.com/laptop\" target=\"_blank\">laptop</a>, cho ng╞░ß╗¥i d&ugrave;ng trß║úi nghiß╗çm &acirc;m thanh tß╗æt h╞ín khi xem phim, nghe nhß║íc hay gß╗ìi video.</p>\r\n\r\n<p>&bull;&nbsp;<strong>Vß╗Å nhß╗▒a&nbsp;</strong>kß║┐t hß╗úp vß╗¢i t&ocirc;ng&nbsp;<strong>m&agrave;u bß║íc&nbsp;</strong>sang trß╗ìng c&ugrave;ng kiß╗âu d&aacute;ng thß╗¥i th╞░ß╗úng mang lß║íi cho&nbsp;<a href=\"https://www.thegioididong.com/laptop-dell-inspiron\" target=\"_blank\">laptop Dell Inspiron</a>&nbsp;vß║╗ ngo&agrave;i thu h&uacute;t, sß╗¡ dß╗Ñng chuy&ecirc;n nghiß╗çp v&agrave; ph&ugrave; hß╗úp ß╗ƒ bß║Ñt cß╗⌐ m&ocirc;i tr╞░ß╗¥ng n&agrave;o. Nhß║╣ nh&agrave;ng v&agrave; thanh tho&aacute;t vß╗¢i khß╗æi l╞░ß╗úng tß╗òng thß╗â&nbsp;<strong>1.65 kg</strong>, thuß║¡n tiß╗çn mang theo b&ecirc;n m&igrave;nh cß║ú ng&agrave;y.</p>\r\n\r\n<p>&bull; Truy cß║¡p an to&agrave;n v&agrave; nhanh ch&oacute;ng chß╗ë vß╗¢i 1 chß║ím ─æ╞ín giß║ún vß╗¢i t&iacute;nh n─âng&nbsp;<strong>bß║úo mß║¡t v&acirc;n tay</strong>.&nbsp;<a href=\"https://www.thegioididong.com/laptop-dell\" target=\"_blank\">Laptop Dell</a>&nbsp;c&ograve;n ─æ╞░ß╗úc trang bß╗ï c&aacute;c cß╗òng giao tiß║┐p nh╞░: HDMI, USB Type-C, USB 3.2, USB 2.0,... cho ph&eacute;p ng╞░ß╗¥i d&ugrave;ng kß║┐t nß╗æi vß╗¢i c&aacute;c thiß║┐t bß╗ï ngoß║íi vi kh&aacute;c nhau.</p>',10,25390000,24900000,1,0,'<p>Dung l╞░ß╗úng ram 16GB<br />\r\nBß╗Ö nhß╗¢ SSD 512GB</p>\r\n\r\n<p>Vega MX550 2GB</p>','/storage/photos/product/dell-inspiron-15-3530-i7-n3530i716w1-slider-fix-1-2040x1140.jpg','2024-05-02 08:50:20','2024-05-06 20:03:12','0',12,1,3),(25,'Laptop Dell Inspiron 15 3530 i5 1335U','laptop-dell-inspiron-15-3530-i5-1335u','<h3><a href=\"https://www.thegioididong.com/laptop/dell-inspiron-15-3530-i5-71014840\" target=\"_blank\">Laptop Dell Inspiron 15 3530 i5 1335U&nbsp;(71014840)</a>&nbsp;sß╗ƒ hß╗»u d&aacute;ng vß║╗ hiß╗çn ─æß║íi ─æß║ºy sang trß╗ìng, hiß╗çu n─âng miß╗àn ch&ecirc; vß╗¢i chip Intel thß║┐ hß╗ç 13 ho&agrave;n to&agrave;n mß╗¢i c&ugrave;ng card ─æß╗ô hoß║í rß╗¥i. Chiß║┐c&nbsp;<a href=\"https://www.thegioididong.com/laptop?g=hoc-tap-van-phong\" target=\"_blank\">laptop hß╗ìc tß║¡p - v─ân ph&ograve;ng</a>&nbsp;n&agrave;y chß║»c chß║»n l&agrave; sß║╜ sß╗▒ lß╗▒a chß╗ìn tuyß╗çt vß╗¥i gi&uacute;p bß║ín ─æ&aacute;p ß╗⌐ng ─æß║ºy ─æß╗º mß╗ìi nhu cß║ºu.</h3>\r\n\r\n<p>&bull;&nbsp;<a href=\"https://www.thegioididong.com/laptop\" target=\"_blank\">Laptop</a>&nbsp;─æ╞░ß╗úc trang bß╗ï bß╗Ö vi xß╗¡ l&yacute;&nbsp;<strong>Intel Core i5 1335U</strong>&nbsp;thuß╗Öc thß║┐ hß╗ç 13 c&oacute; tß╗æc ─æß╗Ö xung nhß╗ïp tß╗æi ─æa l&ecirc;n ─æß║┐n&nbsp;<strong>4.6 GHz&nbsp;</strong>nhß╗¥ c&ocirc;ng nghß╗ç&nbsp;<strong>Turbo Boost</strong>, c&oacute; hiß╗çu n─âng xß╗¡ l&yacute; v╞░ß╗út trß╗Öi, giß║úi quyß║┐t nhß║╣ nh&agrave;ng cho bß║ín mß╗ìi t&aacute;c vß╗Ñ hß╗ìc tß║¡p, l&agrave;m viß╗çc tr&ecirc;n Office, Google,... hoß║╖c n&acirc;ng cao h╞ín nh╞░ c&aacute;c phß║ºn mß╗üm m&aacute;y hß╗ìc ─æ╞ín giß║ún, coding v&agrave; ─æß╗ô hoß║í.</p>\r\n\r\n<p>&bull; Card rß╗¥i&nbsp;<strong>NVIDIA GeForce MX550 2 GB</strong>&nbsp;mang ─æß║┐n khß║ú n─âng xß╗¡ l&yacute; ─æß╗ô hß╗ìa v╞░ß╗út trß╗Öi, ─æ&aacute;p ß╗⌐ng tß╗æt c&aacute;c nhu cß║ºu s&aacute;ng tß║ío cß╗ºa ng╞░ß╗¥i d&ugrave;ng tr&ecirc;n c&aacute;c nß╗ün tß║úng nh╞░ Photoshop, Figma, Lightroom, Illustrator,... hay ch╞íi mß╗Öt sß╗æ tß╗▒a game hot.</p>\r\n\r\n<p>&bull; Bß╗Ö nhß╗¢&nbsp;<strong>RAM 8 GB&nbsp;</strong>c&oacute; tß╗æc ─æß╗Ö Bus tß╗æi ─æa&nbsp;<strong>3200 MHz</strong>&nbsp;cho khß║ú n─âng ─æa nhiß╗çm ─æ&aacute;ng kinh ngß║íc, bß║ín c&oacute; thß╗â thoß║úi m&aacute;i thao t&aacute;c tr&ecirc;n nhiß╗üu ß╗⌐ng dß╗Ñng m&agrave; kh&ocirc;ng lo gß║╖p hiß╗çn t╞░ß╗úng giß║¡t lag hay gi&aacute;n ─æoß║ín.</p>\r\n\r\n<p>&bull; ß╗ö cß╗⌐ng&nbsp;<strong>SSD 512 GB</strong>&nbsp;mang ─æß║┐n mß╗Öt kh&ocirc;ng gian l╞░u trß╗» t╞░╞íng ─æß╗æi rß╗Öng lß╗¢n v&agrave; ─æß║ºy ─æß╗º cho c&aacute;c ß╗⌐ng dß╗Ñng, t&agrave;i liß╗çu cß╗ºa bß║ín, ─æß╗ông thß╗¥i c┼⌐ng cho ph&eacute;p khß╗ƒi ─æß╗Öng c&aacute;c phß║ºn mß╗üm ß╗⌐ng dß╗Ñng nhanh ch&oacute;ng chß╗ë trong v&agrave;i gi&acirc;y.</p>\r\n\r\n<p>&bull; M&agrave;n h&igrave;nh&nbsp;<a href=\"https://www.thegioididong.com/laptop-dell\" target=\"_blank\">laptop Dell</a>&nbsp;c&oacute; k&iacute;ch th╞░ß╗¢c&nbsp;<strong>15.6 inch</strong>, ─æ╞░ß╗úc trang bß╗ï c&ocirc;ng nghß╗ç&nbsp;<strong>WVA</strong>&nbsp;v&agrave; ─æß╗Ö ph&acirc;n giß║úi<strong>&nbsp;Full HD (1920 x 1080)</strong>, gi&uacute;p bß║ín trß║úi nghiß╗çm kh&ocirc;ng gian hiß╗ân thß╗ï nß╗Öi dung bao qu&aacute;t vß╗¢i g&oacute;c nh&igrave;n ─æ╞░ß╗úc mß╗ƒ rß╗Öng c&ugrave;ng chß║Ñt l╞░ß╗úng h&igrave;nh ß║únh r&otilde; n&eacute;t, ch&acirc;n thß╗▒c. Ngo&agrave;i ra, c&ocirc;ng nghß╗ç chß╗æng ch&oacute;i&nbsp;<strong>Anti Glare&nbsp;</strong>c&ograve;n gi&uacute;p ng╞░ß╗¥i d&ugrave;ng hß║ín chß║┐ ─æ╞░ß╗úc t&igrave;nh trß║íng b&oacute;ng g╞░╞íng khi d&ugrave;ng laptop ß╗ƒ n╞íi c&oacute; ─æß╗Ö s&aacute;ng cao.</p>\r\n\r\n<p>&bull; Ngo&agrave;i ra, vß╗¢i tß╗æc ─æß╗Ö l&agrave;m t╞░╞íi m&agrave;n h&igrave;nh&nbsp;<strong>120 Hz</strong>, bß║ín sß║╜ kh&ocirc;ng gß║╖p phß║úi c&aacute;c vß║Ñn ─æß╗ü nh╞░ r&aacute;ch h&igrave;nh, b&oacute;ng mß╗¥ hoß║╖c c&oacute; ─æß╗Ö trß╗à h&igrave;nh ß║únh khi trß║úi nghiß╗çm nhß╗»ng bß╗Ö phim v&agrave; game tß╗æc ─æß╗Ö cao.</p>\r\n\r\n<p>&bull; Vß╗¢i c&ocirc;ng nghß╗ç&nbsp;<strong>Realtek Audio</strong>, Dell Inspiron 3530 hß╗⌐a hß║╣n cung cß║Ñp &acirc;m thanh sß╗æng ─æß╗Öng, r&otilde; r&agrave;ng v&agrave; mß║ính mß║╜ ─æß╗â ─æem lß║íi trß║úi nghiß╗çm tß╗æt h╞ín khi xem phim, nghe nhß║íc.</p>\r\n\r\n<p>&bull;&nbsp;<a href=\"https://www.thegioididong.com/laptop-dell-inspiron\" target=\"_blank\">Laptop Dell Inspiron</a>&nbsp;─æ╞░ß╗úc ─æß╗ïnh h&igrave;nh vß╗¢i xu h╞░ß╗¢ng kiß╗âu d&aacute;ng hiß╗çn ─æß║íi, lß╗¢p<strong>&nbsp;vß╗Å nhß╗▒a&nbsp;</strong>cß╗⌐ng c&aacute;p c&ugrave;ng gam<strong>&nbsp;m&agrave;u bß║íc</strong>&nbsp;sang trß╗ìng ph&ugrave; hß╗úp ─æß╗â bß║ín c&oacute; thß╗â sß╗¡ dß╗Ñng ß╗ƒ bß║Ñt cß╗⌐ ─æ&acirc;u: c&ocirc;ng sß╗ƒ, tr╞░ß╗¥ng hß╗ìc hay nhß╗»ng qu&aacute;n coffee. M&aacute;y c&oacute; khß╗æi l╞░ß╗úng tß╗òng thß╗â&nbsp;<strong>1.63 kg</strong>, kh&ocirc;ng qu&aacute; nß║╖ng ─æß╗â ng╞░ß╗¥i d&ugrave;ng c&oacute; thß╗â mang theo b&ecirc;n m&igrave;nh cß║ú ng&agrave;y d&agrave;i.</p>\r\n\r\n<p>&bull; Vß╗¢i t&iacute;nh n─âng&nbsp;<strong>bß║úo mß║¡t v&acirc;n tay</strong>, ng╞░ß╗¥i d&ugrave;ng c&oacute; thß╗â truy cß║¡p v&agrave;o m&aacute;y dß╗à d&agrave;ng v&agrave; nhanh ch&oacute;ng chß╗ë vß╗¢i mß╗Öt chß║ím. Thiß║┐t bß╗ï c&oacute; c&aacute;c cß╗òng kß║┐t nß╗æi nh╞░: HDMI, USB v&agrave; USB Type-C vß╗½a mang ─æß║┐n sß╗▒ tinh gß╗ìn, vß╗½a hß╗ù trß╗ú ng╞░ß╗¥i d&ugrave;ng li&ecirc;n kß║┐t ß╗òn ─æß╗ïnh v&agrave; hiß╗çu quß║ú h╞ín.</p>',10,20990000,19000000,1,1,'<ul>\r\n	<li>\r\n	<p>H╞░ g&igrave; ─æß╗òi nß║Ñy&nbsp;<strong>12 th&aacute;ng</strong>&nbsp;tß║íi 3158 si&ecirc;u thß╗ï to&agrave;n quß╗æc (miß╗àn ph&iacute; th&aacute;ng ─æß║ºu)&nbsp;<a href=\"javascript:void(0)\" onclick=\"showPopupPolicy()\">Xem chi tiß║┐t</a></p>\r\n	</li>\r\n	<li>\r\n	<p>Bß║úo h&agrave;nh&nbsp;<strong>ch&iacute;nh h&atilde;ng laptop 1 n─âm</strong>&nbsp;tß║íi c&aacute;c trung t&acirc;m bß║úo h&agrave;nh h&atilde;ng&nbsp;<a href=\"https://www.thegioididong.com/bao-hanh/dell\" target=\"_blank\">Xem ─æß╗ïa chß╗ë bß║úo h&agrave;nh</a></p>\r\n	</li>\r\n	<li>\r\n	<p>Bß╗Ö sß║ún phß║⌐m gß╗ôm: Th&ugrave;ng m&aacute;y, Sß║íc Laptop Dell, S&aacute;ch h╞░ß╗¢ng dß║½n</p>\r\n	</li>\r\n</ul>','/storage/photos/vi-vn-dell-inspiron-15-3530-i5-71014840-slider-1.jpg','2024-05-02 08:52:52','2025-06-18 01:36:31','-5',15,2,8),(26,'─Éiß╗çn thoß║íi iPhone 15 128GB','dien-thoai-iphone-15-128gb','<h3><a href=\"https://cdn.tgdd.vn/Products/Images/42/303812/iphone-15-512gb-131023-110624.jpg\" onclick=\"return false;\"><img alt=\"iPhone 15 Tß╗òng quan\" src=\"https://cdn.tgdd.vn/Products/Images/42/303812/iphone-15-512gb-131023-110624.jpg\" /></a></h3>\r\n\r\n<p><a href=\"https://cdn.tgdd.vn/Products/Images/42/303812/iphone-15-512gb-131023-110626.jpg\" onclick=\"return false;\"><img alt=\"iPhone 15 Th├┤ng sß╗æ kß╗╣ thuß║¡t v├á t├¡nh n─âng\" src=\"https://cdn.tgdd.vn/Products/Images/42/303812/iphone-15-512gb-131023-110626.jpg\" /></a></p>\r\n\r\n<p><a href=\"https://cdn.tgdd.vn/Products/Images/42/303812/iphone-15-512gb-131023-110629.jpg\" onclick=\"return false;\"><img alt=\"iPhone 15 So s├ính\" src=\"https://cdn.tgdd.vn/Products/Images/42/303812/iphone-15-512gb-131023-110629.jpg\" /></a></p>\r\n\r\n<p><a href=\"https://cdn.tgdd.vn/Products/Images/42/303812/iphone-15-512gb-131023-110631.jpg\" onclick=\"return false;\"><img alt=\"iPhone 15 Chuyß╗ân ─æß╗òi\" src=\"https://cdn.tgdd.vn/Products/Images/42/303812/iphone-15-512gb-131023-110631.jpg\" /></a></p>\r\n\r\n<p><a href=\"https://cdn.tgdd.vn/Products/Images/42/303812/iphone-15-512gb-131023-110633.jpg\" onclick=\"return false;\"><img alt=\"iPhone 15 Phß╗Ñ kiß╗çn\" src=\"https://cdn.tgdd.vn/Products/Images/42/303812/iphone-15-512gb-131023-110633.jpg\" /></a></p>\r\n\r\n<p><strong>─Éß║╖c ─æiß╗âm nß╗òi bß║¡t cß╗ºa iPhone 15 128GB:</strong><br />\r\n&bull; Sß╗¡ dß╗Ñng kiß╗âu h&igrave;nh notch&nbsp;<a href=\"https://www.thegioididong.com/hoi-dap/dynamic-island-tren-iphone-14-dong-pro-la-gi-hoat-1468356\" target=\"_blank\">Dynamic Island</a>&nbsp;<br />\r\n&bull;&nbsp;Ra mß║»t vß╗¢i 5 phi&ecirc;n bß║ún m&agrave;u sß║»c v&agrave; ─æ╞░ß╗úc l&agrave;m tß╗½ k&iacute;nh pha m&agrave;u<br />\r\n&bull;&nbsp;Sß╗¡ dß╗Ñng&nbsp;<a href=\"https://www.thegioididong.com/hoi-dap/chip-a16-bionic-giup-iphone-14-lan-at-hieu-nang-1461587\" target=\"_blank\">Chip A16 Bionic</a>&nbsp;cho hiß╗çu n─âng v╞░ß╗út trß╗Öi<br />\r\n&bull;&nbsp;Trang bß╗ï camera ch&iacute;nh 48 MP,&nbsp;Telephoto 2x cho khß║ú n─âng chß╗Ñp ß║únh sß║»c n&eacute;t<br />\r\n&bull;&nbsp;M&agrave;n h&igrave;nh OLED Super Retina XDR cho chß║Ñt l╞░ß╗úng ─æß╗ô hß╗ìa l&yacute; t╞░ß╗ƒng<br />\r\n&bull;&nbsp;Hß╗ù trß╗ú sß║╡n hß╗ç ─æiß╗üu h&agrave;nh&nbsp;iOS 17&nbsp;mß╗¢i nhß║Ñt 2023</p>\r\n\r\n<h3>L&yacute; do chß╗ìn mua iPhone 15 128GB tß║íi Thß║┐ Giß╗¢i Di ─Éß╗Öng</h3>\r\n\r\n<p><strong>&bull; Chß║Ñt l╞░ß╗úng sß║ún phß║⌐m:</strong>&nbsp;Thß║┐ Giß╗¢i Di ─Éß╗Öng cam kß║┐t cung cß║Ñp sß║ún phß║⌐m iPhone 15 ch&iacute;nh h&atilde;ng v&agrave; ─æß║úm bß║úo chß║Ñt l╞░ß╗úng. ─Éiß╗üu n&agrave;y gi&uacute;p bß║ín y&ecirc;n t&acirc;m vß╗ü xuß║Ñt xß╗⌐ sß║ún phß║⌐m nhß║▒m mang ─æß║┐n sß╗▒ an t&acirc;m cho viß╗çc chß╗ìn mua sß║ún phß║⌐m.</p>\r\n\r\n<p><strong>&bull; ╞»u ─æ&atilde;i v&agrave; khuyß║┐n m&atilde;i:</strong>&nbsp;Thß║┐ Giß╗¢i Di ─Éß╗Öng th╞░ß╗¥ng xuy&ecirc;n c&oacute; c&aacute;c ch╞░╞íng tr&igrave;nh khuyß║┐n m&atilde;i, giß║úm gi&aacute; v&agrave; tß║╖ng qu&agrave; k&egrave;m, ─æiß╗üu n&agrave;y gi&uacute;p cho viß╗çc mua sß║»m iPhone 15 trß╗ƒ n&ecirc;n dß╗à d&agrave;ng tiß║┐p cß║¡n.</p>\r\n\r\n<p><strong>&bull; Hß╗ç thß╗æng cß╗¡a h&agrave;ng rß╗Öng r&atilde;i:</strong>&nbsp;Thß║┐ Giß╗¢i Di ─Éß╗Öng c&oacute; mß║íng l╞░ß╗¢i cß╗¡a h&agrave;ng rß╗Öng r&atilde;i tr&ecirc;n to&agrave;n quß╗æc, dß╗à d&agrave;ng tiß║┐p cß║¡n v&agrave; mua sß║»m. Bß║ín c&oacute; thß╗â kiß╗âm tra sß║ún phß║⌐m trß╗▒c tiß║┐p v&agrave; nhß║¡n sß╗▒ hß╗ù trß╗ú tß╗½ nh&acirc;n vi&ecirc;n tß║íi cß╗¡a h&agrave;ng.</p>\r\n\r\n<p><strong>&bull; Dß╗ïch vß╗Ñ hß║¡u m&atilde;i tß╗æt:</strong>&nbsp;Thß║┐ Giß╗¢i Di ─Éß╗Öng cung cß║Ñp dß╗ïch vß╗Ñ hß║¡u m&atilde;i chuy&ecirc;n nghiß╗çp, bao gß╗ôm bß║úo h&agrave;nh, sß╗¡a chß╗»a v&agrave; hß╗ù trß╗ú kß╗╣ thuß║¡t. ─Éiß╗üu n&agrave;y gi&uacute;p bß║ín giß║úi quyß║┐t mß╗ìi vß║Ñn ─æß╗ü kß╗╣ thuß║¡t hoß║╖c sß╗▒ cß╗æ vß╗ü sß║ún phß║⌐m dß╗à d&agrave;ng.</p>\r\n\r\n<p><strong>&bull; Hß╗ç thß╗æng trß║ú g&oacute;p linh hoß║ít:</strong>&nbsp;Thß║┐ Giß╗¢i Di ─Éß╗Öng cung cß║Ñp c&aacute;c lß╗▒a chß╗ìn trß║ú g&oacute;p ph&ugrave; hß╗úp vß╗¢i ng&acirc;n s&aacute;ch cß╗ºa bß║ín, gi&uacute;p bß║ín mua ─æ╞░ß╗úc sß║ún phß║⌐m mong muß╗æn m&agrave; kh&ocirc;ng cß║ºn thanh to&aacute;n to&agrave;n bß╗Ö sß╗æ tiß╗ün mß╗Öt l&uacute;c.</p>\r\n\r\n<p><strong>&bull; Uy t&iacute;n v&agrave; kinh nghiß╗çm:</strong>&nbsp;Vß╗¢i h╞ín 15 n─âm hoß║ít ─æß╗Öng tr&ecirc;n thß╗ï tr╞░ß╗¥ng, Thß║┐ Giß╗¢i Di ─Éß╗Öng ─æ&atilde; x&acirc;y dß╗▒ng ─æ╞░ß╗úc mß╗Öt uy t&iacute;n mß║ính mß║╜ trong ng&agrave;nh c&ocirc;ng nghiß╗çp ─æiß╗çn thoß║íi di ─æß╗Öng.</p>\r\n\r\n<p><strong>&bull; Dß╗ïch vß╗Ñ mua sß║»m trß╗▒c tuyß║┐n:&nbsp;</strong>Ngo&agrave;i c&aacute;c hß╗ç thß╗æng cß╗¡a h&agrave;ng si&ecirc;u thß╗ï, Thß║┐ Giß╗¢i Di ─Éß╗Öng c&ograve;n cung cß║Ñp dß╗ïch vß╗Ñ mua sß║»m trß╗▒c tuyß║┐n, gi&uacute;p bß║ín mua h&agrave;ng mß╗ìi l&uacute;c, mß╗ìi n╞íi v&agrave; dß╗à d&agrave;ng so s&aacute;nh gi&aacute; cß║ú.</p>\r\n\r\n<h3>Bß║úng so s&aacute;nh th&ocirc;ng sß╗æ&nbsp;phi&ecirc;n bß║ún iPhone 15 128GB v&agrave; iPhone 14 128GB</h3>\r\n\r\n<p>D╞░ß╗¢i ─æ&acirc;y sß║╜ l&agrave; bß║úng tß╗òng hß╗úp th&ocirc;ng sß╗æ kß╗╣ thuß║¡t giß╗»a hai thß║┐ hß╗ç ─æiß╗çn thoß║íi&nbsp;iPhone:</p>\r\n\r\n<table border=\"1\">\r\n	<tbody>\r\n		<tr>\r\n			<td>\r\n			<p><strong>Thuß╗Öc t&iacute;nh</strong></p>\r\n			</td>\r\n			<td>\r\n			<p><strong>iPhone 15 128GB</strong></p>\r\n			</td>\r\n			<td>\r\n			<p><strong>iPhone 14 128GB</strong></p>\r\n			</td>\r\n		</tr>\r\n		<tr>\r\n			<td>\r\n			<p><strong>M&agrave;n h&igrave;nh ch&iacute;nh</strong></p>\r\n			</td>\r\n			<td>\r\n			<p>OLED 6.1&quot;</p>\r\n\r\n			<p>Super Retina XDR</p>\r\n\r\n			<p>2000 nits</p>\r\n			</td>\r\n			<td>\r\n			<p>OLED 6.1&quot;</p>\r\n\r\n			<p>Super Retina XDR</p>\r\n\r\n			<p>1200 nits</p>\r\n			</td>\r\n		</tr>\r\n		<tr>\r\n			<td>\r\n			<p><strong>Chip xß╗¡ l&yacute;</strong></p>\r\n			</td>\r\n			<td>\r\n			<p>Apple A16 Bionic 6 nh&acirc;n</p>\r\n			</td>\r\n			<td>\r\n			<p>Apple A15 Bionic 6 nh&acirc;n</p>\r\n			</td>\r\n		</tr>\r\n		<tr>\r\n			<td>\r\n			<p><strong>Camera tr╞░ß╗¢c</strong></p>\r\n			</td>\r\n			<td>\r\n			<p>12 MP</p>\r\n			</td>\r\n			<td>\r\n			<p>12 MP</p>\r\n			</td>\r\n		</tr>\r\n		<tr>\r\n			<td>\r\n			<p><strong>Camera sau</strong></p>\r\n			</td>\r\n			<td>\r\n			<p>Ch&iacute;nh 48 MP &amp; Phß╗Ñ 12 MP</p>\r\n			</td>\r\n			<td>\r\n			<p>2 camera 12 MP</p>\r\n			</td>\r\n		</tr>\r\n		<tr>\r\n			<td>\r\n			<p><strong>RAM</strong></p>\r\n			</td>\r\n			<td>\r\n			<p>6 GB</p>\r\n			</td>\r\n			<td>\r\n			<p>6 GB</p>\r\n			</td>\r\n		</tr>\r\n		<tr>\r\n			<td>\r\n			<p><strong>Bß╗Ö nhß╗¢ trong</strong></p>\r\n			</td>\r\n			<td>\r\n			<p>128 GB</p>\r\n			</td>\r\n			<td>\r\n			<p>128 GB</p>\r\n			</td>\r\n		</tr>\r\n		<tr>\r\n			<td>\r\n			<p><strong>Dung l╞░ß╗úng pin</strong></p>\r\n			</td>\r\n			<td>\r\n			<p>3349 mAh</p>\r\n			</td>\r\n			<td>\r\n			<p>3279 mAh</p>\r\n			</td>\r\n		</tr>\r\n		<tr>\r\n			<td>\r\n			<p><strong>C&ocirc;ng suß║Ñt sß║íc</strong></p>\r\n			</td>\r\n			<td>\r\n			<p>20 W</p>\r\n			</td>\r\n			<td>\r\n			<p>20 W</p>\r\n			</td>\r\n		</tr>\r\n	</tbody>\r\n</table>\r\n\r\n<h3><a href=\"https://www.thegioididong.com/dtdd/iphone-15\" target=\"_blank\">iPhone 15 128GB</a>&nbsp;l&agrave; mß║½u ─æiß╗çn thoß║íi cao cß║Ñp ─æ╞░ß╗úc Apple cho ra mß║»t v&agrave;o th&aacute;ng 09/2023, m&aacute;y nhß║¡n ─æ╞░ß╗úc nhiß╗üu sß╗▒ ch&uacute; &yacute; ─æß║┐n tß╗½ ng╞░ß╗¥i d&ugrave;ng khi mang trong m&igrave;nh bß╗Ö cß║Ñu h&igrave;nh cß╗▒c khß╗ºng, vß║╗ ngo&agrave;i thu h&uacute;t c&ugrave;ng khß║ú n─âng quay video - chß╗Ñp ß║únh ─æß╗ënh cao.</h3>\r\n\r\n<h3>Thiß║┐t kß║┐ thß╗¥i th╞░ß╗úng</h3>\r\n\r\n<p>Khi nh&igrave;n lß║ºn ─æß║ºu v&agrave;o iPhone 15, m&igrave;nh kh&ocirc;ng thß╗â kh&ocirc;ng li&ecirc;n t╞░ß╗ƒng ngay ─æß║┐n phi&ecirc;n bß║ún tr╞░ß╗¢c ─æ&oacute; l&agrave; iPhone 14. D&ugrave; c&oacute; nhiß╗üu cß║úi tiß║┐n, hai chiß║┐c ─æiß╗çn thoß║íi vß║½n c&oacute; ngoß║íi h&igrave;nh kh&aacute; giß╗æng nhau. Mß║╖c d&ugrave; vß║¡y, cß║Ñu tr&uacute;c vu&ocirc;ng vß╗⌐c cß╗ºa ch&uacute;ng, c&ugrave;ng vß╗¢i sß╗▒ chß║┐ tß║ío tinh tß║┐ v&agrave; vß╗»ng chß║»c cß╗ºa mß║╖t l╞░ng v&agrave; khung, khiß║┐n m&igrave;nh cß║úm thß║Ñy hß╗⌐ng th&uacute; vß╗¢i sß║ún phß║⌐m n&agrave;y.</p>\r\n\r\n<p><a href=\"https://cdn.tgdd.vn/Products/42/281570/iphone-15-1-1020x570.jpg\" onclick=\"return false;\"><img alt=\"\" src=\"https://cdn.tgdd.vn/Products/42/281570/iphone-15-1-1020x570.jpg\" style=\"height:570px; width:1020px\" /></a></p>\r\n\r\n<p>Mß╗Öt ─æiß╗âm mß║ính m&agrave; m&igrave;nh muß╗æn nhß║»c ─æß║┐n l&agrave; cß║úm gi&aacute;c nhß║╣ nh&agrave;ng khi cß║ºm iPhone 15 lß║ºn ─æß║ºu, vß╗¢i khß╗æi l╞░ß╗úng chß╗ë 171 g. ─Éiß╗üu n&agrave;y khiß║┐n n&oacute; trß╗ƒ n&ecirc;n v&ocirc; c&ugrave;ng thoß║úi m&aacute;i khi nß║»m trong l&ograve;ng b&agrave;n tay, nh╞░ thß╗â ─æ╞░ß╗úc thiß║┐t kß║┐ ─æß║╖c biß╗çt cho m&igrave;nh vß║¡y.</p>\r\n\r\n<p><a href=\"https://cdn.tgdd.vn/Products/42/281570/iphone-15-2-1020x570-1.jpg\" onclick=\"return false;\"><img alt=\"\" src=\"https://cdn.tgdd.vn/Products/42/281570/iphone-15-2-1020x570-1.jpg\" style=\"height:570px; width:1020px\" /></a></p>\r\n\r\n<p>Apple n─âm nay ─æ&atilde; tß║ío ra mß╗Öt cß║úm gi&aacute;c th&uacute; vß╗ï bß║▒ng c&aacute;ch giß╗¢i thiß╗çu 5 phi&ecirc;n bß║ún m&agrave;u sß║»c cho&nbsp;<a href=\"https://www.thegioididong.com/dtdd-apple-iphone-15-series\" target=\"_blank\">iPhone 15</a>. Mß╗ùi phi&ecirc;n bß║ún ─æß╗üu c&oacute; mß╗Öt sß╗▒ t╞░╞íi mß╗¢i, kh&aacute;c biß╗çt v&agrave; ─æß║╖c biß╗çt l&agrave; ─æ&acirc;y l&agrave; nhß╗»ng m&agrave;u sß║»c trendy, hiß╗çn ─æß║íi rß║Ñt ph&ugrave; hß╗úp cho c&aacute;c bß║ín trß║╗, ─æiß╗üu n&agrave;y ─æ&atilde; khiß║┐n m&igrave;nh cß║úm thß║Ñy rß║Ñt h&aacute;o hß╗⌐c.</p>\r\n\r\n<p><a href=\"https://cdn.tgdd.vn/Products/42/281570/iphone-15-3-1020x570.jpg\" onclick=\"return false;\"><img alt=\"\" src=\"https://cdn.tgdd.vn/Products/42/281570/iphone-15-3-1020x570.jpg\" style=\"height:570px; width:1020px\" /></a></p>\r\n\r\n<p>─Éiß╗üu khiß║┐n iPhone 15 trß╗ƒ n&ecirc;n kh&aacute;c biß╗çt so vß╗¢i phi&ecirc;n bß║ún iPhone 14, ─æ&oacute; ch&iacute;nh l&agrave; mß║╖t l╞░ng dß║íng k&iacute;nh pha m&agrave;u. C&aacute;i c&aacute;ch m&agrave; n&oacute; phß║ún chiß║┐u &aacute;nh s&aacute;ng tß║ío n&ecirc;n mß╗Öt h&igrave;nh ß║únh rß║Ñt ─æß╗Öc ─æ&aacute;o, lß║í mß║»t. Khi nh&igrave;n v&agrave;o, m&igrave;nh cß║úm nhß║¡n ─æ╞░ß╗úc mß╗Öt sß╗▒ sang trß╗ìng v&agrave; trß║╗ trung, ─æiß╗üu m&agrave; m&igrave;nh lu&ocirc;n t&igrave;m kiß║┐m tr&ecirc;n mß╗Öt chiß║┐c ─æiß╗çn thoß║íi.</p>\r\n\r\n<p>Chß║Ñt liß╗çu ch&iacute;nh cß╗ºa&nbsp;<a href=\"https://www.thegioididong.com/dtdd\" target=\"_blank\">─æiß╗çn thoß║íi</a>&nbsp;l&agrave; phß║ºn khung viß╗ün sß╗¡ dß╗Ñng chß║Ñt liß╗çu nh&ocirc;m cao cß║Ñp c&ugrave;ng vß╗¢i k&iacute;nh c╞░ß╗¥ng lß╗▒c cho mß║╖t l╞░ng, c&aacute;i m&agrave; m&igrave;nh cß║úm nhß║¡n ─æ╞░ß╗úc ch&iacute;nh l&agrave; chß║Ñt l╞░ß╗úng ─æß╗ënh cao ngay tß╗½ lß║ºn ─æß║ºu chß║ím v&agrave;o.</p>\r\n\r\n<p><a href=\"https://cdn.tgdd.vn/Products/42/281570/iphone-15-4-1020x570.jpg\" onclick=\"return false;\"><img alt=\"\" src=\"https://cdn.tgdd.vn/Products/42/281570/iphone-15-4-1020x570.jpg\" style=\"height:570px; width:1020px\" /></a></p>\r\n\r\n<p>Cuß╗æi c&ugrave;ng, mß╗Öt thay ─æß╗òi ─æ&aacute;ng kß╗â m&agrave; Apple ─æ&atilde; thß╗▒c hiß╗çn trong n─âm nay, viß╗çc sß╗¡ dß╗Ñng cß╗òng sß║íc Type-C thay v&igrave; Lightning.&nbsp;Tr╞░ß╗¢c ─æ&acirc;y, m&igrave;nh lu&ocirc;n cß║úm thß║Ñy bß╗▒c bß╗Öi vß╗¢i viß╗çc mang theo nhiß╗üu d&acirc;y sß║íc kh&aacute;c nhau&nbsp;cho c&aacute;c thiß║┐t bß╗ï kh&aacute;c nhau. Nh╞░ng vß╗¢i cß╗òng sß║íc Type-C, m&igrave;nh thß║Ñy rß║Ñt tiß╗çn lß╗úi khi c&oacute; thß╗â sß║íc nhiß╗üu thiß║┐t bß╗ï vß╗¢i c&ugrave;ng mß╗Öt loß║íi c&aacute;p, kh&ocirc;ng chß╗ë tiß╗çn lß╗úi m&agrave; c&ograve;n gi&uacute;p m&igrave;nh tiß║┐t kiß╗çm kh&ocirc;ng gian ─æ&aacute;ng kß╗â.</p>\r\n\r\n<p><a href=\"https://cdn.tgdd.vn/Products/42/281570/iphone-15-5-1020x570.jpg\" onclick=\"return false;\"><img alt=\"\" src=\"https://cdn.tgdd.vn/Products/42/281570/iphone-15-5-1020x570.jpg\" style=\"height:570px; width:1020px\" /></a></p>\r\n\r\n<h3>Trang bß╗ï h&igrave;nh notch dß║íng Dynamic Island</h3>\r\n\r\n<p>M&igrave;nh muß╗æn chia sß║╗ vß╗ü mß╗Öt ─æß║╖c ─æiß╗âm th&uacute; vß╗ï tr&ecirc;n iPhone 15 m&agrave; m&igrave;nh thß╗▒c sß╗▒ th&iacute;ch, ─æ&oacute; ch&iacute;nh l&agrave; Dynamic Island. ─É&acirc;y l&agrave; mß╗Öt phß║ºn khuyß║┐t tr&ecirc;n m&agrave;n h&igrave;nh, h&igrave;nh dß║íng cß╗ºa n&oacute; giß╗æng nh╞░ mß╗Öt vi&ecirc;n thuß╗æc, chß╗⌐a camera TrueDepth v&agrave; c&aacute;c cß║úm biß║┐n cß║ºn thiß║┐t cho c&aacute;c t&iacute;nh n─âng nh╞░ Face ID v&agrave; Animoji.</p>\r\n\r\n<p><a href=\"https://cdn.tgdd.vn/Products/42/281570/iphone-15-6-1020x570.jpg\" onclick=\"return false;\"><img alt=\"\" src=\"https://cdn.tgdd.vn/Products/42/281570/iphone-15-6-1020x570.jpg\" style=\"height:570px; width:1020px\" /></a></p>\r\n\r\n<p>Dynamic Island kh&ocirc;ng chß╗ë ─æ╞ín thuß║ºn l&agrave; mß╗Öt phß║ºn khuyß║┐t ─æß╗â chß╗⌐a c&aacute;c cß║úm biß║┐n. N&oacute; c&ograve;n c&oacute; chß╗⌐c n─âng t╞░╞íng t&aacute;c rß║Ñt ─æß╗Öc ─æ&aacute;o. Chß║│ng hß║ín, khi c&oacute; th&ocirc;ng b&aacute;o mß╗¢i hoß║╖c khi m&igrave;nh ─æang sß╗¡ dß╗Ñng mß╗Öt ß╗⌐ng dß╗Ñng, Dynamic Island sß║╜ hiß╗ân thß╗ï c&aacute;c th&ocirc;ng tin li&ecirc;n quan nh╞░ t&ecirc;n ß╗⌐ng dß╗Ñng, thß╗¥i gian, trß║íng th&aacute;i cß╗ºa th&ocirc;ng b&aacute;o,...</p>\r\n\r\n<p>Thß║¡t th&uacute; vß╗ï khi m&igrave;nh c&oacute; thß╗â t╞░╞íng t&aacute;c vß╗¢i Dynamic Island theo nhiß╗üu c&aacute;ch kh&aacute;c nhau. Nhß║Ñn v&agrave;o Dynamic Island, m&igrave;nh sß║╜ quay lß║íi m&agrave;n h&igrave;nh ch&iacute;nh cß╗ºa ß╗⌐ng dß╗Ñng ─æang sß╗¡ dß╗Ñng. C&ograve;n khi chß╗ë nhß║Ñn giß╗», m&igrave;nh sß║╜ xem ─æ╞░ß╗úc c&aacute;c chß╗⌐c n─âng c╞í bß║ún cß╗ºa ß╗⌐ng dß╗Ñng ─æ&oacute; m&agrave; kh&ocirc;ng cß║ºn phß║úi truy cß║¡p thß║│ng v&agrave;o ß╗⌐ng dß╗Ñng, rß║Ñt tiß╗çn lß╗úi trong qu&aacute; tr&igrave;nh sß╗¡ dß╗Ñng cß╗ºa m&igrave;nh.</p>\r\n\r\n<p><a href=\"https://cdn.tgdd.vn/Products/42/281570/iphone-15-7-1020x570.jpg\" onclick=\"return false;\"><img alt=\"\" src=\"https://cdn.tgdd.vn/Products/42/281570/iphone-15-7-1020x570.jpg\" style=\"height:570px; width:1020px\" /></a></p>\r\n\r\n<p>Mß╗Öt ─æiß╗üu m&agrave; m&igrave;nh thß║¡t sß╗▒ y&ecirc;u th&iacute;ch vß╗ü Dynamic Island l&agrave; t&iacute;nh n─âng bong b&oacute;ng nh&acirc;n ─æ&ocirc;i. N&oacute; cho ph&eacute;p Dynamic Island t&aacute;ch th&agrave;nh hai phß║ºn ─æß╗â hiß╗ân thß╗ï th&ocirc;ng b&aacute;o tß╗½ hai ß╗⌐ng dß╗Ñng kh&aacute;c nhau (v&iacute; dß╗Ñ nh╞░ vß╗½a nghe nhß║íc v&agrave; sß╗¡ dß╗Ñng Google Maps), gi&uacute;p m&igrave;nh dß╗à d&agrave;ng nhß║¡n biß║┐t v&agrave; t╞░╞íng t&aacute;c vß╗¢i c&aacute;c th&ocirc;ng b&aacute;o.</p>\r\n\r\n<h3>Trang bß╗ï camera 48 MP</h3>\r\n\r\n<p>Hß╗ç thß╗æng camera sau cß╗ºa chiß║┐c&nbsp;<a href=\"https://www.thegioididong.com/dtdd-apple-iphone\" target=\"_blank\">─æiß╗çn thoß║íi iPhone</a>&nbsp;n&agrave;y gß╗ôm hai ß╗æng k&iacute;nh trong ─æ&oacute; camera ch&iacute;nh c&oacute; ─æß╗Ö ph&acirc;n giß║úi 48 MP v&agrave; ─æi c&ugrave;ng camera phß╗Ñ 12 MP. ─É╞░ß╗úc xem l&agrave; mß╗Öt b╞░ß╗¢c cß║úi tiß║┐n lß╗¢n so vß╗¢i n─âm ngo&aacute;i, khi camera ch&iacute;nh c┼⌐ng ─æ&atilde; ─æ╞░ß╗úc n&acirc;ng cß║Ñp gß║Ñp 4 lß║ºn so vß╗¢i iPhone 14 (camera ch&iacute;nh 12 MP).</p>\r\n\r\n<p>B&ecirc;n cß║ính viß╗çc n&acirc;ng cß║Ñp ß╗æng k&iacute;nh, nh&agrave; Apple c&ograve;n mang ─æß║┐n cho ch&uacute;ng ta nhiß╗üu t&iacute;nh n─âng th&uacute; vß╗ï gi&uacute;p hß╗ù trß╗ú quay chß╗Ñp trß╗ƒ n&ecirc;n chuy&ecirc;n nghiß╗çp nh╞░: Cinematic, Smart HDR 5, Action Mode,...</p>\r\n\r\n<p><a href=\"https://cdn.tgdd.vn/Products/42/281570/iphone-15-8-1020x570-1.jpg\" onclick=\"return false;\"><img alt=\"\" src=\"https://cdn.tgdd.vn/Products/42/281570/iphone-15-8-1020x570-1.jpg\" style=\"height:570px; width:1020px\" /></a></p>',20,22900000,19900000,1,0,'<ul>\r\n	<li>\r\n	<p>H╞░ g&igrave; ─æß╗òi nß║Ñy&nbsp;<strong>12 th&aacute;ng</strong>&nbsp;tß║íi 3158 si&ecirc;u thß╗ï to&agrave;n quß╗æc (miß╗àn ph&iacute; th&aacute;ng ─æß║ºu)&nbsp;<a href=\"javascript:void(0)\" onclick=\"showPopupPolicy()\">Xem chi tiß║┐t</a></p>\r\n	</li>\r\n	<li>\r\n	<p>Bß║úo h&agrave;nh&nbsp;<strong>ch&iacute;nh h&atilde;ng ─æiß╗çn thoß║íi 1 n─âm</strong>&nbsp;tß║íi c&aacute;c trung t&acirc;m bß║úo h&agrave;nh h&atilde;ng&nbsp;<a href=\"https://www.thegioididong.com/bao-hanh/apple\" target=\"_blank\">Xem ─æß╗ïa chß╗ë bß║úo h&agrave;nh</a></p>\r\n	</li>\r\n	<li>\r\n	<p>Bß╗Ö sß║ún phß║⌐m gß╗ôm: Hß╗Öp, S&aacute;ch h╞░ß╗¢ng dß║½n, C&acirc;y lß║Ñy sim, C&aacute;p Type C&nbsp;<a href=\"javascript:\">Xem h&igrave;nh</a></p>\r\n	</li>\r\n</ul>','/storage/photos/iphone-15-den-1.jpg','2024-05-02 09:04:21','2024-05-14 08:10:53','0',2,0,0),(27,'─Éiß╗çn thoß║íi iPhone 15 Pro Max 256GB','dien-thoai-iphone-15-pro-max-256gb','<h3>L&yacute; do chß╗ìn mua iPhone 15 Pro Max tß║íi Thß║┐ Giß╗¢i Di ─Éß╗Öng</h3>\r\n\r\n<p>iPhone 15 Pro Max l&agrave; mß╗Öt chiß║┐c ─æiß╗çn thoß║íi th&ocirc;ng minh cao cß║Ñp ─æ╞░ß╗úc mong ─æß╗úi nhß║Ñt n─âm 2023. Vß╗¢i nhiß╗üu t&iacute;nh n─âng mß╗¢i v&agrave; cß║úi tiß║┐n, iPhone 15 Pro Max chß║»c chß║»n sß║╜ l&agrave; mß╗Öt lß╗▒a chß╗ìn tuyß╗çt vß╗¥i cho nhß╗»ng ng╞░ß╗¥i d&ugrave;ng ─æang t&igrave;m kiß║┐m mß╗Öt chiß║┐c ─æiß╗çn thoß║íi c&oacute; hiß╗çu n─âng mß║ính mß║╜, camera chß║Ñt l╞░ß╗úng v&agrave; thiß║┐t kß║┐ sang trß╗ìng.</p>\r\n\r\n<p><strong>&bull; Sß║ún phß║⌐m ch&iacute;nh h&atilde;ng, ─æß║úm bß║úo chß║Ñt l╞░ß╗úng:&nbsp;</strong>Thß║┐ Giß╗¢i Di ─Éß╗Öng l&agrave; nh&agrave; b&aacute;n lß║╗ ─æiß╗çn thoß║íi di ─æß╗Öng lß╗¢n nhß║Ñt Viß╗çt Nam, cam kß║┐t cung cß║Ñp sß║ún phß║⌐m ch&iacute;nh h&atilde;ng, ─æß║úm bß║úo chß║Ñt l╞░ß╗úng. Bß║ín c&oacute; thß╗â y&ecirc;n t&acirc;m vß╗ü xuß║Ñt xß╗⌐ sß║ún phß║⌐m v&agrave; c&oacute; thß╗â tß║¡n h╞░ß╗ƒng trß║úi nghiß╗çm sß╗¡ dß╗Ñng tß╗æt nhß║Ñt.</p>\r\n\r\n<p><strong>&bull; ╞»u ─æ&atilde;i v&agrave; khuyß║┐n m&atilde;i hß║Ñp dß║½n:</strong>&nbsp;Thß║┐ Giß╗¢i Di ─Éß╗Öng th╞░ß╗¥ng xuy&ecirc;n c&oacute; c&aacute;c ch╞░╞íng tr&igrave;nh khuyß║┐n m&atilde;i, giß║úm gi&aacute; v&agrave; tß║╖ng qu&agrave; k&egrave;m, gi&uacute;p bß║ín tiß║┐t kiß╗çm ─æ╞░ß╗úc mß╗Öt khoß║ún tiß╗ün khi mua iPhone 15 Pro Max.</p>\r\n\r\n<p><strong>&bull; Hß╗ç thß╗æng cß╗¡a h&agrave;ng rß╗Öng khß║»p:</strong>&nbsp;Thß║┐ Giß╗¢i Di ─Éß╗Öng c&oacute; mß║íng l╞░ß╗¢i cß╗¡a h&agrave;ng rß╗Öng khß║»p tr&ecirc;n to&agrave;n quß╗æc, gi&uacute;p bß║ín dß╗à d&agrave;ng t&igrave;m ─æ╞░ß╗úc mß╗Öt cß╗¡a h&agrave;ng gß║ºn nh&agrave; ─æß╗â mua sß║»m. Bß║ín c┼⌐ng c&oacute; thß╗â trß╗▒c tiß║┐p kiß╗âm tra sß║ún phß║⌐m v&agrave; nhß║¡n sß╗▒ hß╗ù trß╗ú tß╗½ nh&acirc;n vi&ecirc;n tß║íi cß╗¡a h&agrave;ng.</p>\r\n\r\n<p><strong>&bull; Dß╗ïch vß╗Ñ hß║¡u m&atilde;i chuy&ecirc;n nghiß╗çp:&nbsp;</strong>Thß║┐ Giß╗¢i Di ─Éß╗Öng cung cß║Ñp dß╗ïch vß╗Ñ hß║¡u m&atilde;i chuy&ecirc;n nghiß╗çp, bao gß╗ôm bß║úo h&agrave;nh, sß╗¡a chß╗»a v&agrave; hß╗ù trß╗ú kß╗╣ thuß║¡t. ─Éiß╗üu n&agrave;y gi&uacute;p bß║ín y&ecirc;n t&acirc;m vß╗ü viß╗çc sß╗¡ dß╗Ñng trong thß╗¥i gian d&agrave;i.</p>\r\n\r\n<p><strong>&bull; Trß║ú g&oacute;p linh hoß║ít:</strong>&nbsp;Thß║┐ Giß╗¢i Di ─Éß╗Öng cung cß║Ñp c&aacute;c lß╗▒a chß╗ìn trß║ú g&oacute;p ph&ugrave; hß╗úp vß╗¢i ng&acirc;n s&aacute;ch cß╗ºa bß║ín, gi&uacute;p bß║ín mua ─æ╞░ß╗úc sß║ún phß║⌐m mong muß╗æn m&agrave; kh&ocirc;ng cß║ºn thanh to&aacute;n to&agrave;n bß╗Ö sß╗æ tiß╗ün mß╗Öt l&uacute;c.</p>\r\n\r\n<p><strong>&bull; Uy t&iacute;n v&agrave; kinh nghiß╗çm l&acirc;u n─âm:&nbsp;</strong>Vß╗¢i h╞ín 15 n─âm hoß║ít ─æß╗Öng tr&ecirc;n thß╗ï tr╞░ß╗¥ng, Thß║┐ Giß╗¢i Di ─Éß╗Öng ─æ&atilde; x&acirc;y dß╗▒ng ─æ╞░ß╗úc mß╗Öt uy t&iacute;n mß║ính mß║╜ trong ng&agrave;nh c&ocirc;ng nghiß╗çp ─æiß╗çn thoß║íi di ─æß╗Öng. ─Éiß╗üu n&agrave;y gi&uacute;p bß║ín y&ecirc;n t&acirc;m vß╗ü viß╗çc mua sß║»m tß║íi Thß║┐ Giß╗¢i Di ─Éß╗Öng.</p>\r\n\r\n<h3><strong>So s&aacute;nh iPhone 15 Pro Max 256 GB v&agrave; c&aacute;c sß║ún phß║⌐m iPhone 15 Series kh&aacute;c?</strong></h3>\r\n\r\n<table border=\"1\">\r\n	<tbody>\r\n		<tr>\r\n			<td>\r\n			<p><strong>Ti&ecirc;u ch&iacute;</strong></p>\r\n			</td>\r\n			<td>\r\n			<p><strong>iPhone 15 Pro Max 256 GB</strong></p>\r\n			</td>\r\n			<td>\r\n			<p><strong>iPhone 15 Pro 256 GB</strong></p>\r\n			</td>\r\n			<td>\r\n			<p><strong>iPhone 15 Plus 256 GB</strong></p>\r\n			</td>\r\n			<td>\r\n			<p><strong>iPhone 256 GB</strong></p>\r\n			</td>\r\n		</tr>\r\n		<tr>\r\n			<td>\r\n			<p>M&agrave;n h&igrave;nh</p>\r\n			</td>\r\n			<td>\r\n			<p>&nbsp; &nbsp;&bull; K&iacute;ch th╞░ß╗¢c: 6.7 inch</p>\r\n\r\n			<p>&nbsp; &nbsp;&bull; Super Retina XDR OLED</p>\r\n\r\n			<p>&nbsp; &nbsp;&bull; C&ocirc;ng nghß╗ç ProMotion</p>\r\n\r\n			<p>&nbsp; &nbsp;&bull; Dynamic Island</p>\r\n\r\n			<p>&nbsp; &nbsp;&bull; 2796 x 1290 pixels</p>\r\n			</td>\r\n			<td>\r\n			<p>&nbsp; &nbsp;&bull; K&iacute;ch th╞░ß╗¢c: 6.1 inch</p>\r\n\r\n			<p>&nbsp; &nbsp;&bull; Super Retina XDR OLED</p>\r\n\r\n			<p>&nbsp; &nbsp;&bull; C&ocirc;ng nghß╗ç ProMotion</p>\r\n\r\n			<p>&nbsp; &nbsp;&bull; Dynamic Island</p>\r\n\r\n			<p>&nbsp; &nbsp;&bull; 2556 x 1179 pixels</p>\r\n			</td>\r\n			<td>\r\n			<p>&nbsp; &nbsp;&bull; K&iacute;ch th╞░ß╗¢c: 6.7 inch</p>\r\n\r\n			<p>&nbsp; &nbsp;&bull; Super Retina XDR OLED</p>\r\n\r\n			<p>&nbsp; &nbsp;&bull; Dynamic Island</p>\r\n\r\n			<p>&nbsp; &nbsp;&bull; 2796 x 1290 pixels</p>\r\n			</td>\r\n			<td>\r\n			<p>&nbsp; &nbsp;&bull; K&iacute;ch th╞░ß╗¢c: 6.1 inch</p>\r\n\r\n			<p>&nbsp; &nbsp;&bull; Super Retina XDR OLED</p>\r\n\r\n			<p>&nbsp; &nbsp;&bull; Dynamic Island</p>\r\n\r\n			<p>&nbsp; &nbsp;&bull; 2556 x 1179 pixels</p>\r\n			</td>\r\n		</tr>\r\n		<tr>\r\n			<td>\r\n			<p>K&iacute;ch th╞░ß╗¢c v&agrave; khß╗æi l╞░ß╗úng</p>\r\n			</td>\r\n			<td>\r\n			<p>&nbsp; &nbsp;&bull; 159.9 mm x 76.7 mm x 8.25 mm</p>\r\n\r\n			<p>&nbsp; &nbsp;&bull; 221 gram</p>\r\n			</td>\r\n			<td>\r\n			<p>&nbsp; &nbsp;&bull; 146.6 mm x 70.6 mm x 8.25 mm</p>\r\n\r\n			<p>&nbsp; &nbsp;&bull; 187g</p>\r\n			</td>\r\n			<td>\r\n			<p>&nbsp; &nbsp;&bull; 160.9 mm x 77.8 mm x 7.8 mm</p>\r\n\r\n			<p>&nbsp; &nbsp;&bull; 201 gram</p>\r\n			</td>\r\n			<td>\r\n			<p>&nbsp; &nbsp;&bull; 147.6 mm x 71.6 mm x 7.8 mm</p>\r\n\r\n			<p>&nbsp; &nbsp;&bull; 171 gram</p>\r\n			</td>\r\n		</tr>\r\n		<tr>\r\n			<td>\r\n			<p>Khung viß╗ün</p>\r\n			</td>\r\n			<td>\r\n			<p>Titanium</p>\r\n			</td>\r\n			<td>\r\n			<p>Titanium</p>\r\n			</td>\r\n			<td>\r\n			<p>Nh&ocirc;m</p>\r\n			</td>\r\n			<td>\r\n			<p>Nh&ocirc;m</p>\r\n			</td>\r\n		</tr>\r\n		<tr>\r\n			<td>\r\n			<p>Chip</p>\r\n			</td>\r\n			<td>\r\n			<p>Apple A17 Pro</p>\r\n			</td>\r\n			<td>\r\n			<p>Apple A17 Pro</p>\r\n			</td>\r\n			<td>\r\n			<p>Apple A16 Bionic</p>\r\n			</td>\r\n			<td>\r\n			<p>Apple A16 Bionic</p>\r\n			</td>\r\n		</tr>\r\n		<tr>\r\n			<td>\r\n			<p>Dung l╞░ß╗úng</p>\r\n			</td>\r\n			<td>\r\n			<p>&nbsp; &nbsp;&bull; 256GB</p>\r\n\r\n			<p>&nbsp; &nbsp;&bull; 512GB</p>\r\n\r\n			<p>&nbsp; &nbsp;&bull; 1TB</p>\r\n			</td>\r\n			<td>\r\n			<p>&nbsp; &nbsp;&bull; 128GB</p>\r\n\r\n			<p>&nbsp; &nbsp;&bull; 256GB</p>\r\n\r\n			<p>&nbsp; &nbsp;&bull; 512GB</p>\r\n\r\n			<p>&nbsp; &nbsp;&bull; 1TB</p>\r\n			</td>\r\n			<td>\r\n			<p>&nbsp; &nbsp;&bull; 128GB</p>\r\n\r\n			<p>&nbsp; &nbsp;&bull; 256GB</p>\r\n\r\n			<p>&nbsp; &nbsp;&bull; 512GB</p>\r\n			</td>\r\n			<td>\r\n			<p>&nbsp; &nbsp;&bull; 128GB</p>\r\n\r\n			<p>&nbsp; &nbsp;&bull; 256GB</p>\r\n\r\n			<p>&nbsp; &nbsp;&bull; 512GB</p>\r\n			</td>\r\n		</tr>\r\n		<tr>\r\n			<td>\r\n			<p>Camera</p>\r\n			</td>\r\n			<td>\r\n			<p>&nbsp; &nbsp;&bull; Camera tr╞░ß╗¢c: 12MP, f/1.9</p>\r\n\r\n			<p>&nbsp; &nbsp;&bull; Camera ch&iacute;nh: 48MP, f/1.78</p>\r\n\r\n			<p>&nbsp; &nbsp;&bull; Camera g&oacute;c si&ecirc;u rß╗Öng: 12MP, f/2.2</p>\r\n\r\n			<p>&nbsp; &nbsp;&bull; Camera Telephoto: 12MP, f/2.8, khß║ú n─âng zoom 2x v&agrave; 5x</p>\r\n			</td>\r\n			<td>\r\n			<p>&nbsp; &nbsp;&bull; Camera tr╞░ß╗¢c: 12MP, f/1.9</p>\r\n\r\n			<p>&nbsp; &nbsp;&bull; Camera ch&iacute;nh: 48MP, f/1.78</p>\r\n\r\n			<p>&nbsp; &nbsp;&bull; Camera g&oacute;c si&ecirc;u rß╗Öng: 12MP, f/2.2</p>\r\n\r\n			<p>&nbsp; &nbsp;&bull; Camera Telephoto: 12MP, f/2.8, khß║ú n─âng zoom 2x v&agrave; 3x</p>\r\n			</td>\r\n			<td>\r\n			<p>&nbsp; &nbsp;&bull; Camera tr╞░ß╗¢c: 12MP, f/1.9</p>\r\n\r\n			<p>&nbsp; &nbsp;&bull; Camera ch&iacute;nh: 48MP, f/1.6</p>\r\n\r\n			<p>&nbsp; &nbsp;&bull; Camera g&oacute;c si&ecirc;u rß╗Öng: 12MP, f/2.4</p>\r\n			</td>\r\n			<td>\r\n			<p>&nbsp; &nbsp;&bull; Camera tr╞░ß╗¢c: 12MP, f/1.9</p>\r\n\r\n			<p>&nbsp; &nbsp;&bull; Camera ch&iacute;nh: 48MP, f/1.6</p>\r\n\r\n			<p>&nbsp; &nbsp;&bull; Camera g&oacute;c si&ecirc;u rß╗Öng: 12MP, f/2.4</p>\r\n			</td>\r\n		</tr>\r\n		<tr>\r\n			<td>\r\n			<p>N&uacute;t t&aacute;c vß╗Ñ</p>\r\n			</td>\r\n			<td>\r\n			<p>C&oacute;</p>\r\n			</td>\r\n			<td>\r\n			<p>C&oacute;</p>\r\n			</td>\r\n			<td>\r\n			<p>Kh&ocirc;ng</p>\r\n			</td>\r\n			<td>\r\n			<p>Kh&ocirc;ng</p>\r\n			</td>\r\n		</tr>\r\n		<tr>\r\n			<td>\r\n			<p>Thß╗¥i l╞░ß╗úng pin</p>\r\n			</td>\r\n			<td>\r\n			<p>&nbsp; &nbsp;&bull; Nghe nhß║íc: 95 tiß║┐ng</p>\r\n\r\n			<p>&nbsp; &nbsp;&bull; Xem video: 29 tiß║┐ng</p>\r\n\r\n			<p>&nbsp; &nbsp;&bull; Xem video (trß╗▒c tuyß║┐n): 25 tiß║┐ng</p>\r\n			</td>\r\n			<td>\r\n			<p>&nbsp; &nbsp;&bull; Nghe nhß║íc: 75 tiß║┐ng</p>\r\n\r\n			<p>&nbsp; &nbsp;&bull; Xem video: 23 tiß║┐ng</p>\r\n\r\n			<p>&nbsp; &nbsp;&bull; Xem video (trß╗▒c tuyß║┐n): 20 tiß║┐ng</p>\r\n			</td>\r\n			<td>\r\n			<p>&nbsp; &nbsp;&bull; Nghe nhß║íc: 100 tiß║┐ng</p>\r\n\r\n			<p>&nbsp; &nbsp;&bull; Xem video: 26 tiß║┐ng</p>\r\n\r\n			<p>&nbsp; &nbsp;&bull; Xem video (trß╗▒c tuyß║┐n): 20 tiß║┐ng</p>\r\n			</td>\r\n			<td>\r\n			<p>&nbsp; &nbsp;&bull; Nghe nhß║íc: 80 tiß║┐ng</p>\r\n\r\n			<p>&nbsp; &nbsp;&bull; Xem video: 20 tiß║┐ng</p>\r\n\r\n			<p>&nbsp; &nbsp;&bull; Xem video (trß╗▒c tuyß║┐n): 16 tiß║┐ng</p>\r\n			</td>\r\n		</tr>\r\n		<tr>\r\n			<td>\r\n			<p>Cß║úm biß║┐n</p>\r\n			</td>\r\n			<td>\r\n			<p>Cß║úm biß║┐n tiß╗çm cß║¡n</p>\r\n			</td>\r\n			<td>\r\n			<p>Cß║úm biß║┐n tiß╗çm cß║¡n</p>\r\n			</td>\r\n			<td>\r\n			<p>Cß║úm biß║┐n tiß╗çm cß║¡n</p>\r\n			</td>\r\n			<td>\r\n			<p>Cß║úm biß║┐n tiß╗çm cß║¡n</p>\r\n			</td>\r\n		</tr>\r\n		<tr>\r\n			<td>\r\n			<p>Cß╗òng kß║┐t nß╗æi</p>\r\n			</td>\r\n			<td>\r\n			<p>USB-C hß╗ù trß╗ú USB 3</p>\r\n			</td>\r\n			<td>\r\n			<p>USB-C hß╗ù trß╗ú USB 3</p>\r\n			</td>\r\n			<td>\r\n			<p>USB-C hß╗ù trß╗ú USB 2</p>\r\n			</td>\r\n			<td>\r\n			<p>USB-C hß╗ù trß╗ú USB 2</p>\r\n			</td>\r\n		</tr>\r\n	</tbody>\r\n</table>\r\n\r\n<h3><br />\r\nSo s&aacute;nh iPhone 15 Pro Max 256 GB v&agrave; iPhone 14 Pro Max 256 GB: C&oacute; ─æ&aacute;ng ─æß╗â n&acirc;ng cß║Ñp?</h3>\r\n\r\n<p>D╞░ß╗¢i ─æ&acirc;y sß║╜ l&agrave; bß║úng tß╗òng hß╗úp th&ocirc;ng sß╗æ kß╗╣ thuß║¡t giß╗»a hai thß║┐ hß╗ç ─æiß╗çn thoß║íi iPhone:</p>\r\n\r\n<table border=\"1\">\r\n	<tbody>\r\n		<tr>\r\n			<td>\r\n			<p><strong>Ti&ecirc;u ch&iacute;</strong></p>\r\n			</td>\r\n			<td>\r\n			<p><strong>iPhone 15 Pro Max 256 GB</strong></p>\r\n			</td>\r\n			<td>\r\n			<p><strong>iPhone 14 Pro Max 256 GB</strong></p>\r\n			</td>\r\n		</tr>\r\n		<tr>\r\n			<td>\r\n			<p><strong>M&agrave;n h&igrave;nh</strong></p>\r\n			</td>\r\n			<td>\r\n			<p>&nbsp;&nbsp;&bull;&nbsp;K&iacute;ch th╞░ß╗¢c: 6.7 inch</p>\r\n\r\n			<p>&nbsp;&nbsp;&bull;&nbsp;Super Retina XDR OLED</p>\r\n\r\n			<p>&nbsp;&nbsp;&bull;&nbsp;C&ocirc;ng nghß╗ç ProMotion</p>\r\n\r\n			<p>&nbsp;&nbsp;&bull;&nbsp;C&ocirc;ng nghß╗ç True Tone</p>\r\n\r\n			<p>&nbsp;&nbsp;&bull;&nbsp;Dynamic Island</p>\r\n\r\n			<p>&nbsp;&nbsp;&bull;&nbsp;2796 x 1290 pixels</p>\r\n			</td>\r\n			<td>\r\n			<p>&nbsp;&nbsp;&bull;&nbsp;K&iacute;ch th╞░ß╗¢c: 6.7 inch</p>\r\n\r\n			<p>&nbsp;&nbsp;&bull;&nbsp;Super Retina XDR OLED</p>\r\n\r\n			<p>&nbsp;&nbsp;&bull;&nbsp;C&ocirc;ng nghß╗ç True Tone</p>\r\n\r\n			<p>&nbsp;&nbsp;&bull;&nbsp;C&ocirc;ng nghß╗ç ProMotion</p>\r\n\r\n			<p>&nbsp;&nbsp;&bull;&nbsp;Dynamic Island</p>\r\n\r\n			<p>&nbsp;&nbsp;&bull;&nbsp;2796 x 1290 pixels</p>\r\n			</td>\r\n		</tr>\r\n		<tr>\r\n			<td>\r\n			<p><strong>K&iacute;ch th╞░ß╗¢c v&agrave; khß╗æi l╞░ß╗úng</strong></p>\r\n			</td>\r\n			<td>\r\n			<p>&nbsp;<strong>&nbsp;</strong><strong>&bull;&nbsp;159.9 mm x 76.7 mm x 8.25 mm</strong></p>\r\n\r\n			<p><strong>&nbsp;&nbsp;&bull;&nbsp;221 gram</strong></p>\r\n			</td>\r\n			<td>\r\n			<p>&nbsp;&nbsp;&bull;&nbsp;160.7 mm x 77.6 mm x 7.85 mm</p>\r\n\r\n			<p>&nbsp;&nbsp;&bull;&nbsp;240 gram</p>\r\n			</td>\r\n		</tr>\r\n		<tr>\r\n			<td>\r\n			<p><strong>Khung viß╗ün</strong></p>\r\n			</td>\r\n			<td>\r\n			<p><strong>Titanium</strong></p>\r\n			</td>\r\n			<td>\r\n			<p>Kim loß║íi th&eacute;p kh&ocirc;ng gß╗ë</p>\r\n			</td>\r\n		</tr>\r\n		<tr>\r\n			<td>\r\n			<p><strong>Chip</strong></p>\r\n			</td>\r\n			<td>\r\n			<p><strong>Apple A17 Pro</strong></p>\r\n			</td>\r\n			<td>\r\n			<p>Apple A16 Bionic</p>\r\n			</td>\r\n		</tr>\r\n		<tr>\r\n			<td>\r\n			<p><strong>RAM</strong></p>\r\n			</td>\r\n			<td><strong>8 GB</strong></td>\r\n			<td>6 GB</td>\r\n		</tr>\r\n		<tr>\r\n			<td>\r\n			<p><strong>Bß╗Ö nhß╗¢ trong</strong></p>\r\n			</td>\r\n			<td>256 GB, 512 GB, 1 TB</td>\r\n			<td><strong>128 GB</strong>, 256 GB, 512 GB, 1 TB</td>\r\n		</tr>\r\n		<tr>\r\n			<td>\r\n			<p><strong>Camera</strong></p>\r\n			</td>\r\n			<td>\r\n			<p>&nbsp;&nbsp;&bull;&nbsp;Camera tr╞░ß╗¢c: 12MP, f/1.9</p>\r\n\r\n			<p>&nbsp;&nbsp;&bull;&nbsp;Camera ch&iacute;nh: 48MP, f/1.78</p>\r\n\r\n			<p>&nbsp;&nbsp;&bull;&nbsp;Camera g&oacute;c si&ecirc;u rß╗Öng: 12MP, f/2.2</p>\r\n\r\n			<p>&nbsp;&nbsp;&bull;<strong>&nbsp;</strong><strong>Camera Telephoto: 12MP, f/2.8, khß║ú n─âng zoom 2x v&agrave; 5x</strong></p>\r\n			</td>\r\n			<td>\r\n			<p>&nbsp;&nbsp;&bull;&nbsp;Camera tr╞░ß╗¢c: 12MP</p>\r\n\r\n			<p>&nbsp;&nbsp;&bull;&nbsp;Camera ch&iacute;nh: 48MP, f/1.78</p>\r\n\r\n			<p>&nbsp;&nbsp;&bull;&nbsp;Camera g&oacute;c si&ecirc;u rß╗Öng: 12MP, f/2.2</p>\r\n\r\n			<p>&nbsp;&nbsp;&bull;&nbsp;Camera Telephoto: 12MP, f/2.8 khß║ú n─âng zoom 2x, 3x</p>\r\n			</td>\r\n		</tr>\r\n		<tr>\r\n			<td>\r\n			<p><strong>N&uacute;t t&aacute;c vß╗Ñ</strong></p>\r\n			</td>\r\n			<td>\r\n			<p><strong>Action Button</strong></p>\r\n			</td>\r\n			<td>\r\n			<p>Cß║ºn gß║ít</p>\r\n			</td>\r\n		</tr>\r\n		<tr>\r\n			<td>\r\n			<p><strong>Dung l╞░ß╗úng pin</strong></p>\r\n			</td>\r\n			<td><strong>4422 mAh</strong></td>\r\n			<td>4323 mAh</td>\r\n		</tr>\r\n		<tr>\r\n			<td>\r\n			<p><strong>Thß╗¥i l╞░ß╗úng pin</strong></p>\r\n			</td>\r\n			<td>\r\n			<p>&nbsp;&nbsp;&bull;&nbsp;Nghe nhß║íc: 95 tiß║┐ng</p>\r\n\r\n			<p>&nbsp;&nbsp;&bull;&nbsp;Xem video: 29 tiß║┐ng</p>\r\n\r\n			<p>&nbsp;&nbsp;&bull;&nbsp;Xem video (trß╗▒c tuyß║┐n): 25 tiß║┐ng</p>\r\n			</td>\r\n			<td>\r\n			<p>&nbsp;&nbsp;&bull;&nbsp;Nghe nhß║íc: 95 tiß║┐ng</p>\r\n\r\n			<p>&nbsp;&nbsp;&bull;&nbsp;Xem video: 29 tiß║┐ng</p>\r\n\r\n			<p>&nbsp;&nbsp;&bull;&nbsp;Xem video (trß╗▒c tuyß║┐n): 25 tiß║┐ng</p>\r\n			</td>\r\n		</tr>\r\n		<tr>\r\n			<td>\r\n			<p><strong>Cß║úm biß║┐n</strong></p>\r\n			</td>\r\n			<td>\r\n			<p>&nbsp;&nbsp;&bull;&nbsp;LiDAR Scanner</p>\r\n\r\n			<p>&nbsp;&nbsp;&bull;&nbsp;Face ID</p>\r\n\r\n			<p>&nbsp;&nbsp;&bull;&nbsp;Con quay hß╗ôi chuyß╗ân ─æß╗Ö lß╗çch t╞░╞íng phß║ún cao</p>\r\n\r\n			<p>&nbsp;&nbsp;&bull;&nbsp;Gia tß╗æc kß║┐ lß╗▒c G cao</p>\r\n\r\n			<p>&nbsp;&nbsp;&bull;&nbsp;Cß║úm biß║┐n tiß╗çm cß║¡n</p>\r\n\r\n			<p>&nbsp;&nbsp;&bull;&nbsp;Hai cß║úm biß║┐n &aacute;nh s&aacute;ng m&ocirc;i tr╞░ß╗¥ng</p>\r\n\r\n			<p>&nbsp;&nbsp;&bull;&nbsp;&Aacute;p kß║┐</p>\r\n			</td>\r\n			<td>\r\n			<p>&nbsp;&nbsp;&bull;&nbsp;LiDAR Scanner</p>\r\n\r\n			<p>&nbsp;&nbsp;&bull;&nbsp;Face ID</p>\r\n\r\n			<p>&nbsp;&nbsp;&bull;&nbsp;Con quay hß╗ôi chuyß╗ân ─æß╗Ö lß╗çch t╞░╞íng phß║ún cao</p>\r\n\r\n			<p>&nbsp;&nbsp;&bull;&nbsp;Gia tß╗æc kß║┐ lß╗▒c G cao</p>\r\n\r\n			<p>&nbsp;&nbsp;&bull;&nbsp;Cß║úm biß║┐n tiß╗çm cß║¡n</p>\r\n\r\n			<p>&nbsp;&nbsp;&bull;&nbsp;Hai cß║úm biß║┐n &aacute;nh s&aacute;ng m&ocirc;i tr╞░ß╗¥ng</p>\r\n\r\n			<p>&nbsp;&nbsp;&bull;&nbsp;&Aacute;p kß║┐</p>\r\n			</td>\r\n		</tr>\r\n		<tr>\r\n			<td>\r\n			<p><strong>Cß╗òng kß║┐t nß╗æi</strong></p>\r\n			</td>\r\n			<td>\r\n			<p><strong>USB-C hß╗ù trß╗ú USB 3</strong></p>\r\n			</td>\r\n			<td>\r\n			<p>Lightning hß╗ù trß╗ú USB 2</p>\r\n			</td>\r\n		</tr>\r\n		<tr>\r\n			<td>\r\n			<p><strong>C&ocirc;ng suß║Ñt sß║íc</strong></p>\r\n			</td>\r\n			<td>20 W</td>\r\n			<td>20 W</td>\r\n		</tr>\r\n		<tr>\r\n			<td>\r\n			<p><strong>Thß╗¥i gian sß║íc</strong></p>\r\n			</td>\r\n			<td>Sß║íc tß╗¢i 50% trong 35 ph&uacute;t</td>\r\n			<td>Sß║íc tß╗¢i 50% trong 35 ph&uacute;t</td>\r\n		</tr>\r\n		<tr>\r\n			<td>\r\n			<p><strong>M&agrave;u sß║»c</strong></p>\r\n			</td>\r\n			<td><strong>Titan tß╗▒ nhi&ecirc;n (Natural Titanium), Titan trß║»ng (White Titanium), Titan ─æen (Black Titanium), Titan xanh (Blue Titanium)</strong></td>\r\n			<td>V&agrave;ng, ─Éen, Bß║íc, T&iacute;m</td>\r\n		</tr>\r\n		<tr>\r\n			<td>\r\n			<p><strong>Kß║┐t nß╗æi</strong></p>\r\n			</td>\r\n			<td><strong>WiΓÇæFi 6E</strong>, 5G</td>\r\n			<td>WiΓÇæFi 6, 5G</td>\r\n		</tr>\r\n	</tbody>\r\n</table>\r\n\r\n<h3>Video giß╗¢i thiß╗çu ─æiß╗çn thoß║íi iPhone 15 Pro v&agrave; iPhone 15 Pro Max</h3>',20,34990000,30000000,1,1,'<p>ß╗Ép l╞░ng ch&iacute;nh h&atilde;ng Apple giß║úm th&ecirc;m 300K khi mua k&egrave;m iPhone (&aacute;p dß╗Ñng tuß╗│ model)</p>\r\n\r\n<p>Thu c┼⌐ ─Éß╗òi mß╗¢i: Giß║úm ─æß║┐n 2 triß╗çu (Tuß╗│ model m&aacute;y c┼⌐, Kh&ocirc;ng k&egrave;m thanh to&aacute;n qua cß╗òng online, mua k&egrave;m)&nbsp;<a href=\"https://www.thegioididong.com/thu-cu-doi-moi\">Xem chi tiß║┐t</a></p>\r\n\r\n<p>C╞í hß╗Öi tr&uacute;ng 10 xe m&aacute;y Yamaha Sirius mß╗ùi th&aacute;ng, tß╗òng giß║úi th╞░ß╗ƒng l&ecirc;n ─æß║┐n 390 Triß╗çu&nbsp;<a href=\"http://www.thegioididong.com/tin-tuc/mua-dien-thoai-tablet-co-co-hoi-trung-10-chiec-yamaha-sirus-moi-thang-1565045\">Xem chi tiß║┐t</a></p>','/storage/photos/iphone-15-pro-max-black-1-1.jpg','2024-05-02 09:08:08','2025-06-16 01:37:17','2',29,2,7),(28,'─Éiß╗çn thoß║íi iPhone 15 Plus 128GB','dien-thoai-iphone-15-plus-128gb','<h3>L&yacute; do chß╗ìn mua iPhone 15 series tß║íi Thß║┐ Giß╗¢i Di ─Éß╗Öng</h3>\r\n\r\n<p>Thß║┐ Giß╗¢i Di ─Éß╗Öng l&agrave; mß╗Öt trong nhß╗»ng nh&agrave; b&aacute;n lß║╗ ─æiß╗çn thoß║íi di ─æß╗Öng lß╗¢n nhß║Ñt Viß╗çt Nam, cung cß║Ñp ─æa dß║íng c&aacute;c sß║ún phß║⌐m iPhone 15 ch&iacute;nh h&atilde;ng vß╗¢i mß╗⌐c gi&aacute; cß║ính tranh. D╞░ß╗¢i ─æ&acirc;y l&agrave; mß╗Öt sß╗æ l&yacute; do khiß║┐n bß║ín n&ecirc;n chß╗ìn mua iPhone 15 tß║íi Thß║┐ Giß╗¢i Di ─Éß╗Öng:</p>\r\n\r\n<p><strong>&bull;&nbsp;Chß║Ñt l╞░ß╗úng sß║ún phß║⌐m:</strong>&nbsp;Thß║┐ Giß╗¢i Di ─Éß╗Öng cam kß║┐t cung cß║Ñp sß║ún phß║⌐m&nbsp;<a href=\"https://www.thegioididong.com/dtdd-apple-iphone-15-series\" target=\"_blank\">iPhone 15</a>&nbsp;ch&iacute;nh h&atilde;ng. ─Éiß╗üu n&agrave;y gi&uacute;p bß║ín y&ecirc;n t&acirc;m vß╗ü chß║Ñt l╞░ß╗úng sß║ún phß║⌐m v&agrave; ─æ╞░ß╗úc h╞░ß╗ƒng ─æß║ºy ─æß╗º c&aacute;c quyß╗ün lß╗úi bß║úo h&agrave;nh cß╗ºa Apple.</p>\r\n\r\n<p><strong>&bull;&nbsp;╞»u ─æ&atilde;i v&agrave; khuyß║┐n m&atilde;i:</strong>&nbsp;Thß║┐ Giß╗¢i Di ─Éß╗Öng th╞░ß╗¥ng xuy&ecirc;n c&oacute; c&aacute;c ch╞░╞íng tr&igrave;nh khuyß║┐n m&atilde;i, giß║úm gi&aacute; v&agrave; tß║╖ng qu&agrave; k&egrave;m theo, gi&uacute;p bß║ín tiß║┐t kiß╗çm chi ph&iacute; khi mua sß║»m.</p>\r\n\r\n<p><strong>&bull;&nbsp;Hß╗ç thß╗æng cß╗¡a h&agrave;ng rß╗Öng r&atilde;i:</strong>&nbsp;Thß║┐ Giß╗¢i Di ─Éß╗Öng c&oacute; mß║íng l╞░ß╗¢i cß╗¡a h&agrave;ng rß╗Öng khß║»p tr&ecirc;n to&agrave;n quß╗æc, gi&uacute;p bß║ín dß╗à d&agrave;ng t&igrave;m kiß║┐m v&agrave; mua sß║»m. Bß║ín c┼⌐ng c&oacute; thß╗â trß║úi nghiß╗çm sß║ún phß║⌐m trß╗▒c tiß║┐p tß║íi cß╗¡a h&agrave;ng v&agrave; nhß║¡n sß╗▒ hß╗ù trß╗ú tß╗½ nh&acirc;n vi&ecirc;n.</p>\r\n\r\n<p><strong>&bull;&nbsp;Dß╗ïch vß╗Ñ hß║¡u m&atilde;i tß╗æt:</strong>&nbsp;Thß║┐ Giß╗¢i Di ─Éß╗Öng cung cß║Ñp dß╗ïch vß╗Ñ hß║¡u m&atilde;i chuy&ecirc;n nghiß╗çp, bao gß╗ôm bß║úo h&agrave;nh, sß╗¡a chß╗»a v&agrave; hß╗ù trß╗ú kß╗╣ thuß║¡t gi&uacute;p bß║ín y&ecirc;n t&acirc;m khi sß╗¡ dß╗Ñng sß║ún phß║⌐m.</p>\r\n\r\n<p><strong>&bull;&nbsp;Hß╗ç thß╗æng trß║ú g&oacute;p linh hoß║ít:</strong>&nbsp;Thß║┐ Giß╗¢i Di ─Éß╗Öng cung cß║Ñp c&aacute;c lß╗▒a chß╗ìn trß║ú g&oacute;p ph&ugrave; hß╗úp vß╗¢i ng&acirc;n s&aacute;ch cß╗ºa bß║ín, gi&uacute;p bß║ín mua ─æ╞░ß╗úc sß║ún phß║⌐m mong muß╗æn m&agrave; kh&ocirc;ng cß║ºn thanh to&aacute;n to&agrave;n bß╗Ö sß╗æ tiß╗ün mß╗Öt l&uacute;c.</p>\r\n\r\n<p><strong>&bull;&nbsp;Uy t&iacute;n v&agrave; kinh nghiß╗çm:</strong>&nbsp;Vß╗¢i h╞ín 15 n─âm hoß║ít ─æß╗Öng tr&ecirc;n thß╗ï tr╞░ß╗¥ng, Thß║┐ Giß╗¢i Di ─Éß╗Öng ─æ&atilde; x&acirc;y dß╗▒ng ─æ╞░ß╗úc mß╗Öt uy t&iacute;n mß║ính mß║╜ trong ng&agrave;nh c&ocirc;ng nghiß╗çp ─æiß╗çn thoß║íi di ─æß╗Öng. ─Éiß╗üu n&agrave;y gi&uacute;p bß║ín y&ecirc;n t&acirc;m khi mua sß║»m tß║íi ─æ&acirc;y.</p>\r\n\r\n<p><strong>&bull;&nbsp;Dß╗ïch vß╗Ñ mua sß║»m trß╗▒c tuyß║┐n:</strong>&nbsp;Ngo&agrave;i c&aacute;c hß╗ç thß╗æng cß╗¡a h&agrave;ng si&ecirc;u thß╗ï, Thß║┐ Giß╗¢i Di ─Éß╗Öng c&ograve;n cung cß║Ñp dß╗ïch vß╗Ñ mua sß║»m trß╗▒c tuyß║┐n, gi&uacute;p bß║ín mua h&agrave;ng mß╗ìi l&uacute;c, mß╗ìi n╞íi v&agrave; dß╗à d&agrave;ng so s&aacute;nh gi&aacute; cß║ú.</p>\r\n\r\n<h3>Bß║úng so s&aacute;nh th&ocirc;ng sß╗æ kß╗╣ thuß║¡t iPhone 15 Plus 128GB v&agrave; c&aacute;c sß║ún phß║⌐m kh&aacute;c thuß╗Öc iPhone 15 series:</h3>\r\n\r\n<table border=\"1\">\r\n	<tbody>\r\n		<tr>\r\n			<td>\r\n			<p><strong>Ti&ecirc;u ch&iacute;</strong></p>\r\n			</td>\r\n			<td>\r\n			<p><strong>iPhone 15 Plus 128GB</strong></p>\r\n			</td>\r\n			<td>\r\n			<p><a href=\"https://www.thegioididong.com/dtdd/iphone-15\" target=\"_blank\"><strong>iPhone 15 128GB</strong></a></p>\r\n			</td>\r\n			<td>\r\n			<p><a href=\"https://www.thegioididong.com/dtdd/iphone-15-pro\" target=\"_blank\"><strong>iPhone 15 Pro 128GB</strong></a></p>\r\n			</td>\r\n			<td>\r\n			<p><a href=\"https://www.thegioididong.com/dtdd/iphone-15-pro-max\" target=\"_blank\"><strong>iPhone 15 Pro Max 128GB</strong></a></p>\r\n			</td>\r\n		</tr>\r\n		<tr>\r\n			<td>\r\n			<p><strong>M&agrave;n h&igrave;nh</strong></p>\r\n			</td>\r\n			<td>\r\n			<p>&nbsp; &nbsp;&bull;&nbsp;6.7 inch</p>\r\n\r\n			<p>&nbsp; &nbsp;&bull;&nbsp;M&agrave;n h&igrave;nh Super Retina XDR</p>\r\n\r\n			<p>&nbsp; &nbsp;&bull;&nbsp;─Éß╗Ö ph&acirc;n giß║úi 2796x1290 pixels vß╗¢i mß║¡t ─æß╗Ö ─æiß╗âm ß║únh 460 ppi</p>\r\n			</td>\r\n			<td>\r\n			<p>&nbsp; &nbsp;&bull;&nbsp;6.1 inch</p>\r\n\r\n			<p>&nbsp; &nbsp;&bull;&nbsp;M&agrave;n h&igrave;nh Super Retina XDR</p>\r\n\r\n			<p>&nbsp; &nbsp;&bull;&nbsp;─Éß╗Ö ph&acirc;n giß║úi 2556x1179 pixels vß╗¢i mß║¡t ─æß╗Ö ─æiß╗âm ß║únh 460 ppi</p>\r\n			</td>\r\n			<td>\r\n			<p>&nbsp; &bull;&nbsp;6.1 inch</p>\r\n\r\n			<p>&nbsp; &bull;&nbsp;M&agrave;n h&igrave;nh Super Retina XDR</p>\r\n\r\n			<p>&nbsp; &bull;&nbsp;─Éß╗Ö ph&acirc;n giß║úi 2556x1179 pixels vß╗¢i mß║¡t ─æß╗Ö ─æiß╗âm ß║únh 460 ppi</p>\r\n			</td>\r\n			<td>\r\n			<p>&nbsp; &nbsp;&bull;&nbsp;6.7 inch</p>\r\n\r\n			<p>&nbsp; &nbsp;&bull;&nbsp;M&agrave;n h&igrave;nh Super Retina XDR</p>\r\n\r\n			<p>&nbsp; &nbsp;&bull;&nbsp;─Éß╗Ö ph&acirc;n giß║úi 2796x1290 pixels vß╗¢i mß║¡t ─æß╗Ö ─æiß╗âm ß║únh 460 ppi</p>\r\n			</td>\r\n		</tr>\r\n		<tr>\r\n			<td>\r\n			<p><strong>K&iacute;ch th╞░ß╗¢c v&agrave; khß╗æi l╞░ß╗úng</strong></p>\r\n			</td>\r\n			<td>\r\n			<p>&nbsp; &nbsp;&bull;&nbsp;160,9 x 77,8 x 7,80 mm (D&agrave;i x Rß╗Öng x&nbsp;D&agrave;y)</p>\r\n\r\n			<p>&nbsp; &nbsp;&bull;&nbsp;201 gram</p>\r\n			</td>\r\n			<td>\r\n			<p>&nbsp;&nbsp; &bull;&nbsp;147,6 x 71,6 x 7,80 mm (D&agrave;i x Rß╗Öng x&nbsp;D&agrave;y)</p>\r\n\r\n			<p>&nbsp; &nbsp;&bull;&nbsp;171 gram</p>\r\n			</td>\r\n			<td>\r\n			<p>&nbsp; &nbsp;&bull;&nbsp;146,6 x 70,6 x 8,25 mm (D&agrave;i x Rß╗Öng x&nbsp;D&agrave;y)</p>\r\n\r\n			<p>&nbsp; &nbsp;&bull;&nbsp;187 gram</p>\r\n			</td>\r\n			<td>\r\n			<p>&nbsp; &nbsp;&bull;&nbsp;159.9 x 76.7 x 8.25 mm (D&agrave;i x Rß╗Öng x&nbsp;D&agrave;y)</p>\r\n\r\n			<p>&nbsp; &nbsp;&bull;&nbsp;221 gram</p>\r\n			</td>\r\n		</tr>\r\n		<tr>\r\n			<td>\r\n			<p><strong>Khung viß╗ün</strong></p>\r\n			</td>\r\n			<td>\r\n			<p>Nh&ocirc;m vß╗¢i mß║╖t sau bß║▒ng k&iacute;nh pha m&agrave;u</p>\r\n			</td>\r\n			<td>\r\n			<p>Nh&ocirc;m vß╗¢i mß║╖t sau bß║▒ng k&iacute;nh pha m&agrave;u</p>\r\n			</td>\r\n			<td>\r\n			<p>Titan vß╗¢i mß║╖t sau bß║▒ng k&iacute;nh nh&aacute;m</p>\r\n			</td>\r\n			<td>\r\n			<p>Titan vß╗¢i mß║╖t sau bß║▒ng k&iacute;nh nh&aacute;m</p>\r\n			</td>\r\n		</tr>\r\n		<tr>\r\n			<td>\r\n			<p><strong>Chip</strong></p>\r\n			</td>\r\n			<td>\r\n			<p>Chip A16 Bionic</p>\r\n			</td>\r\n			<td>\r\n			<p>Chip A16 Bionic</p>\r\n			</td>\r\n			<td>\r\n			<p>Chip A17 Pro</p>\r\n			</td>\r\n			<td>\r\n			<p>Chip A17 Pro</p>\r\n			</td>\r\n		</tr>\r\n		<tr>\r\n			<td>\r\n			<p><strong>Camera</strong></p>\r\n			</td>\r\n			<td>\r\n			<p>&nbsp; &bull;&nbsp;Hß╗ç thß╗æng camera k&eacute;p ti&ecirc;n tiß║┐n (Ch&iacute;nh 48MP v&agrave; Ultra Wide 12MP)</p>\r\n\r\n			<p>&nbsp; &bull;&nbsp;Camera tr╞░ß╗¢c TrueDepth</p>\r\n\r\n			<p>&nbsp;&bull;&nbsp;C&aacute;c lß╗▒a chß╗ìn thu ph&oacute;ng quang hß╗ìc&nbsp; 0,5x, 1x, 2x</p>\r\n			</td>\r\n			<td>\r\n			<p>&nbsp; &bull;&nbsp;Hß╗ç thß╗æng camera k&eacute;p ti&ecirc;n tiß║┐n (Ch&iacute;nh 48MP v&agrave; Ultra Wide 12MP)</p>\r\n\r\n			<p>&nbsp; &bull;&nbsp;Camera tr╞░ß╗¢c TrueDepth</p>\r\n\r\n			<p>&nbsp; &bull;&nbsp;C&aacute;c lß╗▒a chß╗ìn thu ph&oacute;ng quang hß╗ìc 0,5x, 1x, 2x</p>\r\n			</td>\r\n			<td>\r\n			<p>&nbsp; &bull;&nbsp;Hß╗ç thß╗æng camera chuy&ecirc;n nghiß╗çp (Ch&iacute;nh 48MP, Ultra Wide 12MP v&agrave; Telephoto 12MP)</p>\r\n\r\n			<p>&nbsp; &bull;&nbsp;Camera tr╞░ß╗¢c TrueDepth</p>\r\n\r\n			<p>&nbsp; &bull;&nbsp;C&aacute;c lß╗▒a chß╗ìn thu ph&oacute;ng quang hß╗ìc 0,5x, 1x, 2x, 3x</p>\r\n			</td>\r\n			<td>\r\n			<p>&nbsp; &nbsp;&bull;&nbsp;Hß╗ç thß╗æng camera chuy&ecirc;n nghiß╗çp&nbsp;(Ch&iacute;nh 48MP, Ultra Wide 12MP v&agrave; Telephoto 12MP)</p>\r\n\r\n			<p>&nbsp; &bull;&nbsp;Camera tr╞░ß╗¢c TrueDepth</p>\r\n\r\n			<p>&nbsp; &bull;&nbsp;C&aacute;c lß╗▒a chß╗ìn thu ph&oacute;ng quang hß╗ìc 0,5x, 1x, 2x, 5x</p>\r\n			</td>\r\n		</tr>\r\n		<tr>\r\n			<td>\r\n			<p><strong>N&uacute;t t&aacute;c vß╗Ñ</strong></p>\r\n			</td>\r\n			<td>\r\n			<p>N&uacute;t chuyß╗ân ─æß╗òi Chu&ocirc;ng/Im Lß║╖ng</p>\r\n			</td>\r\n			<td>\r\n			<p>N&uacute;t chuyß╗ân ─æß╗òi Chu&ocirc;ng/Im Lß║╖ng</p>\r\n			</td>\r\n			<td>\r\n			<p>N&uacute;t Action Button</p>\r\n			</td>\r\n			<td>\r\n			<p>N&uacute;t Action Button</p>\r\n			</td>\r\n		</tr>\r\n		<tr>\r\n			<td>\r\n			<p><strong>Thß╗¥i l╞░ß╗úng pin</strong></p>\r\n			</td>\r\n			<td>\r\n			<p>&nbsp; &nbsp;&bull;&nbsp;Thß╗¥i gian xem video: 26 giß╗¥</p>\r\n\r\n			<p>&nbsp; &bull;&nbsp;Thß╗¥i gian xem video (trß╗▒c tuyß║┐n): 20 giß╗¥</p>\r\n\r\n			<p>&nbsp; &nbsp;&bull;&nbsp;Thß╗¥i gian nghe nhß║íc: 100 giß╗¥</p>\r\n			</td>\r\n			<td>\r\n			<p>&nbsp; &nbsp;&bull;&nbsp;Thß╗¥i gian xem video: 20 giß╗¥</p>\r\n\r\n			<p>&nbsp; &nbsp;&bull;&nbsp;Thß╗¥i gian xem video (trß╗▒c tuyß║┐n): 16 giß╗¥</p>\r\n\r\n			<p>&nbsp; &nbsp;&bull;&nbsp;Thß╗¥i gian nghe nhß║íc: 80 giß╗¥</p>\r\n			</td>\r\n			<td>\r\n			<p>&nbsp; &nbsp;&bull;&nbsp;Thß╗¥i gian xem video: 23 giß╗¥</p>\r\n\r\n			<p>&nbsp; &nbsp;&bull;&nbsp;Thß╗¥i gian xem video (trß╗▒c tuyß║┐n): 20 giß╗¥</p>\r\n\r\n			<p>&nbsp; &nbsp;&bull;&nbsp;Thß╗¥i gian nghe nhß║íc: 75 giß╗¥</p>\r\n			</td>\r\n			<td>\r\n			<p>&nbsp; &nbsp;&bull;&nbsp;Thß╗¥i gian xem video l&ecirc;n ─æß║┐n 29 giß╗¥</p>\r\n\r\n			<p>&nbsp; &nbsp;&bull;&nbsp;Thß╗¥i gian xem video (trß╗▒c tuyß║┐n) l&ecirc;n ─æß║┐n 25 giß╗¥</p>\r\n\r\n			<p>&nbsp; &nbsp;&bull;&nbsp;Thß╗¥i gian nghe nhß║íc l&ecirc;n ─æß║┐n 95 giß╗¥</p>\r\n			</td>\r\n		</tr>\r\n		<tr>\r\n			<td>\r\n			<p><strong>Cß║úm biß║┐n</strong></p>\r\n			</td>\r\n			<td>\r\n			<p>Con quay hß╗ôi chuyß╗ân ─æß╗Ö lß╗çch t╞░╞íng phß║ún cao</p>\r\n			</td>\r\n			<td>\r\n			<p>Con quay hß╗ôi chuyß╗ân ─æß╗Ö lß╗çch t╞░╞íng phß║ún cao</p>\r\n			</td>\r\n			<td>\r\n			<p>&nbsp; &nbsp;&bull;&nbsp;LiDAR Scanner</p>\r\n\r\n			<p>&nbsp; &bull;&nbsp;Con quay hß╗ôi chuyß╗ân ─æß╗Ö lß╗çch t╞░╞íng&nbsp;phß║ún cao</p>\r\n			</td>\r\n			<td>\r\n			<p>&nbsp; &nbsp;&bull;&nbsp;LiDAR Scanner</p>\r\n\r\n			<p>&nbsp; &bull;&nbsp;Con quay hß╗ôi chuyß╗ân ─æß╗Ö lß╗çch t╞░╞íng&nbsp;phß║ún cao</p>\r\n			</td>\r\n		</tr>\r\n		<tr>\r\n			<td>\r\n			<p><strong>Cß╗òng kß║┐t nß╗æi</strong></p>\r\n			</td>\r\n			<td>\r\n			<p>&nbsp; &nbsp;&bull;&nbsp;USB-C</p>\r\n\r\n			<p>&nbsp; &nbsp;&bull;&nbsp;Hß╗ù trß╗ú USB 2</p>\r\n			</td>\r\n			<td>\r\n			<p>&nbsp; &nbsp;&bull;&nbsp;USB-C</p>\r\n\r\n			<p>&nbsp; &nbsp;&bull;&nbsp;Hß╗ù trß╗ú USB 2</p>\r\n			</td>\r\n			<td>\r\n			<p>&nbsp; &nbsp;&bull;&nbsp;USB-C</p>\r\n\r\n			<p>&nbsp; &nbsp;&bull;&nbsp;Hß╗ù trß╗ú USB 3 (l&ecirc;n ─æß║┐n 10Gb/s)</p>\r\n			</td>\r\n			<td>\r\n			<p>&nbsp; &nbsp;&bull;&nbsp;USB-C</p>\r\n\r\n			<p>&nbsp; &nbsp;&bull;&nbsp;Hß╗ù trß╗ú USB 3 (l&ecirc;n ─æß║┐n 10Gb/s)</p>\r\n			</td>\r\n		</tr>\r\n	</tbody>\r\n</table>\r\n\r\n<h3>Bß║úng so s&aacute;nh th&ocirc;ng sß╗æ&nbsp;phi&ecirc;n bß║ún iPhone 15 Plus v&agrave; iPhone 14 Plus</h3>\r\n\r\n<p>D╞░ß╗¢i ─æ&acirc;y sß║╜ l&agrave; bß║úng tß╗òng hß╗úp th&ocirc;ng sß╗æ kß╗╣ thuß║¡t giß╗»a hai thß║┐ hß╗ç ─æiß╗çn thoß║íi&nbsp;iPhone:</p>\r\n\r\n<table border=\"1\">\r\n	<tbody>\r\n		<tr>\r\n			<td>\r\n			<p><strong>Ti&ecirc;u ch&iacute;</strong></p>\r\n			</td>\r\n			<td>\r\n			<p><strong>iPhone 15 Plus 128GB</strong></p>\r\n			</td>\r\n			<td>\r\n			<p><a href=\"https://www.thegioididong.com/dtdd/iphone-14-plus\" target=\"_blank\"><strong>iPhone 14 Plus 128GB</strong></a></p>\r\n			</td>\r\n		</tr>\r\n		<tr>\r\n			<td>\r\n			<p><strong>M&agrave;n h&igrave;nh</strong></p>\r\n			</td>\r\n			<td>\r\n			<p>&nbsp; &nbsp;&bull;&nbsp;6.7 inch</p>\r\n\r\n			<p>&nbsp; &nbsp;&bull;&nbsp;M&agrave;n h&igrave;nh Super Retina XDR</p>\r\n\r\n			<p>&nbsp; &nbsp;&bull;&nbsp;─Éß╗Ö ph&acirc;n giß║úi 2796x1290 pixel vß╗¢i mß║¡t ─æß╗Ö ─æiß╗âm ß║únh 460 ppi</p>\r\n			</td>\r\n			<td>\r\n			<p>&nbsp; &nbsp;&bull;&nbsp;6.7 inch</p>\r\n\r\n			<p>&nbsp; &nbsp;&bull;&nbsp;M&agrave;n h&igrave;nh Super Retina XDR</p>\r\n\r\n			<p>&nbsp; &nbsp;&bull;&nbsp;─Éß╗Ö ph&acirc;n giß║úi 2778x1284 pixel vß╗¢i mß║¡t ─æß╗Ö ─æiß╗âm ß║únh 458 ppi</p>\r\n			</td>\r\n		</tr>\r\n		<tr>\r\n			<td>\r\n			<p><strong>K&iacute;ch th╞░ß╗¢c v&agrave; khß╗æi l╞░ß╗úng</strong></p>\r\n			</td>\r\n			<td>\r\n			<p>&nbsp; &nbsp;&bull;&nbsp;160,9 x 77,8 x 7,80 mm (D&agrave;i x Rß╗Öng x D&agrave;y)</p>\r\n\r\n			<p>&nbsp; &nbsp;&bull;&nbsp;201 gram</p>\r\n			</td>\r\n			<td>\r\n			<p>&nbsp; &nbsp;&bull;&nbsp;160,8 x 78,1 x 7,80 mm (D&agrave;i x Rß╗Öng x D&agrave;y)</p>\r\n\r\n			<p>&nbsp; &nbsp;&bull;&nbsp;203 gam</p>\r\n			</td>\r\n		</tr>\r\n		<tr>\r\n			<td>\r\n			<p><strong>Chip</strong></p>\r\n			</td>\r\n			<td>\r\n			<p>Chip A16 Bionic</p>\r\n			</td>\r\n			<td>\r\n			<p>Chip A15 Bionic</p>\r\n			</td>\r\n		</tr>\r\n		<tr>\r\n			<td>\r\n			<p><strong>Camera</strong></p>\r\n			</td>\r\n			<td>\r\n			<p>&nbsp; &nbsp;&bull;&nbsp;Hß╗ç thß╗æng camera k&eacute;p ti&ecirc;n tiß║┐n (Ch&iacute;nh 48MP v&agrave; Ultra Wide 12MP)</p>\r\n\r\n			<p>&nbsp; &nbsp;&bull;&nbsp;Camera tr╞░ß╗¢c TrueDepth</p>\r\n\r\n			<p>&nbsp; &nbsp;&bull;&nbsp;C&aacute;c lß╗▒a chß╗ìn thu ph&oacute;ng quang hß╗ìc 0,5x, 1x, 2x</p>\r\n			</td>\r\n			<td>\r\n			<p>&nbsp; &nbsp;&bull;&nbsp;Hß╗ç thß╗æng camera k&eacute;p 12MP (Ch&iacute;nh v&agrave; Ultra Wide)</p>\r\n\r\n			<p>&nbsp; &nbsp;&bull;&nbsp;Camera tr╞░ß╗¢c TrueDepth</p>\r\n\r\n			<p>&nbsp; &nbsp;&bull;&nbsp;C&aacute;c lß╗▒a chß╗ìn thu ph&oacute;ng quang hß╗ìc hß╗ìc 0,5x, 1x</p>\r\n			</td>\r\n		</tr>\r\n		<tr>\r\n			<td>\r\n			<p><strong>Thß╗¥i l╞░ß╗úng pin</strong></p>\r\n			</td>\r\n			<td>\r\n			<p>&nbsp; &nbsp;&bull;&nbsp;Thß╗¥i gian xem video: 26 giß╗¥</p>\r\n\r\n			<p>&nbsp; &nbsp;&bull;&nbsp;Thß╗¥i gian xem video (trß╗▒c tuyß║┐n): 20 giß╗¥</p>\r\n\r\n			<p>&nbsp; &nbsp;&bull;&nbsp;Thß╗¥i gian nghe nhß║íc: 100 giß╗¥</p>\r\n			</td>\r\n			<td>\r\n			<p>&nbsp; &nbsp;&bull;&nbsp;Thß╗¥i gian xem video: 26 giß╗¥</p>\r\n\r\n			<p>&nbsp; &nbsp;&bull;&nbsp;Thß╗¥i gian xem video (trß╗▒c tuyß║┐n): 20 giß╗¥</p>\r\n\r\n			<p>&nbsp; &nbsp;&bull;&nbsp;Thß╗¥i gian nghe nhß║íc: 100 giß╗¥</p>\r\n			</td>\r\n		</tr>\r\n		<tr>\r\n			<td>\r\n			<p><strong>Cß╗òng kß║┐t nß╗æi</strong></p>\r\n			</td>\r\n			<td>\r\n			<p>&nbsp; &nbsp;&bull;&nbsp;USB-C</p>\r\n\r\n			<p>&nbsp; &nbsp;&bull;&nbsp;Hß╗ù trß╗ú USB 2</p>\r\n			</td>\r\n			<td>\r\n			<p>&nbsp; &nbsp;&bull;&nbsp;<a href=\"https://www.thegioididong.com/hoi-dap/cong-lightning-la-gi-868282\" target=\"_blank\">Lightning</a></p>\r\n\r\n			<p>&nbsp; &nbsp;&bull;&nbsp;Hß╗ù trß╗ú USB 2</p>\r\n			</td>\r\n		</tr>\r\n	</tbody>\r\n</table>\r\n\r\n<h3><a href=\"https://www.thegioididong.com/dtdd/iphone-15-plus\" target=\"_blank\">iPhone 15 Plus</a>&nbsp;thu h&uacute;t mß╗ìi &aacute;nh nh&igrave;n ngay khi ra mß║»t nhß╗¥ c&oacute; vß║╗ ngo&agrave;i cao cß║Ñp, trang bß╗ï bß╗Ö xß╗¡ l&yacute; mß║ính mß║╜, cß╗Ñm camera k&eacute;p ─æß║╖c tr╞░ng cho khß║ú n─âng chß╗Ñp ß║únh cß╗▒c n&eacute;t c&ugrave;ng m&agrave;n h&igrave;nh chß║Ñt l╞░ß╗úng cao, ─æß╗â bß║ín tß║¡n h╞░ß╗ƒng trß║úi nghiß╗çm sß╗¡ dß╗Ñng tuyß╗çt vß╗¥i.&nbsp;</h3>\r\n\r\n<h3>Diß╗çn mß║ío vu&ocirc;ng vß║»n sang trß╗ìng</h3>\r\n\r\n<p>N─âm nay, Apple vß║½n sß║╜ tiß║┐p tß╗Ñc sß╗¡ dß╗Ñng kiß╗âu thiß║┐t kß║┐ vu&ocirc;ng vß║»n d&agrave;nh cho thß║┐ hß╗ç iPhone trong n─âm 2023, gi&uacute;p tß║ío cß║úm gi&aacute;c cß╗⌐ng c&aacute;p v&agrave; ─æß╗Öc ─æ&aacute;o. M&agrave;n h&igrave;nh cß╗ºa chiß║┐c ─æiß╗çn thoß║íi n&agrave;y c┼⌐ng ─æ╞░ß╗úc thiß║┐t kß║┐ phß║│ng, mang ─æß║┐n mß╗Öt c&aacute;i nh&igrave;n th&uacute; vß╗ï v&agrave; hiß╗çn ─æß║íi h╞ín bao giß╗¥ hß║┐t. Thiß║┐t kß║┐ n&agrave;y kh&ocirc;ng chß╗ë mang ─æß║┐n vß║╗ ─æß║╣p ─æß╗Öc ─æ&aacute;o, m&agrave; c&ograve;n tß╗æi ╞░u h&oacute;a trß║úi nghiß╗çm ng╞░ß╗¥i d&ugrave;ng khi cß║ºm nß║»m sß║ún phß║⌐m.</p>\r\n\r\n<p>iPhone 15 Plus tiß║┐p tß╗Ñc thß╗â hiß╗çn sß╗▒ cß╗æ gß║»ng cß╗ºa Apple trong viß╗çc s&aacute;ng tß║ío v&agrave; sß╗¡ dß╗Ñng chß║Ñt liß╗çu cao cß║Ñp. Chiß║┐c&nbsp;<a href=\"https://www.thegioididong.com/dtdd-apple-iphone\" target=\"_blank\">─æiß╗çn thoß║íi iPhone</a>&nbsp;n&agrave;y c&oacute; khung nh&ocirc;m chß║»c chß║»n, tß║ío sß╗▒ ─æß╗Öc ─æ&aacute;o v&agrave; ─æß║│ng cß║Ñp.</p>\r\n\r\n<p><a href=\"https://cdn.tgdd.vn/Products/Images/42/303891/iphone-15-plus-300923-115604.jpg\" onclick=\"return false;\"><img alt=\"Thiß║┐t kß║┐ tß╗½ chß║Ñt liß╗çu cao cß║Ñp - iPhone 15 Plus\" src=\"https://cdn.tgdd.vn/Products/Images/42/303891/iphone-15-plus-300923-115604.jpg\" /></a></p>',20,25900000,22990000,1,0,'<ul>\r\n	<li>\r\n	<p>H╞░ g&igrave; ─æß╗òi nß║Ñy&nbsp;<strong>12 th&aacute;ng</strong>&nbsp;tß║íi 3158 si&ecirc;u thß╗ï to&agrave;n quß╗æc (miß╗àn ph&iacute; th&aacute;ng ─æß║ºu)&nbsp;<a href=\"javascript:void(0)\" onclick=\"showPopupPolicy()\">Xem chi tiß║┐t</a></p>\r\n	</li>\r\n	<li>\r\n	<p>Bß║úo h&agrave;nh&nbsp;<strong>ch&iacute;nh h&atilde;ng ─æiß╗çn thoß║íi 1 n─âm</strong>&nbsp;tß║íi c&aacute;c trung t&acirc;m bß║úo h&agrave;nh h&atilde;ng&nbsp;<a href=\"https://www.thegioididong.com/bao-hanh/apple\" target=\"_blank\">Xem ─æß╗ïa chß╗ë bß║úo h&agrave;nh</a></p>\r\n	</li>\r\n	<li>\r\n	<p>Bß╗Ö sß║ún phß║⌐m gß╗ôm: Hß╗Öp, S&aacute;ch h╞░ß╗¢ng dß║½n, C&acirc;y lß║Ñy sim, C&aacute;p Type C</p>\r\n	</li>\r\n</ul>','/storage/photos/iphone-15-plus-1-4.jpg','2024-05-02 09:10:37','2026-01-23 00:14:08','4',2,0,0),(29,'Tß╗º lß║ính LG Inverter 470 l├¡t Multi Door GR-B50BL','tu-lanh-lg-inverter-470-lit-multi-door-gr-b50bl','<p><em><strong>ß╗º lß║ính LG Inverter 470 l&iacute;t GR-B50BL l&agrave; sß╗▒ lß╗▒a chß╗ìn ho&agrave;n hß║úo cho nhß╗»ng gia ─æ&igrave;nh ─æ&ocirc;ng th&agrave;nh vi&ecirc;n.&nbsp;Vß╗¢i dung t&iacute;ch sß╗¡ dß╗Ñng rß╗Öng r&atilde;i 470 l&iacute;t</strong></em>,&nbsp;<em><strong>mß║½u tß╗º lß║ính cß╗í lß╗¢n French Door ─æ╞░ß╗úc thiß║┐t kß║┐ nhiß╗üu&nbsp;ng─ân - khay - kß╗ç - hß╗Öc b&ecirc;n trong. Mß║╖c d&ugrave; c&oacute; dung t&iacute;ch lß╗¢n nh╞░ng tß╗º tiß║┐t kiß╗çm ─æiß╗çn nhß╗¥ sß╗ƒ hß╗»u c&ocirc;ng nghß╗ç Smart Inverter v&agrave; h&agrave;ng loß║ít c&ocirc;ng nghß╗ç ti&ecirc;n tiß║┐n kh&aacute;c ─æ╞░ß╗úc trang bß╗ï cho chiß║┐c tß╗º lß║ính n&agrave;y.</strong></em></p>\r\n\r\n<h3><a href=\"https://cdn.tgdd.vn/Products/Images/1943/319618/tu-lanh-lg-inverter-470-lit-multi-door-gr-b50bl-051223-013119.jpg\" onclick=\"return false;\"><img alt=\"tß╗òng quan - Tß╗º lß║ính LG Inverter 470 l├¡t Multi Door GR-B50BL\" src=\"https://cdn.tgdd.vn/Products/Images/1943/319618/tu-lanh-lg-inverter-470-lit-multi-door-gr-b50bl-051223-013119.jpg\" /></a></h3>\r\n\r\n<h3><em>*H&igrave;nh ß║únh chß╗ë mang t&iacute;nh chß║Ñt minh hß╗ìa&nbsp;</em></h3>\r\n\r\n<h3>Tß╗òng quan thiß║┐t kß║┐</h3>\r\n\r\n<p>- ─É&acirc;y l&agrave; mß║½u tß╗º lß║ính&nbsp;<a href=\"https://www.dienmayxanh.com/tu-lanh-nhieu-cua\" target=\"_blank\">Multi Door</a>&nbsp;gi&uacute;p bß║ín l╞░u trß╗» nhiß╗üu loß║íi thß╗▒c phß║⌐m v&agrave; ─æß╗ô uß╗æng mß╗Öt c&aacute;ch tiß╗çn lß╗úi.</p>\r\n\r\n<p>- C&aacute;nh cß╗¡a ─æ╞░ß╗úc l&agrave;m tß╗½ vß║¡t liß╗çu&nbsp;<strong>PCM</strong>, gi&uacute;p duy tr&igrave; nhiß╗çt ─æß╗Ö tß╗º lß║ính ß╗òn ─æß╗ïnh v&agrave; tiß║┐t kiß╗çm n─âng l╞░ß╗úng. Phß║ºn tay cß║ºm ─æ╞░ß╗úc t&iacute;ch hß╗úp &acirc;m tß╗º, tß║ío n&ecirc;n vß║╗ ngo&agrave;i tinh tß║┐, c&ugrave;ng t&ocirc;ng m&agrave;u ─æen sang trß╗ìng v&agrave; kiß╗âu d&aacute;ng hiß╗çn ─æß║íi, ph&ugrave; hß╗úp vß╗¢i mß╗ìi kh&ocirc;ng gian nß╗Öi thß║Ñt.</p>\r\n\r\n<p>- Dung t&iacute;ch&nbsp;<a href=\"https://www.dienmayxanh.com/tu-lanh-tu-501-650-lit\" target=\"_blank\">527 l&iacute;t&nbsp;</a>c&oacute; thß╗â phß╗Ñc vß╗Ñ cho nhu cß║ºu cß╗ºa nhß╗»ng gia ─æ&igrave;nh tß╗½ 4 - 5 th&agrave;nh vi&ecirc;n.</p>\r\n\r\n<p><a href=\"https://cdn.tgdd.vn/Products/Images/1943/319618/tu-lanh-lg-inverter-470-lit-multi-door-gr-b50bl-230124-093312.jpg\" onclick=\"return false;\"><img alt=\"dung t├¡ch - Tß╗º lß║ính LG Inverter 470 l├¡t Multi Door GR-B50BL\" src=\"https://cdn.tgdd.vn/Products/Images/1943/319618/tu-lanh-lg-inverter-470-lit-multi-door-gr-b50bl-230124-093312.jpg\" /></a></p>\r\n\r\n<h3>Ng─ân lß║ính</h3>\r\n\r\n<p>- Dung t&iacute;ch:&nbsp;<strong>301 l&iacute;t.</strong></p>\r\n\r\n<p>- Ph&iacute;a trong tß╗º ─æ╞░ß╗úc trang bß╗ï c&aacute;c khay ─æß╗▒ng v&agrave; ng─ân kß╗ç gi&uacute;p l╞░u trß╗» ─æ╞░ß╗úc nhiß╗üu thß╗▒c phß║⌐m hoß║╖c th&iacute;ch hß╗úp vß╗¢i gia ─æ&igrave;nh ─æi chß╗ú 1 lß║ºn cho v&agrave;i ng&agrave;y sß╗¡ dß╗Ñng.&nbsp;</p>\r\n\r\n<h3>Ng─ân ─æ&aacute;</h3>\r\n\r\n<p>- Dung t&iacute;ch:&nbsp;<strong>169 l&iacute;t.</strong></p>\r\n\r\n<p>- Thiß║┐t kß║┐ c&oacute; hß╗Öc chß╗⌐a ri&ecirc;ng biß╗çt gi&uacute;p l╞░u trß╗» thß╗▒c phß║⌐m ─æ&ocirc;ng lß║ính ─æ╞░ß╗úc hiß╗çu quß║ú, ng─ân lß║½n m&ugrave;i thß╗▒c phß║⌐m.&nbsp;</p>\r\n\r\n<h3>C&ocirc;ng nghß╗ç tiß║┐t kiß╗çm ─æiß╗çn</h3>\r\n\r\n<p>-&nbsp;<strong>C&ocirc;ng nghß╗ç Smart Inverter</strong>&nbsp;tiß║┐t kiß╗çm ─æiß╗çn n─âng hiß╗çu quß║ú, giß║úm ti&ecirc;u hao ─æiß╗çn n─âng, ─æß║úm bß║úo tß╗º lß║ính vß║¡n h&agrave;nh &ecirc;m &aacute;i, ß╗òn ─æß╗ïnh.<a href=\"https://cdn.tgdd.vn/Products/Images/1943/319618/tu-lanh-lg-inverter-470-lit-multi-door-gr-b50bl-051223-013259.jpg\" onclick=\"return false;\"><img alt=\"tiß║┐t kiß╗çm ─æiß╗çn - Tß╗º lß║ính LG Inverter 470 l├¡t Multi Door GR-B50BL\" src=\"https://cdn.tgdd.vn/Products/Images/1943/319618/tu-lanh-lg-inverter-470-lit-multi-door-gr-b50bl-051223-013259.jpg\" /></a>&nbsp;</p>\r\n\r\n<p><em>*H&igrave;nh ß║únh chß╗ë mang t&iacute;nh chß║Ñt minh hß╗ìa</em></p>\r\n\r\n<h3>C&ocirc;ng nghß╗ç l&agrave;m lß║ính&nbsp;</h3>\r\n\r\n<p>-&nbsp;<strong>Hß╗ç thß╗æng l&agrave;m lß║ính ─æa chiß╗üu Multi-Air Flow,</strong>&nbsp;luß╗ông kh&iacute; lß║ính sß║╜ ─æ╞░ß╗úc thß╗òi ra tß╗½ nhiß╗üu cß╗¡a tho&aacute;t h╞íi lß║ính h╞ín, gi&uacute;p cho kh&iacute; lß║ính ph&acirc;n bß╗æ, lan tß╗Åa ─æß╗üu ß╗ƒ tß║Ñt cß║ú c&aacute;c ng─ân b&ecirc;n trong tß╗º lß║ính gi&uacute;p thß╗▒c phß║⌐m giß╗» ─æ╞░ß╗úc&nbsp;sß╗▒ t╞░╞íi ngon.</p>\r\n\r\n<p><a href=\"https://cdn.tgdd.vn/Products/Images/1943/319618/tu-lanh-lg-inverter-470-lit-multi-door-gr-b50bl-050424-045811.jpg\" onclick=\"return false;\"><img alt=\"C├┤ng nghß╗ç l├ám lß║ính - Tß╗º lß║ính LG Inverter 470 l├¡t Multi Door GR-B50BL\" src=\"https://cdn.tgdd.vn/Products/Images/1943/319618/tu-lanh-lg-inverter-470-lit-multi-door-gr-b50bl-050424-045811.jpg\" /></a></p>\r\n\r\n<p><em>*H&igrave;nh ß║únh chß╗ë mang t&iacute;nh chß║Ñt minh hß╗ìa</em></p>\r\n\r\n<h3>Tiß╗çn &iacute;ch</h3>\r\n\r\n<p>- Bß║úng ─æiß╗üu khiß╗ân cß║úm ß╗⌐ng b&ecirc;n ngo&agrave;i cß╗¡a tß╗º: chß╗ë vß╗¢i mß╗Öt n&uacute;t chß║ím c&oacute; thß╗â ─æiß╗üu chß╗ënh ─æ╞░ß╗úc nhiß╗üu chß║┐ ─æß╗Ö kh&aacute;c nhau m&agrave; kh&ocirc;ng cß║ºn mß╗ƒ cß╗¡a tß╗º ra, tr&aacute;nh thß║Ñt tho&aacute;t h╞íi lß║ính.<a href=\"https://cdn.tgdd.vn/Products/Images/1943/319618/tu-lanh-lg-inverter-470-lit-multi-door-gr-b50bl-051223-025757.jpg\" onclick=\"return false;\"><img alt=\"bß║úng ─æiß╗üu khiß╗ân - tu-lanh-lg-inverter-470-lit-multi-door-gr-b50bl\" src=\"https://cdn.tgdd.vn/Products/Images/1943/319618/tu-lanh-lg-inverter-470-lit-multi-door-gr-b50bl-051223-025757.jpg\" /></a></p>\r\n\r\n<p><em>*H&igrave;nh ß║únh chß╗ë mang t&iacute;nh chß║Ñt minh hß╗ìa&nbsp;</em></p>\r\n\r\n<p><em>Nh&igrave;n chung,&nbsp;<a href=\"https://www.dienmayxanh.com/tu-lanh/tu-lanh-lg-inverter-470-lit-multi-door-gr-b50bl\" target=\"_blank\">tß╗º lß║ính LG Inverter 470 l&iacute;t GR-B50BL</a>&nbsp;sß╗ƒ hß╗»u thiß║┐t hiß╗çn ─æß║íi v&agrave; sang trß╗ìng, phß╗Ñc vß╗Ñ tß╗æt cho nhu cß║ºu cß╗ºa gia ─æ&igrave;nh c&oacute; tß╗½ 4 - 5 th&agrave;nh vi&ecirc;n vß╗¢i dung t&iacute;ch lß╗¢n l&ecirc;n tß╗¢i 470 l&iacute;t. Ngo&agrave;i ra, vß╗¢i c&ocirc;ng nghß╗ç Inverter, tß╗º sß║╜ giß║úm thiß╗âu ─æ╞░ß╗úc viß╗çc ti&ecirc;u hao ─æiß╗çn n─âng khi sß╗¡ dß╗Ñng.&nbsp;</em></p>',30,24900000,19000000,1,1,'<ul>\r\n	<li>\r\n	<p><strong>Lß║»p ─æß║╖t miß╗àn ph&iacute;</strong>&nbsp;l&uacute;c giao h&agrave;ng</p>\r\n	</li>\r\n	<li>\r\n	<p>H╞░ g&igrave; ─æß╗òi nß║Ñy&nbsp;<strong>12 th&aacute;ng</strong>&nbsp;tß║¡n nh&agrave; (miß╗àn ph&iacute; th&aacute;ng ─æß║ºu)&nbsp;<a href=\"javascript:void(0)\" onclick=\"showPopupPolicy()\">Xem chi tiß║┐t</a></p>\r\n	</li>\r\n	<li>\r\n	<p>Bß║úo h&agrave;nh&nbsp;<strong>ch&iacute;nh h&atilde;ng tß╗º lß║ính 2 n─âm</strong>, c&oacute; ng╞░ß╗¥i ─æß║┐n tß║¡n nh&agrave;</p>\r\n	</li>\r\n	<li>\r\n	<p>Th&ugrave;ng tß╗º lß║ính c&oacute;: S&aacute;ch h╞░ß╗¢ng dß║½n</p>\r\n	</li>\r\n</ul>','/storage/photos/tu-lanh-lg-inverter-470-lit-multi-door-gr-b50bl-3-2.jpg','2024-05-02 09:13:25','2025-06-18 01:36:31','-4',6,2,7),(30,'Tß╗º lß║ính Casper Inverter 458 l├¡t Side By Side RS-460PG','tu-lanh-casper-inverter-458-lit-side-by-side-rs-460pg','<p><strong><em><a href=\"https://www.dienmayxanh.com/tu-lanh/tu-lanh-casper-inverter-458-lit-side-by-side-rs-460pg\" target=\"_blank\">Tß╗º lß║ính Casper Inverter 458 l&iacute;t Side By Side RS-460PG</a>&nbsp;mang thiß║┐t kß║┐&nbsp;Side by Side sang trß╗ìng, hß╗ù trß╗ú c&ocirc;ng nghß╗ç l&agrave;m lß║ính ─æa chiß╗üu, l&agrave;m lß║ính trß╗▒c tiß║┐p cho hiß╗çu quß║ú giß╗» t╞░╞íi thß╗▒c phß║⌐m cao, d&ugrave;ng tiß║┐t kiß╗çm ─æiß╗çn vß╗¢i c&ocirc;ng nghß╗ç&nbsp;Advanced Inverter.</em></strong></p>\r\n\r\n<h3>Tß╗òng quan thiß║┐t kß║┐</h3>\r\n\r\n<p>- Kiß╗âu d&aacute;ng:&nbsp;l&agrave; mß║½u&nbsp;<a href=\"https://www.dienmayxanh.com/tu-lanh-side-by-side\" target=\"_blank\">tß╗º lß║ính Side by Side</a>&nbsp;vß╗¢i 2 c&aacute;nh l&agrave;m tß╗½&nbsp;<strong>th&eacute;p kh&ocirc;ng gß╗ë</strong>&nbsp;m&agrave;u ─æen - x&aacute;m sang trß╗ìng, chß║Ñt liß╗çu kh&ocirc;ng b&aacute;m dß║Ñu v&acirc;n tay, dß╗à d&agrave;ng vß╗ç sinh.</p>\r\n\r\n<p>- Vß╗Å ngo&agrave;i bß║▒ng kim loß║íi phß╗º s╞ín t─⌐nh ─æiß╗çn c&oacute; ─æß╗Ö bß╗ün cao, chß╗æng ─ân m&ograve;n, bß║úo vß╗ç tß╗æt c&aacute;c linh kiß╗çn b&ecirc;n trong. L&ograve;ng tß╗º l&agrave;m bß║▒ng&nbsp;<strong>nh&ocirc;m kh&aacute;ng khuß║⌐n</strong>&nbsp;gi&uacute;p kh&ocirc;ng gian tß╗º sß║ích sß║╜, bß║úo quß║ún thß╗▒c phß║⌐m an to&agrave;n h╞ín.&nbsp;</p>\r\n\r\n<p>- Dung t&iacute;ch sß╗¡ dß╗Ñng&nbsp;<a href=\"https://dienmayxanh.com/tu-lanh-tu-401-500-lit\" target=\"_blank\"><strong>458 l&iacute;t</strong></a><strong>&nbsp;</strong>cung cß║Ñp nhiß╗üu chß╗ù ─æß╗â ─æß║╖t c&aacute;c thß╗▒c phß║⌐m cß║ºn giß╗» lß║ính dß╗à d&agrave;ng, ph&ugrave; hß╗úp d&ugrave;ng trong hß╗Ö gia ─æ&igrave;nh 4 - 5 ng╞░ß╗¥i.</p>\r\n\r\n<p><a href=\"https://cdn.tgdd.vn/Products/Images/1943/316058/tu-lanh-casper-inverter-458-lit-side-by-side-rs-460pg-17.jpg\" onclick=\"return false;\"><img alt=\"tß╗òng quan - Tß╗º lß║ính Aqua Inverter 469 l├¡t Multi Door AQR-M536XA(GB)\" src=\"https://cdn.tgdd.vn/Products/Images/1943/316058/tu-lanh-casper-inverter-458-lit-side-by-side-rs-460pg-17.jpg\" /></a></p>\r\n\r\n<p><em>*H&igrave;nh ß║únh chß╗ë mang t&iacute;nh chß║Ñt minh hß╗ìa</em></p>\r\n\r\n<h3>Ng─ân ─æ&aacute;</h3>\r\n\r\n<p>-&nbsp;Dung t&iacute;ch&nbsp;<strong>173 l&iacute;t</strong>.</p>\r\n\r\n<p>- Mß║½u&nbsp;<a href=\"https://www.dienmayxanh.com/tu-lanh\" target=\"_blank\">tß╗º lß║ính</a>&nbsp;n&agrave;y c&oacute; ng─ân ─æ&aacute; nß║▒m ß╗ƒ mß║╖t b&ecirc;n tr&aacute;i cß╗ºa tß╗º, chß╗⌐a nhiß╗üu khay, ng─ân v&agrave; hß╗Öc ─æß╗▒ng ─æß╗â ng╞░ß╗¥i d&ugrave;ng ph&acirc;n chia thß╗▒c phß║⌐m gß╗ìn g&agrave;ng theo th&oacute;i quen cß╗ºa m&igrave;nh.&nbsp;</p>\r\n\r\n<h3>Ng─ân lß║ính</h3>\r\n\r\n<p>-&nbsp;Dung t&iacute;ch&nbsp;<strong>285 l&iacute;t</strong>.</p>\r\n\r\n<p>- Vß╗ï tr&iacute; ng─ân lß║ính l&agrave; ß╗ƒ b&ecirc;n phß║úi cß╗ºa thiß║┐t bß╗ï, c┼⌐ng c&oacute; thiß║┐t kß║┐ t╞░╞íng tß╗▒ nh╞░ ng─ân ─æ&aacute;. C&aacute;c khay kß╗ç c&oacute; thß╗â thay ─æß╗òi vß╗ï tr&iacute; ─æß╗â bß║ín dß╗à d&agrave;ng sß║»p xß║┐p c&aacute;c m&oacute;n ─æß╗ô c&oacute; k&iacute;ch cß╗í kh&aacute;c nhau thuß║¡n tiß╗çn.</p>\r\n\r\n<p><a href=\"https://cdn.tgdd.vn/Products/Images/1943/316058/tu-lanh-casper-inverter-458-lit-side-by-side-rs-460pg-201023-101850.jpg\" onclick=\"return false;\"><img alt=\"Tß╗º lß║ính Casper Inverter 458 l├¡t Side By Side RS-460PG - Dung t├¡ch sß╗¡ dß╗Ñng\" src=\"https://cdn.tgdd.vn/Products/Images/1943/316058/tu-lanh-casper-inverter-458-lit-side-by-side-rs-460pg-201023-101850.jpg\" /></a></p>\r\n\r\n<p><em>*H&igrave;nh ß║únh chß╗ë mang t&iacute;nh chß║Ñt minh hß╗ìa</em></p>\r\n\r\n<h3>C&ocirc;ng nghß╗ç tiß║┐t kiß╗çm ─æiß╗çn</h3>\r\n\r\n<p>- T&iacute;ch hß╗úp&nbsp;<strong>c&ocirc;ng nghß╗ç Advanced Inverter</strong>&nbsp;t&acirc;n tiß║┐n vß╗¢i m&aacute;y n&eacute;n, ─æß╗Öng c╞í quß║ít gi&oacute; vß║¡n h&agrave;nh m╞░ß╗út m&agrave;, giß║úm tiß║┐ng ß╗ôn, ─æß║úm bß║úo khß║ú n─âng l&agrave;m lß║ính v&agrave; tiß║┐t kiß╗çm ─æiß╗çn hiß╗çu quß║ú cho hß╗Ö gia ─æ&igrave;nh.&nbsp;</p>\r\n\r\n<p>- Nh&atilde;n n─âng l╞░ß╗úng&nbsp;<strong>4&nbsp;sao</strong>,&nbsp;hiß╗çu suß║Ñt sß╗¡ dß╗Ñng ─æiß╗çn khoß║úng<strong>&nbsp;~ 1.3 kW/ng&agrave;y</strong>.&nbsp;</p>\r\n\r\n<p><a href=\"https://cdn.tgdd.vn/Products/Images/1943/316058/tu-lanh-casper-inverter-458-lit-side-by-side-rs-460pg-151123-092553.jpg\" onclick=\"return false;\"><img alt=\"C├┤ng nghß╗ç tiß║┐t kiß╗çm ─æiß╗çn Tß╗º lß║ính Aqua Inverter 469 l├¡t Multi Door AQR-M536XA(GB)\" src=\"https://cdn.tgdd.vn/Products/Images/1943/316058/tu-lanh-casper-inverter-458-lit-side-by-side-rs-460pg-151123-092553.jpg\" /></a></p>\r\n\r\n<h3>C&ocirc;ng nghß╗ç l&agrave;m lß║ính&nbsp;</h3>\r\n\r\n<p>-&nbsp;<a href=\"https://www.dienmayxanh.com/kinh-nghiem-hay/he-thong-lam-lanh-da-chieu-tren-tu-lanh-la-gi-796059\" target=\"_blank\">L&agrave;m lß║ính ─æa chiß╗üu</a>: ß╗ƒ hß╗ç thß╗æng l&agrave;m lß║ính n&agrave;y, kh&iacute; lß║ính ─æ╞░ß╗úc thß╗òi ra tß╗½ c&aacute;c v&aacute;ch ng─ân tß╗º ph&acirc;n bß╗ò h╞íi lß║ính ─æß╗üu, gi&uacute;p cho thß╗▒c phß║⌐m ─æß║╖t trong tß╗º ─æ╞░ß╗úc l╞░u trß╗» vß╗¢i ─æß╗Ö lß║ính ß╗òn ─æß╗ïnh.&nbsp;</p>\r\n\r\n<p>-&nbsp;<strong>L&agrave;m lß║ính trß╗▒c tiß║┐p</strong>: quß║ít ─æß╗æi l╞░u gi&oacute; sß║╜ ─æ╞░a kh&iacute; lß║ính ─æi khß║»p ng─ân tß╗º gi&uacute;p thß╗▒c phß║⌐m ─æ╞░ß╗úc giß╗» lß║ính nhanh ch&oacute;ng, bß║úo quß║ún t╞░╞íi ngon h╞ín.&nbsp;</p>\r\n\r\n<p><a href=\"https://cdn.tgdd.vn/Products/Images/1943/316058/tu-lanh-casper-inverter-458-lit-side-by-side-rs-460pg-201023-102025.jpg\" onclick=\"return false;\"><img alt=\"Tß╗º lß║ính Casper Inverter 458 l├¡t Side By Side RS-460PG - L├ám lß║ính ─æa chiß╗üu\" src=\"https://cdn.tgdd.vn/Products/Images/1943/316058/tu-lanh-casper-inverter-458-lit-side-by-side-rs-460pg-201023-102025.jpg\" /></a></p>\r\n\r\n<p><em>*H&igrave;nh ß║únh chß╗ë mang t&iacute;nh chß║Ñt minh hß╗ìa</em></p>\r\n\r\n<h3>Tiß╗çn &iacute;ch</h3>\r\n\r\n<p>-&nbsp;<strong>Bß║úng ─æiß╗üu khiß╗ân cß║úm ß╗⌐ng b&ecirc;n ngo&agrave;i cß╗¡a tß╗º</strong>: d&ograve;ng&nbsp;<a href=\"https://www.dienmayxanh.com/tu-lanh-casper\" target=\"_blank\">tß╗º lß║ính Casper</a>&nbsp;n&agrave;y trang bß╗ï bß║úng ─æiß╗üu khiß╗ân cß║úm ß╗⌐ng nhß║íy b&eacute;n thiß║┐t kß║┐ ß╗ƒ mß║╖t ngo&agrave;i cß╗ºa c&aacute;nh cß╗¡a cho ng╞░ß╗¥i d&ugrave;ng theo d&otilde;i v&agrave; t&ugrave;y chß╗ìn chß╗⌐c n─âng ch&iacute;nh x&aacute;c, kh&ocirc;ng cß║ºn mß╗ƒ cß╗¡a n&ecirc;n gi&uacute;p tr&aacute;nh l&atilde;ng ph&iacute; ─æiß╗çn n─âng tß╗æi ─æa.&nbsp;</p>\r\n\r\n<p><a href=\"https://cdn.tgdd.vn/Products/Images/1943/316058/tu-lanh-casper-inverter-458-lit-side-by-side-rs-460pg-151123-092632.jpg\" onclick=\"return false;\"><img alt=\"bß║úng ─æiß╗üu khiß╗ân - Tß╗º lß║ính Aqua Inverter 469 l├¡t Multi Door AQR-M536XA(GB)\" src=\"https://cdn.tgdd.vn/Products/Images/1943/316058/tu-lanh-casper-inverter-458-lit-side-by-side-rs-460pg-151123-092632.jpg\" /></a></p>\r\n\r\n<p>-&nbsp;<strong>─É&egrave;n LED chiß║┐u s&aacute;ng</strong>: &aacute;nh s&aacute;ng tß╗½ ─æ&egrave;n LED cho bß║ín nh&igrave;n nhanh c&aacute;c m&oacute;n ─æß╗ô c&oacute; trong tß╗º, lß║Ñy ─æ&uacute;ng thß╗▒c phß║⌐m cß║ºn d&ugrave;ng m&agrave; kh&ocirc;ng tß╗æn nhiß╗üu thß╗¥i gian.&nbsp;</p>\r\n\r\n<p><em>Tß╗º lß║ính Casper Inverter 458 l&iacute;t Side By Side RS-460PG mang diß╗çn mß║ío thß╗¥i th╞░ß╗úng, chß║Ñt l╞░ß╗úng bß╗ün tß╗æt, l&agrave;m lß║ính nhanh ch&oacute;ng, d&ugrave;ng tiß║┐t kiß╗çm ─æiß╗çn n─âng, ─æiß╗üu khiß╗ân cß║úm ß╗⌐ng hiß╗çn ─æß║íi, thao t&aacute;c linh hoß║ít, lß╗▒a chß╗ìn d&agrave;nh cho gia ─æ&igrave;nh c&oacute; 4 ─æß║┐n 5 ng╞░ß╗¥i vß╗¢i dung t&iacute;ch sß╗¡ dß╗Ñng lß╗¢n&nbsp;458 l&iacute;t.</em></p>',30,13900000,10000000,1,1,'<ul>\r\n	<li>\r\n	<p><strong>Lß║»p ─æß║╖t miß╗àn ph&iacute;</strong>&nbsp;l&uacute;c giao h&agrave;ng</p>\r\n	</li>\r\n	<li>\r\n	<p>H╞░ g&igrave; ─æß╗òi nß║Ñy&nbsp;<strong>12 th&aacute;ng</strong>&nbsp;tß║¡n nh&agrave; (miß╗àn ph&iacute; th&aacute;ng ─æß║ºu)&nbsp;<a href=\"javascript:void(0)\" onclick=\"showPopupPolicy()\">Xem chi tiß║┐t</a></p>\r\n	</li>\r\n	<li>\r\n	<p>Bß║úo h&agrave;nh&nbsp;<strong>ch&iacute;nh h&atilde;ng tß╗º lß║ính 2 n─âm</strong>, c&oacute; ng╞░ß╗¥i ─æß║┐n tß║¡n nh&agrave;</p>\r\n	</li>\r\n	<li>\r\n	<p>Bß║úo h&agrave;nh m&aacute;y n&eacute;n 12 n─âm</p>\r\n	</li>\r\n</ul>','/storage/photos/tu-lanh-casper-inverter-458-lit-side-by-side-rs-460pg-1-3.jpg','2024-05-02 09:16:16','2024-05-13 08:20:44','0',11,0,0),(31,'M├íy lß║ính Casper Inverter 1 HP TC-09IS35','may-lanh-casper-inverter-1-hp-tc-09is35','<p><strong>L╞░u &yacute;:</strong>&nbsp;C&aacute;c sß║ún phß║⌐m ─æ╞░ß╗úc sß║ún xuß║Ñt tß╗½ 12/2023 c&oacute; sß╗▒ thay ─æß╗òi nh╞░ sau:<br />\r\n- Sß╗æ sao n─âng l╞░ß╗úng: 4.31(5 sao) =&gt;&nbsp;4.45 (5 sao).</p>\r\n\r\n<p>- Khß╗æi l╞░ß╗úng d&agrave;n lß║ính: 6.5 kg =&gt; 7 kg.</p>\r\n\r\n<p>- Khß╗æi l╞░ß╗úng d&agrave;n n&oacute;ng: 17.5 kg =&gt; 16 kg.</p>\r\n\r\n<p>- Sß║ún phß║⌐m ─æ╞░ß╗úc sß║ún xuß║Ñt tß╗½ 12/2023 trß╗ƒ ─æi sß║╜ kh&ocirc;ng thß╗â gh&eacute;p cß║╖p ─æ╞░ß╗úc vß╗¢i sß║ún phß║⌐m c&ugrave;ng t&ecirc;n model sß║ún xuß║Ñt tß╗½ th&aacute;ng 11/2023 trß╗ƒ vß╗ü tr╞░ß╗¢c.</p>\r\n\r\n<p><em><strong>Sß║ún phß║⌐m c&oacute; 2 phi&ecirc;n bß║ún, ─Éiß╗çn m&aacute;y XANH sß║╜ giao h&agrave;ng ngß║½u nhi&ecirc;n.</strong></em></p>\r\n\r\n<p><strong><em><a href=\"https://www.dienmayxanh.com/may-lanh/casper-tc-09is35\" target=\"_blank\">M&aacute;y lß║ính Casper Inverter 1 HP TC-09IS35</a>&nbsp;cho khß║ú n─âng l&agrave;m m&aacute;t hiß╗çu quß║ú vß╗¢i chß║┐ ─æß╗Ö l&agrave;m lß║ính nhanh Turbo, tß╗▒ ─æß╗Öng ─æiß╗üu chß╗ënh nhiß╗çt ─æß╗Ö vß╗¢i cß║úm biß║┐n nhiß╗çt ─æß╗Ö iFeel, sß╗¡ dß╗Ñng tiß║┐t kiß╗çm ─æiß╗çn vß╗¢i c&ocirc;ng nghß╗ç&nbsp;I-saving, t─âng tuß╗òi thß╗ì thiß║┐t bß╗ï vß╗¢i chß╗⌐c n─âng tß╗▒ l&agrave;m sß║ích iClean.</em></strong></p>\r\n\r\n<h3>Tß╗òng quan thiß║┐t kß║┐</h3>\r\n\r\n<p><strong>D&agrave;n lß║ính</strong></p>\r\n\r\n<p>-&nbsp;Casper TC-09IS35 thiß║┐t kß║┐ bo cß║ính viß╗ün, t&ocirc;ng m&agrave;u trß║»ng thanh lß╗ïch cho tß╗òng thß╗â thiß║┐t kß║┐ sang trß╗ìng, tinh tß║┐, trang tr&iacute; h&agrave;i h&ograve;a vß╗¢i c&aacute;c m&oacute;n ─æß╗ô nß╗Öi thß║Ñt kh&aacute;c trong gian ph&ograve;ng cß╗ºa bß║ín.&nbsp;</p>\r\n\r\n<p><strong>D&agrave;n n&oacute;ng</strong></p>\r\n\r\n<p>- Thiß║┐t kß║┐ h&igrave;nh khß╗æi ─æ╞ín giß║ún, chß║Ñt liß╗çu vß╗Å ngo&agrave;i c&oacute; ─æß╗Ö bß╗ün chß║»c cao, giß╗» cho c&aacute;c linh kiß╗çn b&ecirc;n trong an to&agrave;n tr╞░ß╗¢c c&aacute;c ─æiß╗üu kiß╗çn thß╗¥i tiß║┐t khß║»c nghiß╗çt, duy tr&igrave; hß╗ç thß╗æng hoß║ít ─æß╗Öng&nbsp;hiß╗çu quß║ú trong thß╗¥i gian d&agrave;i.&nbsp;</p>\r\n\r\n<p>-&nbsp;ß╗Éng dß║½n gas l&agrave;m tß╗½ ─æß╗ông mß║í v&agrave;ng, d&agrave;n tß║ún nhiß╗çt bß║▒ng chß║Ñt liß╗çu nh&ocirc;m nhß║╣ bß╗ün, dß╗à d&agrave;ng lß║»p ─æß║╖t. Ngo&agrave;i ra c&ograve;n mang lß║íi&nbsp;hiß╗çu quß║ú chß╗æng ─ân m&ograve;n tß╗æt, gia t─âng ─æß╗Ö bß╗ün v&agrave; ─æß║úm bß║úo hoß║ít ─æß╗Öng thiß║┐t bß╗ï tß╗æi ╞░u.&nbsp;</p>\r\n\r\n<p><a href=\"https://cdn.tgdd.vn/Products/Images/2002/302745/casper-tc-09is35-280223-125132.jpg\" onclick=\"return false;\"><img alt=\"M├íy lß║ính Casper Inverter 1 HP TC-09IS35 - Thiß║┐t kß║┐\" src=\"https://cdn.tgdd.vn/Products/Images/2002/302745/casper-tc-09is35-280223-125132.jpg\" /></a></p>\r\n\r\n<p><em>*H&igrave;nh ß║únh chß╗ë mang t&iacute;nh chß║Ñt minh hß╗ìa</em></p>\r\n\r\n<h3>C&ocirc;ng nghß╗ç l&agrave;m lß║ính</h3>\r\n\r\n<p>- C&ocirc;ng suß║Ñt&nbsp;<strong>1 HP</strong>&nbsp;th&iacute;ch hß╗úp d&ugrave;ng cho phß║ím vi l&agrave;m lß║ính vß╗¢i diß╗çn t&iacute;ch d╞░ß╗¢i 15m&sup2;.</p>\r\n\r\n<p>-&nbsp;Chß╗⌐c n─âng<strong>&nbsp;Turbo&nbsp;</strong>khi khß╗ƒi ─æß╗Öng,&nbsp;<a href=\"https://www.dienmayxanh.com/may-lanh-casper\" target=\"_blank\">m&aacute;y lß║ính Casper</a>&nbsp;sß║╜ vß║¡n h&agrave;nh ß╗ƒ mß╗⌐c c&ocirc;ng suß║Ñt lß╗¢n ─æß╗â nhanh ch&oacute;ng l&agrave;m lß║ính kh&ocirc;ng gian ph&ograve;ng ─æß║┐n mß╗⌐c nhiß╗çt c&agrave;i ─æß║╖t trong thß╗¥i gian chß╗ë tß║ºm 20 ─æß║┐n 30 ph&uacute;t.</p>\r\n\r\n<p><a href=\"https://cdn.tgdd.vn/Products/Images/2002/302745/casper-tc-09is35-280223-125205.jpg\" onclick=\"return false;\"><img alt=\"M├íy lß║ính Casper Inverter 1 HP TC-09IS35 - C├┤ng nghß╗ç l├ám lß║ính\" src=\"https://cdn.tgdd.vn/Products/Images/2002/302745/casper-tc-09is35-280223-125205.jpg\" /></a></p>\r\n\r\n<p><em>*H&igrave;nh ß║únh chß╗ë mang t&iacute;nh chß║Ñt minh hß╗ìa</em></p>\r\n\r\n<h3>C╞í chß║┐ thß╗òi gi&oacute;</h3>\r\n\r\n<p>-&nbsp;<a href=\"https://www.dienmayxanh.com/may-lanh\" target=\"_blank\">M&aacute;y lß║ính</a>&nbsp;c&oacute; c╞í chß║┐ ─æiß╗üu khiß╗ân l&ecirc;n xuß╗æng tß╗▒ ─æß╗Öng, tr&aacute;i phß║úi t&ugrave;y chß╗ënh tay, h╞íi lß║ính lan tß╗Åa ─æß╗üu.&nbsp;</p>\r\n\r\n<p>-&nbsp;Chß╗⌐c n─âng&nbsp;<strong>iFeel</strong>: tß╗½ cß║úm biß║┐n nhiß╗çt tr&ecirc;n remote, m&aacute;y sß║╜ nhß║¡n t&iacute;n hiß╗çu v&agrave; ─æiß╗üu chß╗ënh t─âng, giß║úm nhiß╗çt ─æß╗Ö t&ugrave;y theo nhiß╗çt ─æß╗Ö cß╗ºa c╞í thß╗â con ng╞░ß╗¥i, gi&uacute;p cho bß║ín lu&ocirc;n cß║úm thß║Ñy dß╗à chß╗ïu, tr&aacute;nh ─æ╞░ß╗úc t&igrave;nh trß║íng bß╗ï sß╗æc nhiß╗çt khi mß╗¢i bß║¡t m&aacute;y.</p>\r\n\r\n<p><a href=\"https://cdn.tgdd.vn/Products/Images/2002/302745/casper-tc-09is35-280223-125231.jpg\" onclick=\"return false;\"><img alt=\"M├íy lß║ính Casper Inverter 1 HP TC-09IS35 - C╞í chß║┐ thß╗òi gi├│\" src=\"https://cdn.tgdd.vn/Products/Images/2002/302745/casper-tc-09is35-280223-125231.jpg\" /></a></p>\r\n\r\n<p><em>*H&igrave;nh ß║únh chß╗ë mang t&iacute;nh chß║Ñt minh hß╗ìa</em></p>\r\n\r\n<h3>C&ocirc;ng nghß╗ç tiß║┐t kiß╗çm</h3>\r\n\r\n<p>- M&aacute;y n&eacute;n c&oacute; hiß╗çu n─âng mß║ính mß║╜ c&ugrave;ng c&ocirc;ng nghß╗ç&nbsp;<strong>I-saving</strong>&nbsp;gi&uacute;p&nbsp;─æiß╗üu chß╗ënh nhiß╗çt ─æß╗Ö theo h&igrave;nh xoß║»n cho thiß║┐t bß╗ï kiß╗âm so&aacute;t nhiß╗çt ─æß╗Ö dß╗à d&agrave;ng, tiß║┐t kiß╗çm ─æiß╗çn n─âng ti&ecirc;u thß╗Ñ ─æß║┐n 30 - 50% ─æiß╗çn n─âng.&nbsp;</p>\r\n\r\n<p>- Nh&atilde;n n─âng l╞░ß╗úng: 5 sao (Hiß╗çu suß║Ñt n─âng l╞░ß╗úng 4.45).</p>\r\n\r\n<p><a href=\"https://cdn.tgdd.vn/Products/Images/2002/302745/casper-tc-09is35-280223-125259.jpg\" onclick=\"return false;\"><img alt=\"M├íy lß║ính Casper Inverter 1 HP TC-09IS35 - C├┤ng nghß╗ç tiß║┐t kiß╗çm\" src=\"https://cdn.tgdd.vn/Products/Images/2002/302745/casper-tc-09is35-280223-125259.jpg\" /></a></p>\r\n\r\n<p><em>*H&igrave;nh ß║únh chß╗ë mang t&iacute;nh chß║Ñt minh hß╗ìa</em></p>\r\n\r\n<h3>─Éa dß║íng tiß╗çn &iacute;ch sß╗¡ dß╗Ñng</h3>\r\n\r\n<p>-&nbsp;<a href=\"https://www.dienmayxanh.com/kinh-nghiem-hay/nhung-cong-nghe-noi-bat-tren-may-lanh-casper-1333424#hmenuid3\" target=\"_blank\">Chß╗⌐c n─âng iClean</a>: thiß║┐t bß╗ï sß║╜ ─æ&oacute;ng b─âng d&agrave;n lß║ính, sau ─æ&oacute; r&atilde; ─æ&ocirc;ng, cuß╗æn tr&ocirc;i ─æi chß║Ñt bß║⌐n rß╗ôi mß╗¢i l&agrave;m kh&ocirc; c&aacute;c bß╗Ö phß║¡n b&ecirc;n trong d&agrave;n lß║ính, ng─ân ngß╗½a vi khuß║⌐n, nß║Ñm mß╗æc h&igrave;nh th&agrave;nh v&agrave; ph&aacute;t triß╗ân. Nhß╗¥ ─æ&oacute;, gi&uacute;p duy tr&igrave; khß║ú n─âng l&agrave;m lß║ính tß╗æt, giß║úm chi ph&iacute; vß╗ç sinh m&aacute;y.&nbsp;</p>\r\n\r\n<p>-&nbsp;<strong>Tß╗▒ khß╗ƒi ─æß╗Öng lß║íi sau khi c&oacute; ─æiß╗çn</strong>: khi m&aacute;y bß╗ï ngß║»t ─æß╗Öt ngß╗Öt do c&uacute;p ─æiß╗çn, v&agrave;o thß╗¥i ─æiß╗âm c&oacute; ─æiß╗çn lß║íi, thiß║┐t bß╗ï sß║╜ tß╗▒ ─æß╗Öng chß║íy theo thiß║┐t lß║¡p ─æ&atilde; c&agrave;i ─æß║╖t tr╞░ß╗¢c ─æ&oacute;.</p>\r\n\r\n<p>-&nbsp;<strong>C╞í chß║┐ bß║úo vß╗ç an to&agrave;n k&eacute;p ph&aacute;t hiß╗çn r&ograve; rß╗ë th&ocirc;ng minh</strong>: gi&uacute;p k&eacute;o d&agrave;i tuß╗òi thß╗ì m&aacute;y, cho ng╞░ß╗¥i d&ugrave;ng an t&acirc;m h╞ín khi sß╗¡ dß╗Ñng thiß║┐t bß╗ï.&nbsp;</p>\r\n\r\n<p><a href=\"https://cdn.tgdd.vn/Products/Images/2002/302745/casper-tc-09is35-280223-125313.jpg\" onclick=\"return false;\"><img alt=\"M├íy lß║ính Casper Inverter 1 HP TC-09IS35 - ─Éa dß║íng tiß╗çn ├¡ch sß╗¡ dß╗Ñng\" src=\"https://cdn.tgdd.vn/Products/Images/2002/302745/casper-tc-09is35-280223-125313.jpg\" /></a></p>\r\n\r\n<p><em>*H&igrave;nh ß║únh chß╗ë mang t&iacute;nh chß║Ñt minh hß╗ìa</em></p>\r\n\r\n<p><em>C&oacute; thß╗â thß║Ñy rß║▒ng, d&ograve;ng&nbsp;<a href=\"https://www.dienmayxanh.com/may-lanh?g=may-lanh-inverter\" target=\"_blank\">m&aacute;y lß║ính Inverter</a>&nbsp;n&agrave;y sß╗ƒ hß╗»u c&aacute;c c&ocirc;ng nghß╗ç ti&ecirc;n tiß║┐n nh╞░ c&ocirc;ng nghß╗ç tiß║┐t kiß╗çm ─æiß╗çn&nbsp;I-saving lß╗ìc kh&ocirc;ng kh&iacute;, chß║┐ ─æß╗Ö l&agrave;m lß║ính nhanh Turbo, cß║úm biß║┐n nhiß╗çt ─æß╗Ö iFeel, c╞í chß║┐ bß║úo vß╗ç an to&agrave;n k&eacute;p ph&aacute;t hiß╗çn r&ograve; rß╗ë th&ocirc;ng minh,... c&ugrave;ng vß╗¢i mß╗⌐c c&ocirc;ng suß║Ñt 1 HP, l&agrave; thiß║┐t bß╗ï tß╗æt cho ph&ograve;ng c&oacute; diß╗çn t&iacute;ch d╞░ß╗¢i&nbsp;15m&sup2;.</em></p>',32,7490000,6490000,1,0,'<ul>\r\n	<li>\r\n	<p>H╞░ g&igrave; ─æß╗òi nß║Ñy&nbsp;<strong>12 th&aacute;ng</strong>&nbsp;tß║¡n nh&agrave; (miß╗àn ph&iacute; th&aacute;ng ─æß║ºu) *M&aacute;y lß║ính AQUA kh&ocirc;ng &aacute;p dß╗Ñng&nbsp;<a href=\"javascript:void(0)\" onclick=\"showPopupPolicy()\">Xem chi tiß║┐t</a></p>\r\n	</li>\r\n	<li>\r\n	<p>Bß║úo h&agrave;nh&nbsp;<strong>ch&iacute;nh h&atilde;ng m&aacute;y lß║ính 3 n─âm</strong>, c&oacute; ng╞░ß╗¥i ─æß║┐n tß║¡n nh&agrave;</p>\r\n	</li>\r\n	<li>\r\n	<p>Th&ugrave;ng m&aacute;y lß║ính c&oacute;: Remote</p>\r\n	</li>\r\n	<li>\r\n	<p>Ph&iacute; vß║¡t t╞░ c&oacute; thß╗â ph&aacute;t sinh th&ecirc;m.&nbsp;<a href=\"javascript:void(0)\" onclick=\"MaterialsFee(3);\">Xem chi tiß║┐t vß║¡t t╞░.</a></p>\r\n	</li>\r\n</ul>','/storage/photos/product/casper-tc-09is35-3.jpg','2024-05-02 09:18:59','2026-01-23 00:14:00','1',17,0,0),(32,'M├íy lß║ính Midea Inverter 1 HP MAFA-09CDN8','may-lanh-midea-inverter-1-hp-mafa-09cdn8','<p><em><strong><a href=\"https://www.dienmayxanh.com/may-lanh/midea-inverter-1-hp-mafa-09cdn8\" target=\"_blank\">M&aacute;y lß║ính Midea Inverter 1 HP MAFA-09CDN8</a>&nbsp;t─âng tß╗æc ─æß╗Ö l&agrave;m m&aacute;t hiß╗çu quß║ú vß╗¢i c&ocirc;ng nghß╗ç Fast Cooling, hoß║ít ─æß╗Öng &ecirc;m &aacute;i, giß║úm ti&ecirc;u hao ─æiß╗çn n─âng nhß╗¥ c&ocirc;ng nghß╗ç iEco, giß╗» kh&ocirc;ng gian trong l&agrave;nh vß╗¢i bß╗Ö lß╗ìc 2 lß╗¢p HD.</strong></em></p>\r\n\r\n<h3>Tß╗òng quan thiß║┐t kß║┐</h3>\r\n\r\n<p>D&agrave;n lß║ính</p>\r\n\r\n<p>- Midea MAFA-09CDN8 c&oacute; thiß║┐t kß║┐ tinh giß║ún, hiß╗çn ─æß║íi, sß║»c m&agrave;u trß║»ng thanh lß╗ïch gi&uacute;p d&agrave;n lß║ính dung nhß║¡p v&agrave;o kh&ocirc;ng gian sß╗æng cß╗ºa gia ─æ&igrave;nh h&agrave;i h&ograve;a. Kiß╗âu d&aacute;ng m&aacute;y treo t╞░ß╗¥ng quen thuß╗Öc, th&iacute;ch hß╗úp bß╗æ tr&iacute; trong ph&ograve;ng ngß╗º, ph&ograve;ng kh&aacute;ch, ph&ograve;ng hß╗Öi nghß╗ï, ph&ograve;ng kh&aacute;ch sß║ín,...&nbsp;</p>\r\n\r\n<p>D&agrave;n n&oacute;ng</p>\r\n\r\n<p>- Ngoß║íi h&igrave;nh d&agrave;n n&oacute;ng ─æ╞░ß╗úc chß║┐ tß║ío cß╗⌐ng c&aacute;p, chß╗ïu lß╗▒c tß╗æt, chß╗ïu ─æ╞░ß╗úc c&aacute;c ─æiß╗üu kiß╗çn thß╗¥i tiß║┐t kh&aacute;c nhau.</p>\r\n\r\n<p>-&nbsp;<strong>ß╗Éng dß║½n gas bß║▒ng ─æß╗ông</strong>&nbsp;─æß║úm bß║úo qu&aacute; tr&igrave;nh b╞ím gas mß║ính mß║╜,&nbsp;<strong>l&aacute; tß║ún nhiß╗çt nh&ocirc;m</strong>&nbsp;<strong>phß╗º mß║í Hyper Grapfins</strong>&nbsp;n&acirc;ng cao ─æß╗Ö bß╗ün, duy tr&igrave; hiß╗çu suß║Ñt l&agrave;m lß║ính cao.&nbsp;</p>\r\n\r\n<p><a href=\"https://cdn.tgdd.vn/Products/2002/320893/midea-inverter-1-hp-mafa-09cdn8-4-1020x570.jpg\" onclick=\"return false;\"><img alt=\"M├íy lß║ính Midea Inverter 1 HP MAFA-09CDN8 - Tß╗òng quan thiß║┐t kß║┐\" src=\"https://cdn.tgdd.vn/Products/2002/320893/midea-inverter-1-hp-mafa-09cdn8-4-1020x570.jpg\" style=\"height:570px; width:1020px\" /></a></p>\r\n\r\n<p><em>*H&igrave;nh ß║únh chß╗ë mang t&iacute;nh chß║Ñt minh hß╗ìa sß║ún phß║⌐m</em></p>\r\n\r\n<h3>C&ocirc;ng nghß╗ç l&agrave;m lß║ính</h3>\r\n\r\n<p>- C&ocirc;ng suß║Ñt&nbsp;<strong>1 HP - 9.000 BTU</strong>&nbsp;phß╗Ñc vß╗Ñ tß╗æt cho nhu cß║ºu l&agrave;m lß║ính trong ph&ograve;ng d╞░ß╗¢i 15m&sup2;.</p>\r\n\r\n<p>- Mß║½u&nbsp;<a href=\"https://www.dienmayxanh.com/may-lanh\" target=\"_blank\">m&aacute;y lß║ính</a>&nbsp;n&agrave;y hß╗ù trß╗ú c&ocirc;ng nghß╗ç Fast Cooling ─æß║⌐y nhanh tß╗æc ─æß╗Ö l&agrave;m m&aacute;t cß╗ºa thiß║┐t bß╗ï cho bß║ín ─æ╞░ß╗úc th╞░ gi&atilde;n trong kh&ocirc;ng gian m&aacute;t mß║╗ ngay sau khi mß╗ƒ m&aacute;y.</p>\r\n\r\n<p><a href=\"https://cdn.tgdd.vn/Products/2002/320893/midea-inverter-1-hp-mafa-09cdn8-3-1020x570.jpg\" onclick=\"return false;\"><img alt=\"M├íy lß║ính Midea Inverter 1 HP MAFA-09CDN8 - C├┤ng nghß╗ç l├ám lß║ính\" src=\"https://cdn.tgdd.vn/Products/2002/320893/midea-inverter-1-hp-mafa-09cdn8-3-1020x570.jpg\" style=\"height:570px; width:1020px\" /></a></p>\r\n\r\n<p><em>*H&igrave;nh ß║únh chß╗ë mang t&iacute;nh chß║Ñt minh hß╗ìa sß║ún phß║⌐m</em></p>\r\n\r\n<h3>C&ocirc;ng nghß╗ç tiß║┐t kiß╗çm ─æiß╗çn</h3>\r\n\r\n<p>-&nbsp;<strong>C&ocirc;ng nghß╗ç iEco&nbsp;</strong>c&oacute; khß║ú n─âng tiß║┐t kiß╗çm l&ecirc;n tß╗¢i 30% n─âng l╞░ß╗úng, nhß╗¥ ─æ&oacute; bß║ín kh&ocirc;ng cß║ºn lo ngß║íi vß╗ü chi ph&iacute; tiß╗ün ─æiß╗çn khi d&ugrave;ng trong thß╗¥i gian d&agrave;i.&nbsp;─Éß║╖c biß╗çt gi&uacute;p giß║úm mß╗⌐c ─æiß╗çn n─âng ti&ecirc;u thß╗Ñ cß╗ºa&nbsp;<a href=\"https://www.dienmayxanh.com/may-lanh-midea\" target=\"_blank\">m&aacute;y lß║ính Midea</a>.</p>\r\n\r\n<p>- Nh&atilde;n n─âng l╞░ß╗úng<strong>&nbsp;5 sao</strong>&nbsp;(hiß╗çu suß║Ñt n─âng l╞░ß╗úng 5.06). Ti&ecirc;u thß╗Ñ l╞░ß╗úng ─æiß╗çn n─âng khoß║úng&nbsp;<strong>0.82 kW/h</strong>.</p>\r\n\r\n<p><a href=\"https://cdn.tgdd.vn/Products/2002/320893/midea-inverter-1-hp-mafa-09cdn8-2-1020x570.jpg\" onclick=\"return false;\"><img alt=\"M├íy lß║ính Midea Inverter 1 HP MAFA-09CDN8 - C├┤ng nghß╗ç tiß║┐t kiß╗çm ─æiß╗çn\" src=\"https://cdn.tgdd.vn/Products/2002/320893/midea-inverter-1-hp-mafa-09cdn8-2-1020x570.jpg\" style=\"height:570px; width:1020px\" /></a></p>\r\n\r\n<p><em>*H&igrave;nh ß║únh chß╗ë mang t&iacute;nh chß║Ñt minh hß╗ìa sß║ún phß║⌐m</em></p>\r\n\r\n<h3>Khß║ú n─âng lß╗ìc kh&ocirc;ng kh&iacute;</h3>\r\n\r\n<p><a href=\"https://www.dienmayxanh.com/kinh-nghiem-hay/cong-nghe-khang-khuan-khu-mui-tren-may-lanh-midea-1081509#loc-2-lop-hd\" target=\"_blank\">Bß╗Ö lß╗ìc bß╗Ñi 2 lß╗¢p HD</a>,<strong>&nbsp;m&agrave;ng lß╗ìc chß║Ñt m&ocirc;i lß║ính</strong>&nbsp;loß║íi bß╗Å ─æ╞░ß╗úc tß║íp chß║Ñt, bß╗Ñi bß║⌐n kß╗â cß║ú c&aacute;c hß║ít bß╗Ñi mß╗ïn k&iacute;ch th╞░ß╗¢c si&ecirc;u nhß╗Å PM 2.5, c&aacute;c t&aacute;c nh&acirc;n g&acirc;y dß╗ï ß╗⌐ng cho kh&ocirc;ng kh&iacute; trong ph&ograve;ng tinh khiß║┐t, trong sß║ích, bß║úo vß╗ç hß╗ç h&ocirc; hß║Ñp cß╗ºa gia ─æ&igrave;nh.</p>\r\n\r\n<p><a href=\"https://cdn.tgdd.vn/Products/2002/320893/midea-inverter-1-hp-mafa-09cdn8-1-1020x570.jpg\" onclick=\"return false;\"><img alt=\"M├íy lß║ính Midea Inverter 1 HP MAFA-09CDN8 - Khß║ú n─âng lß╗ìc kh├┤ng kh├¡\" src=\"https://cdn.tgdd.vn/Products/2002/320893/midea-inverter-1-hp-mafa-09cdn8-1-1020x570.jpg\" style=\"height:570px; width:1020px\" /></a></p>\r\n\r\n<p><em>*H&igrave;nh ß║únh chß╗ë mang t&iacute;nh chß║Ñt minh hß╗ìa sß║ún phß║⌐m</em></p>\r\n\r\n<p><em>T&oacute;m lß║íi, m&aacute;y lß║ính Midea Inverter 1 HP MAFA-09CDN8 ─æ╞░ß╗úc thiß║┐t lß║¡p vß╗¢i c&ocirc;ng suß║Ñt l&agrave;m lß║ính 1 HP, c&ocirc;ng nghß╗ç l&agrave;m lß║ính nhanh Fast Cooling, c&ocirc;ng nghß╗ç Inverter, iEco tiß║┐t kiß╗çm ─æiß╗çn, bß╗Ö lß╗ìc 2 lß╗¢p HD gi&uacute;p mang ─æß║┐n kh&ocirc;ng gian m&aacute;t mß║╗, sß║ích tho&aacute;ng cho c─ân ph&ograve;ng c&oacute; diß╗çn t&iacute;ch d╞░ß╗¢i 15m&sup2;.</em></p>',32,8590000,6100000,1,1,'<ul>\r\n	<li>\r\n	<p>H╞░ g&igrave; ─æß╗òi nß║Ñy&nbsp;<strong>12 th&aacute;ng</strong>&nbsp;tß║¡n nh&agrave; (miß╗àn ph&iacute; th&aacute;ng ─æß║ºu) *M&aacute;y lß║ính AQUA kh&ocirc;ng &aacute;p dß╗Ñng&nbsp;<a href=\"javascript:void(0)\" onclick=\"showPopupPolicy()\">Xem chi tiß║┐t</a></p>\r\n	</li>\r\n	<li>\r\n	<p>Bß║úo h&agrave;nh&nbsp;<strong>ch&iacute;nh h&atilde;ng m&aacute;y lß║ính 3 n─âm</strong>, c&oacute; ng╞░ß╗¥i ─æß║┐n tß║¡n nh&agrave;</p>\r\n	</li>\r\n	<li>\r\n	<p>Th&ugrave;ng m&aacute;y lß║ính c&oacute;: Remote, Gi&aacute; ─æß╗í remote</p>\r\n	</li>\r\n	<li>\r\n	<p>Ph&iacute; vß║¡t t╞░ c&oacute; thß╗â ph&aacute;t sinh th&ecirc;m.&nbsp;<a href=\"javascript:void(0)\" onclick=\"MaterialsFee(3);\">Xem chi tiß║┐t vß║¡t t╞░.</a></p>\r\n	</li>\r\n</ul>','/storage/photos/product/midea-inverter-1-hp-mafa-09cdn8-2.jpg','2024-05-02 09:21:26','2024-05-06 21:48:59','1',3,0,0),(33,'Smart Tivi LG 4K 65 inch 65UQ8000PSC','smart-tivi-lg-4k-65-inch-65uq8000psc','<p><em><strong>Smart Tivi LG 4K 65 inch 65UQ8000PSC mang ─æß║┐n cß║úm x&uacute;c ─æß║»m ch&igrave;m khi trß║úi nghiß╗çm nghe nh&igrave;n, vß╗¢i khung h&igrave;nh 4K t╞░╞íng phß║ún rß╗▒c rß╗í tß╗½ HDR10 Pro, &acirc;m thanh ch&acirc;n thß╗▒c tinh chß╗ënh theo nß╗Öi dung qua AI Sound, c&ugrave;ng vß╗¢i 1 thiß║┐t kß║┐ tinh giß║ún ─æß║ºy sang chß║únh, v&agrave; kho ß╗⌐ng dß╗Ñng khß╗òng lß╗ô tß╗½ webOS 22 ─æ&aacute;p ß╗⌐ng ho&agrave;n hß║úo nhu cß║ºu giß║úi tr&iacute; cß╗ºa ng╞░ß╗¥i d&ugrave;ng.</strong></em></p>\r\n\r\n<h3>Tß╗òng quan thiß║┐t kß║┐</h3>\r\n\r\n<p>-&nbsp;<a href=\"https://www.dienmayxanh.com/tivi/smart-lg-4k-65-inch-65uq8000psc\" target=\"_blank\">Smart Tivi LG 4K 65 inch 65UQ8000PSC</a>&nbsp;─æ╞ín giß║ún, kh&ocirc;ng k&eacute;m sß╗▒ tinh tß║┐ vß╗¢i thiß║┐t kß║┐ m&agrave;n h&igrave;nh phß║│ng thanh mß║únh,&nbsp;<strong>c&aacute;c cß║ính viß╗ün si&ecirc;u mß╗Ång</strong>&nbsp;mß╗ƒ rß╗Öng khung h&igrave;nh trß║úi nghiß╗çm, h&ograve;a v&agrave;o nß╗Öi thß║Ñt hiß╗çn ─æß║íi cß╗ºa gia ─æ&igrave;nh ─æß╗â t─âng t&iacute;nh thß║⌐m mß╗╣ v&agrave; sß╗⌐c h&uacute;t cß╗ºa kh&ocirc;ng gian.</p>\r\n\r\n<p>- Tivi c&oacute;&nbsp;<strong><a href=\"https://www.dienmayxanh.com/tivi?g=65-inch\" target=\"_blank\">k&iacute;ch th╞░ß╗¢c m&agrave;n h&igrave;nh 65 inch</a></strong>&nbsp;d&ugrave;ng ─æß║╣p cho ph&ograve;ng kh&aacute;ch lß╗¢n, ph&ograve;ng hß╗ìp, sß║únh chß╗¥ vß╗½a v&agrave; nhß╗Å,...</p>\r\n\r\n<p>-&nbsp;Ch&acirc;n ─æß║┐&nbsp;<a href=\"https://www.dienmayxanh.com/tivi\" target=\"_blank\">tivi</a>&nbsp;<strong>chß║Ñt liß╗çu</strong>&nbsp;<strong>nhß╗▒a l&otilde;i kim loß║íi</strong>&nbsp;chß║»c chß║»n v&agrave; bß╗ün tß╗æt, n&acirc;ng ─æß╗í an to&agrave;n cho m&agrave;n h&igrave;nh khi ─æß║╖t kß╗ç tß╗º, ─æß╗ông thß╗¥i th&aacute;o rß╗¥i dß╗à d&agrave;ng ─æß╗â bß╗æ tr&iacute; tivi treo t╞░ß╗¥ng cho kh&ocirc;ng gian th&ecirc;m th&ocirc;ng tho&aacute;ng.</p>\r\n\r\n<p><a href=\"https://cdn.tgdd.vn/Products/Images/1942/278555/smart-lg-4k-65-inch-65uq8000psc-1.jpg\" onclick=\"return false;\"><img alt=\"Sang trß╗ìng - Smart Tivi LG 4K 65 inch 65UQ8000PSC\" src=\"https://cdn.tgdd.vn/Products/Images/1942/278555/smart-lg-4k-65-inch-65uq8000psc-1.jpg\" /></a></p>\r\n\r\n<p><em>*H&igrave;nh ß║únh chß╗ë mang t&iacute;nh chß║Ñt minh hß╗ìa sß║ún phß║⌐m</em></p>\r\n\r\n<h3>C&ocirc;ng nghß╗ç h&igrave;nh ß║únh</h3>\r\n\r\n<p>- Hiß╗ân thß╗ï khung h&igrave;nh sß║»c n&eacute;t gß║Ñp 4 lß║ºn m&agrave;n h&igrave;nh Full HD vß╗¢i&nbsp;<strong><a href=\"https://www.dienmayxanh.com/tivi-lg?g=ultra-hd-4k\" target=\"_blank\">─æß╗Ö ph&acirc;n giß║úi 4K</a>&nbsp;(3.840 x 2.160)</strong>.</p>\r\n\r\n<p>-&nbsp;<strong>Bß╗Ö xß╗¡ l&yacute; &alpha;5 Gen5 AI 4K</strong>&nbsp;tß╗æi ╞░u hiß╗ân thß╗ï h&igrave;nh ß║únh v&agrave; m&agrave;u sß║»c chi tiß║┐t cho trß║úi nghiß╗çm xem ho&agrave;n hß║úo, kß║┐t hß╗úp c&ocirc;ng nghß╗ç&nbsp;<strong>4K AI Upscaling</strong>&nbsp;n&acirc;ng cß║Ñp nß╗Öi dung ─æß║ºu v&agrave;o l&ecirc;n chuß║⌐n gß║ºn 4K ─æß╗â ng╞░ß╗¥i xem th╞░ß╗ƒng thß╗⌐c ─æ╞░ß╗úc khung h&igrave;nh chß║Ñt l╞░ß╗úng nhß║Ñt, thß╗Åa m&atilde;n thß╗ï gi&aacute;c.</p>\r\n\r\n<p>- C&ocirc;ng nghß╗ç&nbsp;<strong><a href=\"https://www.dienmayxanh.com/kinh-nghiem-hay/cac-cong-nghe-hinh-anh-noi-bat-tren-tivi-lg-1128078#hdr-10-pro\" target=\"_blank\">HDR10 Pro</a></strong>&nbsp;v&agrave;&nbsp;<strong><a href=\"https://www.dienmayxanh.com/kinh-nghiem-hay/cac-cong-nghe-hinh-anh-noi-bat-tren-tivi-lg-1128078#hdr-dynamic-tone-mapping\" target=\"_blank\">HDR Dynamic Tone Mapping</a>&nbsp;</strong>t─âng c╞░ß╗¥ng<strong>&nbsp;</strong>─æß╗Ö s&aacute;ng v&agrave; ─æß╗Ö r&otilde; n&eacute;t cß╗ºa h&igrave;nh ß║únh, l&agrave;m nß╗òi bß║¡t l&ecirc;n c&aacute;c chi tiß║┐t ß║⌐n, chß║Ñt l╞░ß╗úng t╞░╞íng phß║ún tß╗æt h╞ín cho khung h&igrave;nh ch&acirc;n thß╗▒c h╞ín, l&ocirc;i cuß╗æn ng╞░ß╗¥i xem v&agrave;o khung cß║únh v&agrave; nß╗Öi dung ─æang chiß║┐u.</p>\r\n\r\n<p>- M&agrave;n h&igrave;nh game m╞░ß╗út m&agrave; nhß╗¥&nbsp;<strong>chß║┐ ─æß╗Ö game HGIG</strong>&nbsp;v&agrave; phß║ún hß╗ôi tß╗⌐c th&igrave; vß╗¢i&nbsp;<strong>c&ocirc;ng nghß╗ç&nbsp;<a href=\"https://www.dienmayxanh.com/kinh-nghiem-hay/cong-nghe-ho-tro-choi-game-tren-tivi-samsung-2021-1345465#auto-low-latency\" target=\"_blank\">Auto Low Latency Mode (ALLM)</a>&nbsp;</strong>giß║úm ─æß╗Ö trß╗à ch╞íi game.</p>\r\n\r\n<p>- Cß║úm nhß║¡n phim ─æiß╗çn ß║únh nh╞░ khi xem tß║íi rß║íp chiß║┐u vß╗¢i chß║┐ ─æß╗Ö l&agrave;m phim&nbsp;<strong>FilmMaker Mode</strong>.</p>\r\n\r\n<p>Mß╗¥i bß║ín xem th&ecirc;m:<a href=\"https://www.dienmayxanh.com/kinh-nghiem-hay/diem-mat-nhung-do-phan-giai-pho-bien-hien-nay-tren-577178\" target=\"_blank\">&nbsp;Nhß╗»ng ─æß╗Ö ph&acirc;n giß║úi m&agrave;n h&igrave;nh phß╗ò biß║┐n hiß╗çn nay tr&ecirc;n tivi</a></p>\r\n\r\n<p><a href=\"https://cdn.tgdd.vn/Products/Images/1942/278555/smart-lg-4k-65-inch-65uq8000psc-2.jpg\" onclick=\"return false;\"><img alt=\"H├¼nh ß║únh sß║»c n├⌐t - Smart Tivi LG 4K 65 inch 65UQ8000PSC\" src=\"https://cdn.tgdd.vn/Products/Images/1942/278555/smart-lg-4k-65-inch-65uq8000psc-2.jpg\" /></a></p>\r\n\r\n<p><em>*H&igrave;nh ß║únh chß╗ë mang t&iacute;nh chß║Ñt minh hß╗ìa sß║ún phß║⌐m</em></p>\r\n\r\n<h3>C&ocirc;ng nghß╗ç &acirc;m thanh</h3>\r\n\r\n<p>- Tß╗òng c&ocirc;ng suß║Ñt loa&nbsp;<strong>20W&nbsp;</strong>cho &acirc;m thanh mß║ính mß║╜.</p>\r\n\r\n<p>- Tinh chß╗ënh &acirc;m thanh theo nß╗Öi dung&nbsp;<strong>AI Sound</strong>&nbsp;v&agrave; tß╗æi ╞░u theo kh&ocirc;ng gian ph&ograve;ng nhß╗¥ c&ocirc;ng nghß╗ç&nbsp;<a href=\"https://www.dienmayxanh.com/kinh-nghiem-hay/cong-nghe-am-thanh-tren-tivi-lg-2021-1368089#ai-acoustic\" target=\"_blank\"><strong>AI Acoustic Tuning</strong></a>&nbsp;─æß╗â trß║úi nghiß╗çm nghe ch&acirc;n thß╗▒c nhß║Ñt, hiß╗çu ß╗⌐ng &acirc;m thanh trß╗ƒ n&ecirc;n sß╗æng ─æß╗Öng h╞ín, t─âng c╞░ß╗¥ng cß║úm x&uacute;c.</p>\r\n\r\n<p>- Chß║┐ ─æß╗Ö lß╗ìc thoß║íi&nbsp;<strong>Clear Voice Pro&nbsp;</strong>cho th&ocirc;ng ─æiß╗çp nß╗Öi dung thß║¡t r&otilde; r&agrave;ng, gi&uacute;p ng╞░ß╗¥i d&ugrave;ng nß║»m bß║»t dß╗à d&agrave;ng v&agrave; trß╗ìn vß║╣n h╞ín.</p>\r\n\r\n<p>-&nbsp;<a href=\"https://www.dienmayxanh.com/kinh-nghiem-hay/cong-nghe-am-thanh-tren-tivi-lg-2018-1106872#lg-sound-sync\" target=\"_blank\">LG Sound Sync</a>&nbsp;li&ecirc;n kß║┐t ho&agrave;n hß║úo&nbsp;<a href=\"https://www.dienmayxanh.com/tivi-lg?g=smart-tivi\" target=\"_blank\">smart tivi LG</a>&nbsp;vß╗¢i d&agrave;n &acirc;m thanh qua kß║┐t nß╗æi Bluetooth, tß║ío hiß╗çu ß╗⌐ng mß║ính mß║╜ v&agrave; vang dß╗Öi h╞ín, khuß║Ñy ─æß╗Öng kh&ocirc;ng gian giß║úi tr&iacute;.</p>\r\n\r\n<p><a href=\"https://cdn.tgdd.vn/Products/Images/1942/278555/smart-lg-4k-65-inch-65uq8000psc-3.jpg\" onclick=\"return false;\"><img alt=\"├ém thanh l├┤i cuß╗æn - Smart Tivi LG 4K 65 inch 65UQ8000PSC\" src=\"https://cdn.tgdd.vn/Products/Images/1942/278555/smart-lg-4k-65-inch-65uq8000psc-3.jpg\" /></a></p>\r\n\r\n<p><em>*H&igrave;nh ß║únh chß╗ë mang t&iacute;nh chß║Ñt minh hß╗ìa sß║ún phß║⌐m</em></p>\r\n\r\n<h3>Hß╗ç ─æiß╗üu h&agrave;nh</h3>\r\n\r\n<p>-&nbsp;<a href=\"https://www.dienmayxanh.com/tivi?g=smart-tivi\" target=\"_blank\">Smart tivi</a>&nbsp;sß╗¡ dß╗Ñng hß╗ç ─æiß╗üu h&agrave;nh&nbsp;<strong><a href=\"https://www.dienmayxanh.com/kinh-nghiem-hay/webos-tren-tivi-lg-la-gi-581001\" target=\"_blank\">webOS</a>&nbsp;22</strong>&nbsp;c&oacute; giao diß╗çn th&acirc;n thiß╗çn, dß╗à d&agrave;ng sß╗¡ dß╗Ñng, kho ß╗⌐ng dß╗Ñng phong ph&uacute; gß╗ôm: YouTube, Netflix, Clip TV, FPT Play, Galaxy Play (Fim+), MyTV, Nhaccuatui, POPS Kids, Spotify, Tr&igrave;nh duyß╗çt web, TV 360, VieON, VTVcab ON, YouTube Kids, Apple TV,&hellip; phß╗Ñc vß╗Ñ tß╗æt cho nhu cß║ºu cß╗ºa mß╗ìi th&agrave;nh vi&ecirc;n.</p>\r\n\r\n<p>Xem th&ecirc;m:&nbsp;<a href=\"https://www.dienmayxanh.com/kinh-nghiem-hay/cach-xem-phim-online-tren-tivi-887946#xem-phim-tren-trinh-duyet-web\">C&aacute;ch xem phim bß║▒ng tr&igrave;nh duyß╗çt web tr&ecirc;n tivi</a>&nbsp;</p>\r\n\r\n<p><a href=\"https://cdn.tgdd.vn/Products/Images/1942/278555/smart-lg-4k-65-inch-65uq8000psc-4.jpg\" onclick=\"return false;\"><img alt=\"WebOS 6.0 - Smart Tivi LG 4K 65 inch 65UQ8000PSC\" src=\"https://cdn.tgdd.vn/Products/Images/1942/278555/smart-lg-4k-65-inch-65uq8000psc-4.jpg\" /></a></p>\r\n\r\n<p><em>*H&igrave;nh ß║únh chß╗ë mang t&iacute;nh chß║Ñt minh hß╗ìa sß║ún phß║⌐m</em></p>\r\n\r\n<h3>Tiß╗çn &iacute;ch</h3>\r\n\r\n<p>- Kß║┐t nß╗æi v&agrave; ─æiß╗üu khiß╗ân to&agrave;n bß╗Ö hß╗ç sinh th&aacute;i trong ng&ocirc;i nh&agrave; vß╗¢i&nbsp;<strong><a href=\"https://www.dienmayxanh.com/kinh-nghiem-hay/nhung-dieu-can-biet-ve-dieu-khien-thong-minh-magic-685119\" target=\"_blank\">Magic Remote</a></strong>&nbsp;v&agrave;&nbsp;<strong>AI ThinQ</strong>.</p>\r\n\r\n<p>-&nbsp;<a href=\"https://www.dienmayxanh.com/tivi-lg\" target=\"_blank\">Tivi LG</a>&nbsp;hß╗ù trß╗ú t&igrave;m kiß║┐m giß╗ìng n&oacute;i bß║▒ng tiß║┐ng Viß╗çt<strong>&nbsp;</strong>qua&nbsp;<strong>Magic remote</strong>,&nbsp;<strong>LG Voice Search</strong>&nbsp;vß╗¢i Google Assistant, cho viß╗çc t&igrave;m kiß║┐m ─æ╞ín giß║ún v&agrave; nhanh ch&oacute;ng h╞ín.</p>\r\n\r\n<p>- Chia sß║╗ nß╗Öi dung tr&ecirc;n ─æiß╗çn thoß║íi l&ecirc;n m&agrave;n h&igrave;nh tivi qua t&iacute;nh n─âng&nbsp;<strong><a href=\"https://www.dienmayxanh.com/kinh-nghiem-hay/air-play-2-tren-tivi-la-gi-nhung-tivi-nao-ho-tro-a-1172156\" target=\"_blank\">AirPlay 2</a></strong>&nbsp;(iPhone),&nbsp;<strong>Screen Share</strong>.</p>\r\n\r\n<p>Xem th&ecirc;m:&nbsp;<a href=\"https://www.dienmayxanh.com/kinh-nghiem-hay/9-cach-ket-noi-dien-thoai-android-voi-tivi-lg-860812\" target=\"_blank\">9 c&aacute;ch kß║┐t nß╗æi ─æiß╗çn thoß║íi Android vß╗¢i tivi LG ─æ╞ín giß║ún, hiß╗çu quß║ú nhß║Ñt</a></p>\r\n\r\n<p><a href=\"https://cdn.tgdd.vn/Products/Images/1942/278555/smart-lg-4k-65-inch-65uq8000psc-5.jpg\" onclick=\"return false;\"><img alt=\"─Éiß╗üu khiß╗ân th├┤ng minh - Smart Tivi LG 4K 65 inch 65UQ8000PSC\" src=\"https://cdn.tgdd.vn/Products/Images/1942/278555/smart-lg-4k-65-inch-65uq8000psc-5.jpg\" /></a></p>\r\n\r\n<p><em>&nbsp;*H&igrave;nh ß║únh chß╗ë mang t&iacute;nh chß║Ñt minh hß╗ìa sß║ún phß║⌐m</em></p>\r\n\r\n<p><em>Nh╞░ vß║¡y, Smart Tivi LG 4K 65 inch 65UQ8000PSC hß║│n sß║╜ l&agrave; lß╗▒a chß╗ìn tß╗æt cho kh&ocirc;ng gian giß║úi tr&iacute; cß╗ºa gia ─æ&igrave;nh bß║ín, trß║úi nghiß╗çm xem tuyß╗çt vß╗¥i tr&ecirc;n khung h&igrave;nh 4K, t╞░╞íng phß║ún ─æß║ºy ch&acirc;n thß╗▒c nhß╗¥ HDR10 Pro, &acirc;m thanh ch&acirc;n thß╗▒c tinh chß╗ënh qua AI Sound, ─æß╗â mß╗ùi khung giß╗¥ giß║úi tr&iacute; c&ugrave;ng smart tivi l&agrave; mß╗Öt trß║úi nghiß╗çm h&agrave;i l&ograve;ng trß╗ìn vß║╣n.</em></p>\r\n\r\n<p>Xem th&ecirc;m:&nbsp;<a href=\"https://www.dienmayxanh.com/kinh-nghiem-hay/tang-tuoi-tho-tivi-bang-5-cach-don-gian-542763\">7 c&aacute;ch sß╗¡ dß╗Ñng tivi ─æ╞ín giß║ún gi&uacute;p t─âng tuß╗òi thß╗ì cho chiß║┐c tivi nh&agrave; bß║ín</a></p>',41,25900000,14900000,1,1,'<ul>\r\n	<li>\r\n	<p><strong>Lß║»p ─æß║╖t miß╗àn ph&iacute;</strong>&nbsp;l&uacute;c giao h&agrave;ng</p>\r\n	</li>\r\n	<li>\r\n	<p>H╞░ g&igrave; ─æß╗òi nß║Ñy&nbsp;<strong>12 th&aacute;ng</strong>&nbsp;tß║¡n nh&agrave; (miß╗àn ph&iacute; th&aacute;ng ─æß║ºu)&nbsp;<a href=\"javascript:void(0)\" onclick=\"showPopupPolicy()\">Xem chi tiß║┐t</a></p>\r\n	</li>\r\n	<li>\r\n	<p>Bß║úo h&agrave;nh&nbsp;<strong>ch&iacute;nh h&atilde;ng tivi 2 n─âm</strong>, c&oacute; ng╞░ß╗¥i ─æß║┐n tß║¡n nh&agrave;</p>\r\n	</li>\r\n	<li>\r\n	<p>Th&ugrave;ng tivi c&oacute;: Ch&acirc;n ─æß║┐, Remote th&ocirc;ng minh</p>\r\n	</li>\r\n</ul>','/storage/photos/product/smart-lg-4k-65-inch-65uq8000psc-01.jpg','2024-05-02 09:26:22','2024-05-13 19:55:27','3',4,0,0),(34,'Smart Tivi NanoCell LG 4K 65 inch 65NANO76SQA','smart-tivi-nanocell-lg-4k-65-inch-65nano76sqa','<p><em><strong>Smart Tivi NanoCell LG 4K 65 inch 65NANO76SQA cuß╗æn h&uacute;t tß║ºm nh&igrave;n nhß╗¥ m&agrave;n h&igrave;nh 65 inch thanh mß║únh, nß╗Öi dung hiß╗ân thß╗ï sß║»c n&eacute;t vß╗¢i ─æß╗Ö ph&acirc;n giß║úi 4K, tß╗æi ╞░u qua bß╗Ö xß╗¡ l&yacute; &alpha;5 Gen5 AI 4K, &acirc;m thanh sß╗æng ─æß╗Öng c&ugrave;ng c&ocirc;ng nghß╗ç&nbsp;AI Sound, kho ß╗⌐ng dß╗Ñng webOS 22 phong ph&uacute; v&agrave; ─æiß╗üu khiß╗ân ─æß║ºy th&ocirc;ng minh qua Magic Remote, AI ThinQ mang ─æß║┐n trß║úi nghiß╗çm tuyß╗çt vß╗¥i.</strong></em></p>\r\n\r\n<h3>Tß╗òng quan thiß║┐t kß║┐</h3>\r\n\r\n<p>-&nbsp;<a href=\"https://www.dienmayxanh.com/tivi/smart-nanocell-lg-4k-65-inch-65nano76sqa\" target=\"_blank\">Smart Tivi NanoCell LG 4K 65 inch 65NANO76SQA</a>&nbsp;cß║Ñu tß║ío m&agrave;n h&igrave;nh phß║│ng tinh giß║ún, thanh lß╗ïch, h&agrave;i h&ograve;a cho mß╗ìi kh&ocirc;ng gian.</p>\r\n\r\n<p>-&nbsp;<strong>Ch&acirc;n ─æß║┐ h&igrave;nh b&aacute;n nguyß╗çt</strong>&nbsp;tinh tß║┐, tß║ío thß║┐ ─æß╗í chß║»c chß║»n cho m&agrave;n h&igrave;nh, ß╗òn ─æß╗ïnh khi lß║»p ─æß╗â b&agrave;n v&agrave; dß╗à th&aacute;o rß╗¥i khi muß╗æn bß╗æ tr&iacute; tivi treo t╞░ß╗¥ng.</p>\r\n\r\n<p>-&nbsp;<a href=\"https://www.dienmayxanh.com/tivi-lg\" target=\"_blank\">Tivi LG</a>&nbsp;sß╗ƒ hß╗»u<strong>&nbsp;<a href=\"https://www.dienmayxanh.com/tivi-lg?g=65-inch\" target=\"_blank\">m&agrave;n h&igrave;nh 65 inch</a></strong>&nbsp;dß╗à d&ugrave;ng cho kh&ocirc;ng gian gia ─æ&igrave;nh, bß╗æ tr&iacute; ─æß║╣p ß╗ƒ ph&ograve;ng kh&aacute;ch, ph&ograve;ng ngß╗º, hoß║╖c d&ugrave;ng cho ph&ograve;ng hß╗ìp c&ocirc;ng ty, sß║únh nhß╗Å&hellip;</p>\r\n\r\n<p><a href=\"https://cdn.tgdd.vn/Products/Images/1942/278575/smart-nanocell-lg-4k-65-inch-65nano76sqa-1-2.jpg\" onclick=\"return false;\"><img alt=\"Tinh tß║┐, sang ─æß║╣p - Smart Tivi NanoCell LG 4K 65 inch 65NANO76SQA\" src=\"https://cdn.tgdd.vn/Products/Images/1942/278575/smart-nanocell-lg-4k-65-inch-65nano76sqa-1-2.jpg\" /></a></p>\r\n\r\n<p><em>*H&igrave;nh ß║únh chß╗ë mang t&iacute;nh chß║Ñt minh hß╗ìa sß║ún phß║⌐m</em></p>\r\n\r\n<h3>C&ocirc;ng nghß╗ç h&igrave;nh ß║únh</h3>\r\n\r\n<p>-&nbsp;<strong><a href=\"https://www.dienmayxanh.com/tivi-lg?g=ultra-hd-4k\" target=\"_blank\">─Éß╗Ö ph&acirc;n giß║úi 4K</a></strong>&nbsp;mang ─æß║┐n h&igrave;nh ß║únh&nbsp;<strong>sß║»c&nbsp;n&eacute;t gß║Ñp 4 lß║ºn&nbsp;Full HD</strong>.</p>\r\n\r\n<p>-&nbsp;<strong>Bß╗Ö xß╗¡ l&yacute; &alpha;5 Gen5 AI 4K</strong>&nbsp;tß╗▒ ─æß╗Öng ─æiß╗üu chß╗ënh, giß║úm mß╗¥, nh&ograve;e ─æß╗â c&aacute;c chi tiß║┐t h&igrave;nh ß║únh hiß╗ân thß╗ï r&otilde; ─æß║╣p, h&uacute;t mß║»t.&nbsp;─Éß╗ông thß╗¥i, vß╗¢i&nbsp;<strong><a href=\"https://www.dienmayxanh.com/kinh-nghiem-hay/tai-sao-lai-co-tinh-nang-nang-cap-hinh-anh-tivi-le-795796\" target=\"_blank\">c&ocirc;ng nghß╗ç&nbsp;4K AI Upscaling</a></strong>&nbsp;mß╗ìi nß╗Öi dung ─æß║ºu v&agrave;o ─æß╗üu ─æ╞░ß╗úc n&acirc;ng cao ─æß╗Ö ph&acirc;n giß║úi h&igrave;nh ß║únh l&ecirc;n gß║ºn chß║Ñt l╞░ß╗úng 4K, cho bß║ín tß║¡n h╞░ß╗ƒng khung h&igrave;nh tuyß╗çt vß╗¥i nhß║Ñt trong tß╗½ng ph&uacute;t gi&acirc;y.</p>\r\n\r\n<p>-&nbsp;<strong>Dß║úi m&agrave;u rß╗Öng Nano Color</strong>&nbsp;mang cß║ú thß║┐ giß╗¢i m&agrave;u sß║»c l&ecirc;n khung h&igrave;nh, t&aacute;i hiß╗çn thß╗▒c tß║┐ sß╗æng ─æß╗Öng tr&ecirc;n m&agrave;n ß║únh nhß╗Å.</p>\r\n\r\n<p>-&nbsp;T&iacute;ch hß╗úp&nbsp;<strong>c&aacute;c ─æß╗ïnh dß║íng HDR</strong>&nbsp;ti&ecirc;n tiß║┐n (Active HDR,&nbsp;<a href=\"https://www.dienmayxanh.com/kinh-nghiem-hay/cac-cong-nghe-hinh-anh-noi-bat-tren-tivi-lg-1128078#hdr-10-pro\" target=\"_blank\">HDR10 Pro</a>,&nbsp;<a href=\"https://www.dienmayxanh.com/kinh-nghiem-hay/cac-cong-nghe-hinh-anh-noi-bat-tren-tivi-lg-1128078#hdr-dynamic-tone-mapping\" target=\"_blank\">HDR Dynamic Tone Mapping</a>) v&agrave;&nbsp;<strong><a href=\"https://www.dienmayxanh.com/kinh-nghiem-hay/cac-cong-nghe-hinh-anh-dac-biet-tren-tivi-sony-1127776#hlg\" target=\"_blank\">HLG</a></strong>&nbsp;mang hiß╗çu quß║ú t─âng c╞░ß╗¥ng t╞░╞íng phß║ún cao,&nbsp;cho ─æß╗Ö s&aacute;ng, m&agrave;u sß║»c v&agrave; chiß╗üu s&acirc;u cß╗ºa c&aacute;c chi tiß║┐t cß╗ºa khung h&igrave;nh t&aacute;i hiß╗çn sß║»c sß║úo, c&oacute; hß╗ôn h╞ín, cuß╗æn h&uacute;t h╞ín.</p>\r\n\r\n<p>-&nbsp;<strong>Chß║┐ ─æß╗Ö game HGIG</strong>&nbsp;v&agrave;&nbsp;<strong>c&ocirc;ng nghß╗ç giß║úm ─æß╗Ö trß╗à&nbsp;Auto Low Latency Mode (ALLM)</strong>&nbsp;mang ─æß║┐n m&agrave;n h&igrave;nh chiß║┐n game m╞░ß╗út m&agrave;, ng╞░ß╗¥i ch╞íi dß╗à d&agrave;ng nß║»m bß║»t t&igrave;nh thß║┐ v&agrave; c╞í hß╗Öi l&agrave;m chß╗º thß║┐ trß║¡n.</p>\r\n\r\n<p>-&nbsp;Th╞░ß╗ƒng thß╗⌐c phim theo ─æ&uacute;ng nguy&ecirc;n bß║ún vß╗¢i<strong>&nbsp;<a href=\"https://www.dienmayxanh.com/kinh-nghiem-hay/cac-cong-nghe-hinh-anh-tren-tivi-lg-2020-1255817#filmmaker\" target=\"_blank\">chß║┐ ─æß╗Ö FilmMaker Mode</a></strong>,&nbsp;bß║▒ng c&aacute;ch tß║»t l&agrave;m mß╗ïn chuyß╗ân ─æß╗Öng, c&aacute;c ─æiß╗üu chß╗ënh h&igrave;nh ß║únh cß╗ºa&nbsp;<a href=\"https://www.dienmayxanh.com/tivi-lg?g=smart-tivi\" target=\"_blank\">Smart tivi LG</a>&nbsp;─æß╗â cho bß║ín ─æ╞░ß╗úc xem nß╗Öi dung theo ─æ&uacute;ng &yacute; t╞░ß╗ƒng nghß╗ç thuß║¡t cß╗ºa nh&agrave; l&agrave;m phim.</p>\r\n\r\n<p>Mß╗¥i bß║ín xem th&ecirc;m:<a href=\"https://www.dienmayxanh.com/kinh-nghiem-hay/diem-mat-nhung-do-phan-giai-pho-bien-hien-nay-tren-577178\" target=\"_blank\">&nbsp;Nhß╗»ng ─æß╗Ö ph&acirc;n giß║úi m&agrave;n h&igrave;nh phß╗ò biß║┐n hiß╗çn nay tr&ecirc;n tivi</a></p>\r\n\r\n<p><a href=\"https://cdn.tgdd.vn/Products/Images/1942/278575/smart-nanocell-lg-4k-65-inch-65nano76sqa-2-2.jpg\" onclick=\"return false;\"><img alt=\"H├¼nh ß║únh rß╗▒c rß╗í, t╞░╞íng phß║ún cao - Smart Tivi NanoCell LG 4K 65 inch 65NANO76SQA\" src=\"https://cdn.tgdd.vn/Products/Images/1942/278575/smart-nanocell-lg-4k-65-inch-65nano76sqa-2-2.jpg\" /></a></p>\r\n\r\n<p><em>*H&igrave;nh ß║únh chß╗ë mang t&iacute;nh chß║Ñt minh hß╗ìa sß║ún phß║⌐m</em></p>\r\n\r\n<h3>C&ocirc;ng nghß╗ç &acirc;m thanh</h3>\r\n\r\n<p>-&nbsp;<strong><a href=\"https://www.dienmayxanh.com/kinh-nghiem-hay/cong-nghe-am-thanh-tren-tivi-lg-2021-1368089#ai-sound-pro\" target=\"_blank\">C&ocirc;ng nghß╗ç&nbsp;AI Sound Pro</a></strong>&nbsp;sß╗¡ dß╗Ñng thuß║¡t to&aacute;n n&acirc;ng cß║Ñp &acirc;m thanh l&ecirc;n<strong>&nbsp;chuß║⌐n&nbsp;5.2.1</strong>&nbsp;v&agrave; tß╗æi ╞░u &acirc;m thanh theo nß╗Öi dung, cho bß║ín ─æ╞░ß╗úc ─æß║»m ch&igrave;m trong kh&ocirc;ng gian &acirc;m thanh sß╗æng ─æß╗Öng.</p>\r\n\r\n<p>-&nbsp;<strong><a href=\"https://www.dienmayxanh.com/kinh-nghiem-hay/cong-nghe-am-thanh-tren-tivi-lg-2021-1368089#ai-acoustic\" target=\"_blank\">C&ocirc;ng nghß╗ç AI Acoustic Tuning</a></strong>&nbsp;x&aacute;c ─æß╗ïnh vß╗ï tr&iacute; tivi v&agrave; ng╞░ß╗¥i d&ugrave;ng, kh&ocirc;ng gian ph&ograve;ng ─æß╗â tß╗æi ╞░u &acirc;m thanh cho trß║úi nghiß╗çm nghe tß╗æt nhß║Ñt.&nbsp;</p>\r\n\r\n<p>-&nbsp;Chß║┐ ─æß╗Ö lß╗ìc thoß║íi&nbsp;<strong>Clear Voice Pro</strong>&nbsp;l&agrave;m r&otilde; ─æoß║ín hß╗Öi thoß║íi, lß╗ìc bß╗Å tß║íp &acirc;m ─æß╗â bß║ín kh&ocirc;ng bß╗Å lß╗í t&igrave;nh tiß║┐t n&agrave;o trong nß╗Öi dung ─æang theo d&otilde;i.</p>\r\n\r\n<p>-&nbsp;<strong>Bluetooth Surround Ready&nbsp;</strong>li&ecirc;n kß║┐t vß╗¢i loa ngo&agrave;i th&ocirc;ng qua Bluetooth hoß║╖c vß╗¢i&nbsp;<strong><a href=\"https://www.dienmayxanh.com/kinh-nghiem-hay/cong-nghe-am-thanh-tren-tivi-lg-2018-1106872#lg-sound-sync\" target=\"_blank\">LG Sound Sync</a></strong>&nbsp;gi&uacute;p&nbsp;li&ecirc;n kß║┐t tivi&nbsp;vß╗¢i d&agrave;n &acirc;m thanh ngo&agrave;i ─æß╗â tß║ío kh&ocirc;ng kh&iacute; khuß║Ñy ─æß╗Öng h╞ín, mß╗ƒ rß╗Öng kh&ocirc;ng gian giß║úi tr&iacute;.</p>\r\n\r\n<p><a href=\"https://cdn.tgdd.vn/Products/Images/1942/278575/smart-nanocell-lg-4k-65-inch-65nano76sqa-240522-104715.jpg\" onclick=\"return false;\"><img alt=\"Smart Tivi NanoCell LG 4K 65 inch 65NANO76SQA - C├┤ng nghß╗ç h├¼nh ß║únh\" src=\"https://cdn.tgdd.vn/Products/Images/1942/278575/smart-nanocell-lg-4k-65-inch-65nano76sqa-240522-104715.jpg\" /></a></p>\r\n\r\n<p><em>*H&igrave;nh ß║únh chß╗ë mang t&iacute;nh chß║Ñt minh hß╗ìa sß║ún phß║⌐m</em></p>\r\n\r\n<h3>Hß╗ç ─æiß╗üu h&agrave;nh</h3>\r\n\r\n<p>- Hß╗ç ─æiß╗üu h&agrave;nh&nbsp;<strong><a href=\"https://www.dienmayxanh.com/kinh-nghiem-hay/webos-tren-tivi-lg-la-gi-581001\" target=\"_blank\">webOS</a></strong>&nbsp;phi&ecirc;n bß║ún 22<strong>&nbsp;</strong>c&oacute; giao diß╗çn trß╗▒c quan, dß╗à hiß╗âu, dß╗à thao t&aacute;c, ─æ╞ín giß║ún cho ng╞░ß╗¥i mß╗¢i d&ugrave;ng.</p>\r\n\r\n<p>- Giß║úi tr&iacute; theo nhu cß║ºu cß╗ºa tß╗½ng th&agrave;nh vi&ecirc;n nhß╗¥ kho ß╗⌐ng dß╗Ñng phong ph&uacute;: Apple TV, Clip TV, FPT Play, Galaxy Play (Fim+), MyTV, Netflix, Nhaccuatui, POPS Kids, Spotify,&nbsp;YouTube,...&nbsp;</p>\r\n\r\n<p>Xem th&ecirc;m:&nbsp;<a href=\"https://www.dienmayxanh.com/kinh-nghiem-hay/cach-xem-phim-online-tren-tivi-887946#xem-phim-tren-trinh-duyet-web\">C&aacute;ch xem phim bß║▒ng tr&igrave;nh duyß╗çt web tr&ecirc;n tivi</a>&nbsp;</p>\r\n\r\n<p><a href=\"https://cdn.tgdd.vn/Products/Images/1942/278575/smart-nanocell-lg-4k-65-inch-65nano76sqa-4-2.jpg\" onclick=\"return false;\"><img alt=\"WebOS 6.0 - Smart Tivi NanoCell LG 4K 65 inch 65NANO76SQA\" src=\"https://cdn.tgdd.vn/Products/Images/1942/278575/smart-nanocell-lg-4k-65-inch-65nano76sqa-4-2.jpg\" /></a></p>\r\n\r\n<p><em>*H&igrave;nh ß║únh chß╗ë mang t&iacute;nh chß║Ñt minh hß╗ìa sß║ún phß║⌐m</em></p>\r\n\r\n<h3>Tiß╗çn &iacute;ch</h3>\r\n\r\n<p>- T&igrave;m kiß║┐m nhanh ch&oacute;ng bß║▒ng giß╗ìng n&oacute;i tiß║┐ng Viß╗çt qua&nbsp;<strong>LG Voice Search</strong>. B&ecirc;n cß║ính ─æ&oacute;,&nbsp;<a href=\"https://www.dienmayxanh.com/tivi?g=smart-tivi\" target=\"_blank\">Smart tivi</a>&nbsp;c&ograve;n hß╗ù trß╗ú&nbsp;<strong>LG Voice Recognition</strong>&nbsp;nhß║¡n diß╗çn giß╗ìng n&oacute;i tß╗▒ nhi&ecirc;n ─æß╗â qu&aacute; tr&igrave;nh ─æiß╗üu khiß╗ân bß║▒ng giß╗ìng n&oacute;i tr╞ín tru h╞ín. Ngo&agrave;i ra bß║ín c┼⌐ng c&oacute; thß╗â t&igrave;m kiß║┐m bß║▒ng giß╗ìng n&oacute;i tiß║┐ng Viß╗çt tr&ecirc;n Youtube qua&nbsp;<a href=\"https://www.dienmayxanh.com/kinh-nghiem-hay/nhung-dieu-can-biet-ve-dieu-khien-thong-minh-magic-685119\" target=\"_blank\">Magic Remote</a>.</p>\r\n\r\n<p>-&nbsp;<strong>ß╗¿ng dß╗Ñng&nbsp;LG TV Plus</strong>&nbsp;cho ph&eacute;p ─æiß╗üu khiß╗ân tivi bß║▒ng ─æiß╗çn thoß║íi ─æ╞ín giß║ún, nhanh ch&oacute;ng v&agrave; tiß╗çn lß╗úi nh╞░ remote.</p>\r\n\r\n<p>&nbsp;- Kß║┐t nß╗æi v&agrave; ─æiß╗üu khiß╗ân th&ocirc;ng minh to&agrave;n bß╗Ö hß╗ç sinh th&aacute;i trong ng&ocirc;i nh&agrave;&nbsp;nhß╗¥&nbsp;<strong>Magic Remote</strong>&nbsp;v&agrave;&nbsp;<strong>AI ThinQ,</strong>&nbsp;thuß║¡n tiß╗çn h╞ín khi kß║┐t hß╗úp vß╗¢i c&aacute;c trß╗ú l&yacute; giß╗ìng n&oacute;i&nbsp;Google Assistant (ch╞░a c&oacute; tiß║┐ng Viß╗çt), Alexa (ch╞░a c&oacute; tiß║┐ng Viß╗çt).</p>\r\n\r\n<p>- T&iacute;nh n─âng&nbsp;<strong><a href=\"https://www.dienmayxanh.com/kinh-nghiem-hay/air-play-2-tren-tivi-la-gi-nhung-tivi-nao-ho-tro-a-1172156\" target=\"_blank\">AirPlay 2</a></strong>,&nbsp;<strong>Screen Share</strong>&nbsp;cho ph&eacute;p tr&igrave;nh chiß║┐u h&igrave;nh ß║únh tß╗½&nbsp;<a href=\"https://www.dienmayxanh.com/dien-thoai\" target=\"_blank\">─æiß╗çn thoß║íi</a>&nbsp;l&ecirc;n&nbsp;<a href=\"https://www.dienmayxanh.com/tivi\" target=\"_blank\">tivi</a>&nbsp;─æß╗â bß║ín xem c&aacute;c h&igrave;nh ß║únh chi tiß║┐t, nghe nhß║íc vß╗¢i &acirc;m thanh sinh ─æß╗Öng h╞ín.</p>\r\n\r\n<p>Xem th&ecirc;m:&nbsp;<a href=\"https://www.dienmayxanh.com/kinh-nghiem-hay/9-cach-ket-noi-dien-thoai-android-voi-tivi-lg-860812\" target=\"_blank\">9 c&aacute;ch kß║┐t nß╗æi ─æiß╗çn thoß║íi Android vß╗¢i tivi LG ─æ╞ín giß║ún, hiß╗çu quß║ú nhß║Ñt</a></p>\r\n\r\n<p><a href=\"https://cdn.tgdd.vn/Products/Images/1942/278575/smart-nanocell-lg-4k-65-inch-65nano76sqa-5-1.jpg\" onclick=\"return false;\"><img alt=\"Tiß╗çn ├¡ch th├┤ng minh - Smart Tivi NanoCell LG 4K 65 inch 65NANO76SQA\" src=\"https://cdn.tgdd.vn/Products/Images/1942/278575/smart-nanocell-lg-4k-65-inch-65nano76sqa-5-1.jpg\" /></a></p>\r\n\r\n<p><em>*H&igrave;nh ß║únh chß╗ë mang t&iacute;nh chß║Ñt minh hß╗ìa sß║ún phß║⌐m</em></p>\r\n\r\n<p><em>Smart Tivi NanoCell LG 4K 65 inch 65NANO76SQA vß╗¢i thiß║┐t kß║┐ ─æß║╣p t&ocirc; ─æiß╗âm kh&ocirc;ng gian lß║»p ─æß║╖t, sß╗¡ dß╗Ñng ─æß║ºy tiß╗çn &iacute;ch nhß╗¥ AI ThinQ v&agrave; Magic Remote, kho ß╗⌐ng dß╗Ñng phong ph&uacute; cß╗ºa webOS 22, ─æß╗ông thß╗¥i thß╗Åa m&atilde;n trß║úi nghiß╗çm nghe nh&igrave;n nhß╗¥ m&agrave;n h&igrave;nh 4K dß║úi m&agrave;u rß╗Öng Nano Color v&agrave; c&ocirc;ng nghß╗ç &acirc;m thanh AI Sound Pro.</em></p>\r\n\r\n<p>Xem th&ecirc;m:&nbsp;<a href=\"https://www.dienmayxanh.com/kinh-nghiem-hay/tang-tuoi-tho-tivi-bang-5-cach-don-gian-542763\">7 c&aacute;ch sß╗¡ dß╗Ñng tivi ─æ╞ín giß║ún gi&uacute;p t─âng tuß╗òi thß╗ì cho chiß║┐c tivi nh&agrave; bß║ín</a></p>',41,29900000,17900000,1,0,'<ul>\r\n	<li>\r\n	<p><strong>Lß║»p ─æß║╖t miß╗àn ph&iacute;</strong>&nbsp;l&uacute;c giao h&agrave;ng</p>\r\n	</li>\r\n	<li>\r\n	<p>H╞░ g&igrave; ─æß╗òi nß║Ñy&nbsp;<strong>12 th&aacute;ng</strong>&nbsp;tß║¡n nh&agrave; (miß╗àn ph&iacute; th&aacute;ng ─æß║ºu)&nbsp;<a href=\"javascript:void(0)\" onclick=\"showPopupPolicy()\">Xem chi tiß║┐t</a></p>\r\n	</li>\r\n	<li>\r\n	<p>Bß║úo h&agrave;nh&nbsp;<strong>ch&iacute;nh h&atilde;ng tivi 2 n─âm</strong>, c&oacute; ng╞░ß╗¥i ─æß║┐n tß║¡n nh&agrave;</p>\r\n	</li>\r\n	<li>\r\n	<p>Th&ugrave;ng tivi c&oacute;: Ch&acirc;n ─æß║┐, Remote th&ocirc;ng minh</p>\r\n	</li>\r\n</ul>','/storage/photos/product/smart-nanocell-lg-4k-65-inch-65nano76sqa.jpg','2024-05-02 09:28:26','2024-05-18 07:54:06','7',4,0,0),(35,'Tivi Sony 4K 55 inch KD-55X77L','tivi-sony-4k-55-inch-kd-55x77l','<p><em><strong>Google Tivi Sony 4K KD-55X77L sß╗ƒ hß╗»u k&iacute;ch th╞░ß╗¢c&nbsp;<a href=\"https://www.dienmayxanh.com/tivi-55-inch\" target=\"_blank\">55 inch</a>&nbsp;c&ugrave;ng bß╗Ö xß╗¡ l&yacute; mß║ính mß║╜ X1 4K cho h&igrave;nh ß║únh hiß╗ân thß╗ï chß║Ñt l╞░ß╗úng 4K sß║»c n&eacute;t, c&ocirc;ng nghß╗ç tß║ío m&agrave;u Live Colour, c&ocirc;ng nghß╗ç S-Master Digital Amplifier thu h&uacute;t ng╞░ß╗¥i xem ngay tß╗½ c&aacute;i nh&igrave;n ─æß║ºu ti&ecirc;n, ─æem ─æß║┐n nhß╗»ng th╞░ß╗¢c phim, bß║ún nhß║íc kß╗ïch t&iacute;nh, sß╗æng ─æß╗Öng. B&ecirc;n cß║ính ─æ&oacute;, tivi c&ograve;n trang bß╗ï nhiß╗üu t&iacute;nh n─âng gi&uacute;p &iacute;ch cho ng╞░ß╗¥i d&ugrave;ng trong qu&aacute; tr&igrave;nh sß╗¡ dß╗Ñng nh╞░: trß╗ú l&yacute; ß║úo Google Assistant, AirPlay 2 (iPhone) v&agrave; Chromecast,...</strong></em></p>\r\n\r\n<p>&nbsp;</p>\r\n\r\n<p>&nbsp;</p>\r\n\r\n<p>&nbsp;</p>\r\n\r\n<h3>Thiß║┐t kß║┐</h3>\r\n\r\n<p>-&nbsp;<a href=\"https://www.dienmayxanh.com/tivi-sony-google-tivi\" target=\"_blank\">Google Tivi Sony</a>&nbsp;sß╗ƒ hß╗»u kiß╗âu d&aacute;ng thanh lß╗ïch, sang trß╗ìng,&nbsp;<strong>ch&acirc;n ─æß║┐ chß╗» V &uacute;p ng╞░ß╗úc</strong>&nbsp;─æ╞░ß╗úc l&agrave;m tß╗½ nhß╗▒a chß║»c chß║»n, mß║╖t sau tß╗æi giß║ún gi&uacute;p tivi dß╗à d&agrave;ng h&ograve;a nhß║¡p c&ugrave;ng kh&ocirc;ng gian gia ─æ&igrave;nh.</p>\r\n\r\n<p>-&nbsp;<a href=\"https://www.dienmayxanh.com/tivi\" target=\"_blank\"><strong>Tivi</strong></a>&nbsp;trang bß╗ï m&agrave;n h&igrave;nh&nbsp;<strong>55 inch</strong>&nbsp;th&iacute;ch hß╗úp cho nhß╗»ng kh&ocirc;ng gian vß╗½a phß║úi, sß╗¡ dß╗Ñng ─æa n─âng cho nhiß╗üu mß╗Ñc ─æ&iacute;ch giß║úi tr&iacute;, dß║íy hß╗ìc hoß║╖c trang tr&iacute; cho kh&ocirc;ng gian c─ân ph&ograve;ng ─æß╗üu ─æ╞░ß╗úc.</p>\r\n\r\n<p><a href=\"https://cdn.tgdd.vn/Products/Images/1942/308368/google-tivi-sony-4k-55-inch-kd-55x77l-060623-024142.jpg\" onclick=\"return false;\"><img alt=\"Google Tivi Sony 4K 65 inch KD-65X77L - Tß╗òng quan thiß║┐t kß║┐\" src=\"https://cdn.tgdd.vn/Products/Images/1942/308368/google-tivi-sony-4k-55-inch-kd-55x77l-060623-024142.jpg\" /></a></p>\r\n\r\n<p><em>*H&igrave;nh ß║únh chß╗ë mang t&iacute;nh chß║Ñt minh hß╗ìa sß║ún phß║⌐m</em></p>\r\n\r\n<h3>C&ocirc;ng nghß╗ç h&igrave;nh ß║únh&nbsp;</h3>\r\n\r\n<p>- Tivi trang bß╗ï ─æß╗Ö ph&acirc;n giß║úi<strong>&nbsp;</strong><a href=\"https://www.dienmayxanh.com/tivi?g=ultra-hd-4k\" target=\"_blank\"><strong>4K</strong></a>&nbsp;─æem lß║íi sß╗▒ sß║»c n&eacute;t trong tß╗½ng khung h&igrave;nh, gi&uacute;p h&igrave;nh ß║únh trß╗ƒ n&ecirc;n sß╗æng ─æß╗Öng, thu h&uacute;t ng╞░ß╗¥i xem.</p>\r\n\r\n<p>- C&ocirc;ng nghß╗ç<strong>&nbsp;</strong><a href=\"https://www.dienmayxanh.com/kinh-nghiem-hay/nang-cap-hinh-anh-voi-cong-nghe-4k-x-reality-pro-t-653207\" target=\"_blank\"><strong>4K X-Reality PRO</strong></a>&nbsp;hß╗ù trß╗ú h&igrave;nh ß║únh c&oacute; ─æß╗Ö sß║»c n&eacute;t cao, n&acirc;ng cß║Ñp nß╗Öi dung hiß╗ân thß╗ï, gi&uacute;p h&igrave;nh ß║únh ─æ╞░ß╗úc ─æiß╗üu chß╗ënh ─æß╗Ö t╞░╞íng phß║ún, ─æß║¡m nhß║ít h&agrave;i h&ograve;a, ho&agrave;n hß║úo.</p>\r\n\r\n<p>Mß╗¥i bß║ín xem th&ecirc;m:<a href=\"https://www.dienmayxanh.com/kinh-nghiem-hay/diem-mat-nhung-do-phan-giai-pho-bien-hien-nay-tren-577178\" target=\"_blank\">&nbsp;Nhß╗»ng ─æß╗Ö ph&acirc;n giß║úi m&agrave;n h&igrave;nh phß╗ò biß║┐n hiß╗çn nay tr&ecirc;n tivi</a></p>\r\n\r\n<p><a href=\"https://cdn.tgdd.vn/Products/Images/1942/308367/google-tivi-sony-4k-65-inch-kd-65x77l-1.jpg\" onclick=\"return false;\"><img alt=\"Google Tivi Sony 4K 65 inch KD-65X77L - C├┤ng nghß╗ç h├¼nh ß║únh\" src=\"https://cdn.tgdd.vn/Products/Images/1942/308367/google-tivi-sony-4k-65-inch-kd-65x77l-1.jpg\" /></a></p>\r\n\r\n<p><em>*H&igrave;nh ß║únh chß╗ë mang t&iacute;nh chß║Ñt minh hß╗ìa sß║ún phß║⌐m</em></p>\r\n\r\n<p>-&nbsp;<strong>Bß╗Ö xß╗¡ l&yacute; X1 4K</strong>&nbsp;l&agrave;m giß║úm ─æß╗Ö nhiß╗àu, xß╗¡ l&yacute; tß╗½ng chi tiß║┐t nhß╗Å, gi&uacute;p nß╗Öi dung hiß╗ân thß╗ï ─æß║ít chß║Ñt l╞░ß╗úng 4K khi nguß╗ôn v&agrave;o chß╗ë l&agrave; chß║Ñt l╞░ß╗úng SD, HD hay 2K.</p>\r\n\r\n<p><a href=\"https://cdn.tgdd.vn/Products/Images/1942/308368/google-tivi-sony-4k-55-inch-kd-55x77l-070623-040843.jpg\" onclick=\"return false;\"><img alt=\"Google Tivi Sony 4K 65 inch KD-65X77L - C├┤ng nghß╗ç h├¼nh ß║únh\" src=\"https://cdn.tgdd.vn/Products/Images/1942/308368/google-tivi-sony-4k-55-inch-kd-55x77l-070623-040843.jpg\" /></a></p>\r\n\r\n<p>- C&ocirc;ng nghß╗ç tß║ío m&agrave;u&nbsp;<strong>Live Colour</strong>&nbsp;gi&uacute;p tß╗æi ╞░u h&oacute;a bß╗Ö lß╗ìc m&agrave;u, mang lß║íi kh&ocirc;ng gian m&agrave;u rß╗Öng h╞ín, gi&uacute;p h&igrave;nh ß║únh chuyß╗ân ─æß╗Öng ch&acirc;n thß║¡t, c&oacute; m&agrave;u sß║»c t╞░╞íi s&aacute;ng.</p>\r\n\r\n<p><a href=\"https://cdn.tgdd.vn/Products/Images/1942/308367/google-tivi-sony-4k-65-inch-kd-65x77l-8.jpg\" onclick=\"return false;\"><img alt=\"Google Tivi Sony 4K 65 inch KD-65X77L - C├┤ng nghß╗ç h├¼nh ß║únh\" src=\"https://cdn.tgdd.vn/Products/Images/1942/308367/google-tivi-sony-4k-65-inch-kd-65x77l-8.jpg\" /></a></p>\r\n\r\n<p><em>*H&igrave;nh ß║únh chß╗ë mang t&iacute;nh chß║Ñt minh hß╗ìa sß║ún phß║⌐m</em></p>\r\n\r\n<p><strong>-&nbsp;Chuyß╗ân ─æß╗Öng m╞░ß╗út Motionflow XR 200&nbsp;</strong>cho ph&eacute;p kiß╗âm so&aacute;t ─æ╞░ß╗úc khung h&igrave;nh, tr&aacute;nh t&igrave;nh trß║íng rung lß║»c mß║ính, ─æem lß║íi ─æß╗Ö ß╗òn ─æß╗ïnh trong nhß╗»ng ph&acirc;n kh&uacute;c h&agrave;nh ─æß╗Öng, ─æua xe ─æß╗ënh cao.</p>\r\n\r\n<p><a href=\"https://cdn.tgdd.vn/Products/Images/1942/308368/google-tivi-sony-4k-55-inch-kd-55x77l-070623-041117.jpg\" onclick=\"return false;\"><img alt=\"Google Tivi Sony 4K 65 inch KD-65X77L - C├┤ng nghß╗ç h├¼nh ß║únh\" src=\"https://cdn.tgdd.vn/Products/Images/1942/308368/google-tivi-sony-4k-55-inch-kd-55x77l-070623-041117.jpg\" /></a></p>\r\n\r\n<p><em>*H&igrave;nh ß║únh chß╗ë mang t&iacute;nh chß║Ñt minh hß╗ìa sß║ún phß║⌐m</em></p>\r\n\r\n<h3>C&ocirc;ng nghß╗ç &acirc;m thanh</h3>\r\n\r\n<p>- Tß╗òng c&ocirc;ng suß║Ñt loa l&agrave; 20W gi&uacute;p &acirc;m thanh trß╗ƒ n&ecirc;n ch&acirc;n thß║¡t, thu h&uacute;t ng╞░ß╗¥i nghe.</p>\r\n\r\n<p>-&nbsp;<strong><a href=\"https://www.dienmayxanh.com/kinh-nghiem-hay/cong-nghe-am-thanh-dolby-la-gi-827752\" target=\"_blank\">Dolby Audio</a></strong>&nbsp;mang c╞í chß║┐ &acirc;m thanh v&ograve;m, gi&uacute;p &acirc;m thanh ─æ╞░ß╗úc truyß╗ün tß║úi ─æi mß╗ìi h╞░ß╗¢ng, ch&acirc;n thß║¡t v&agrave; chi tiß║┐t kh&ocirc;ng kh&aacute;c g&igrave; trong rß║íp chiß║┐u phim.</p>\r\n\r\n<p>-&nbsp;<strong>C&ocirc;ng nghß╗ç X-Balanced</strong>&nbsp;hß╗ù trß╗ú t─âng c╞░ß╗¥ng chß║Ñt l╞░ß╗úng &acirc;m thanh to r&otilde;, &acirc;m trß║ºm phong ph&uacute;, gi&uacute;p bß║ín tß║¡n h╞░ß╗ƒng nhß╗»ng bß╗Ö phim h&agrave;nh ─æß╗Öng trß╗ƒ n&ecirc;n cuß╗æn h&uacute;t h╞ín.</p>\r\n\r\n<p>-&nbsp;<strong><a href=\"https://www.dienmayxanh.com/kinh-nghiem-hay/cong-nghe-am-thanh-tren-tivi-sony-576180#S-Master-Digital-Amplifier\" target=\"_blank\">C&ocirc;ng nghß╗ç S-Master Digital Amplifier</a></strong>&nbsp;hß╗ù trß╗ú &acirc;m thanh ─æ╞░ß╗úc khuß║┐ch ─æß║íi lß╗¢n nh╞░ng kh&ocirc;ng bß╗ï ß╗ôn v&agrave; nhiß╗àu, ─æem lß║íi &acirc;m thanh tinh khiß║┐t, dß╗à d&agrave;ng thu h&uacute;t ng╞░ß╗¥i nghe.</p>\r\n\r\n<p>-&nbsp;<strong>C&ocirc;ng nghß╗ç Clear Phase</strong>&nbsp;bß║úo vß╗ç &acirc;m thanh tr&aacute;nh ─æ╞░ß╗úc t&igrave;nh trß║íng m&eacute;o tiß║┐ng, nhiß╗àu &acirc;m ß╗ƒ c&ocirc;ng suß║Ñt loa tß╗æi ─æa, ─æem lß║íi nhß╗»ng ph&uacute;t gi&acirc;y th╞░ß╗ƒng thß╗⌐c &acirc;m thanh sß╗æng ─æß╗Öng.</p>\r\n\r\n<p><a href=\"https://cdn.tgdd.vn/Products/Images/1942/308368/google-tivi-sony-4k-55-inch-kd-55x77l-060623-024600.jpg\" onclick=\"return false;\"><img alt=\"Google Tivi Sony 4K 65 inch KD-65X77L - C├┤ng nghß╗ç ├óm thanh\" src=\"https://cdn.tgdd.vn/Products/Images/1942/308368/google-tivi-sony-4k-55-inch-kd-55x77l-060623-024600.jpg\" /></a></p>\r\n\r\n<p><em>*H&igrave;nh ß║únh chß╗ë mang t&iacute;nh chß║Ñt minh hß╗ìa sß║ún phß║⌐m</em></p>\r\n\r\n<h3>Hß╗ç ─æiß╗üu h&agrave;nh</h3>\r\n\r\n<p>- Vß╗¢i mong muß╗æn gß║ºn g┼⌐i, th&acirc;n thiß╗çn vß╗¢i ng╞░ß╗¥i d&ugrave;ng, sß║ún phß║⌐m thiß║┐t lß║¡p hß╗ç ─æiß╗üu h&agrave;nh Google TV c&oacute;&nbsp;<strong>giao diß╗çn dß╗à nh&igrave;n</strong>, ─æ╞░ß╗úc&nbsp;<strong>sß║»p xß║┐p gß╗ìn g&agrave;ng</strong>&nbsp;gi&uacute;p bß║ín c&oacute; thß╗â lß╗▒a chß╗ìn ─æ╞░ß╗úc nhß╗»ng ch╞░╞íng tr&igrave;nh y&ecirc;u th&iacute;ch.</p>\r\n\r\n<p>- Kh&ocirc;ng chß╗ë th&acirc;n thiß╗çn, Google TV c&ograve;n trang bß╗ï kho&nbsp;<strong>ß╗⌐ng dß╗Ñng ─æß╗ô sß╗Ö</strong>&nbsp;─æ&aacute;p ß╗⌐ng ─æß║ºy ─æß╗º c&aacute;c nhu cß║ºu xem phim, giß║úi tr&iacute; ─æß║┐n ng╞░ß╗¥i d&ugrave;ng nh╞░: YouTube, FPT Play, Galaxy Play, VieON,...</p>\r\n\r\n<p>Xem th&ecirc;m:&nbsp;<a href=\"https://www.dienmayxanh.com/kinh-nghiem-hay/cach-xem-phim-online-tren-tivi-887946#xem-phim-tren-trinh-duyet-web\">C&aacute;ch xem phim bß║▒ng tr&igrave;nh duyß╗çt web tr&ecirc;n tivi</a>&nbsp;</p>\r\n\r\n<p><a href=\"https://cdn.tgdd.vn/Products/Images/1942/308367/google-tivi-sony-4k-65-inch-kd-65x77l-7.jpg\" onclick=\"return false;\"><img alt=\"Google Tivi Sony 4K 65 inch KD-65X77L - Hß╗ç ─æiß╗üu h├ánh\" src=\"https://cdn.tgdd.vn/Products/Images/1942/308367/google-tivi-sony-4k-65-inch-kd-65x77l-7.jpg\" /></a></p>\r\n\r\n<p><em>*H&igrave;nh ß║únh chß╗ë mang t&iacute;nh chß║Ñt minh hß╗ìa sß║ún phß║⌐m</em></p>\r\n\r\n<h3>Tiß╗çn &iacute;ch</h3>\r\n\r\n<p>-&nbsp;<a href=\"https://www.dienmayxanh.com/tivi-sony\"><strong>Tivi Sony</strong></a>&nbsp;trang bß╗ï t&iacute;nh n─âng ─æiß╗üu khiß╗ân bß║▒ng giß╗ìng n&oacute;i tiß║┐ng Viß╗çt nhß╗¥&nbsp;<strong>trß╗ú l&yacute; ß║úo Google Assistant</strong>, t&iacute;ch hß╗úp c&ugrave;ng&nbsp;<strong>micro tr&ecirc;n tivi</strong>&nbsp;(c&oacute; thß╗â n&oacute;i trß╗▒c tiß║┐p kh&ocirc;ng cß║ºn remote) gi&uacute;p qu&aacute; tr&igrave;nh sß╗¡ dß╗Ñng trß╗ƒ n&ecirc;n thuß║¡n tiß╗çn, nhanh ch&oacute;ng. ─É&acirc;y l&agrave; mß╗Öt ─æiß╗âm cß╗Öng cß╗ºa t&iacute;nh n─âng, gi&uacute;p nhß╗»ng bß║¡c phß╗Ñ huynh kh&ocirc;ng th&ocirc;ng thß║ío c&ocirc;ng nghß╗ç vß║½n c&oacute; thß╗â dß╗à d&agrave;ng sß╗¡ dß╗Ñng tivi.</p>\r\n\r\n<p><a href=\"https://cdn.tgdd.vn/Products/Images/1942/308368/google-tivi-sony-4k-55-inch-kd-55x77l-070623-041142.jpg\" onclick=\"return false;\"><img alt=\"Google Tivi Sony 4K 65 inch KD-65X77L - Tiß╗çn ├¡ch\" src=\"https://cdn.tgdd.vn/Products/Images/1942/308368/google-tivi-sony-4k-55-inch-kd-55x77l-070623-041142.jpg\" /></a></p>\r\n\r\n<p><em>*H&igrave;nh ß║únh chß╗ë mang t&iacute;nh chß║Ñt minh hß╗ìa sß║ún phß║⌐m</em></p>\r\n\r\n<p>- T&iacute;nh n─âng AirPlay 2 (iPhone) v&agrave; Chromecast gi&uacute;p bß║ín dß╗à d&agrave;ng chia sß║╗ h&igrave;nh ß║únh, video tß╗½ ─æiß╗çn thoß║íi l&ecirc;n tivi, th&iacute;ch hß╗úp cho nhß╗»ng buß╗òi hß╗ìp c┼⌐ng nh╞░ giß║úi tr&iacute; trong gia ─æ&igrave;nh.</p>\r\n\r\n<p><a href=\"https://cdn.tgdd.vn/Products/Images/1942/308368/google-tivi-sony-4k-55-inch-kd-55x77l-070623-041220.jpg\" onclick=\"return false;\"><img alt=\"Google Tivi Sony 4K 65 inch KD-65X77L - Tiß╗çn ├¡ch\" src=\"https://cdn.tgdd.vn/Products/Images/1942/308368/google-tivi-sony-4k-55-inch-kd-55x77l-070623-041220.jpg\" /></a></p>\r\n\r\n<p><em>*H&igrave;nh ß║únh chß╗ë mang t&iacute;nh chß║Ñt minh hß╗ìa sß║ún phß║⌐m</em></p>\r\n\r\n<p><em><a href=\"https://www.dienmayxanh.com/tivi/google-tivi-sony-4k-55-inch-kd-55x77l\" target=\"_blank\">Google Tivi Sony 4K 55 inch KD-55X77L</a>&nbsp;sß╗ƒ hß╗»u m&agrave;n h&igrave;nh c&oacute; k&iacute;ch th╞░ß╗¢c 55 inch, ─æß╗Ö ph&acirc;n giß║úi 4K, trang bß╗ï c&ocirc;ng nghß╗ç n&acirc;ng cß║Ñp h&igrave;nh ß║únh 4K X-Reality PRO, c&ocirc;ng nghß╗ç chuyß╗ân ─æß╗Öng m╞░ß╗út Motionflow XR 200,&nbsp;loa X-Balanced ─æem ─æß║┐n &acirc;m thanh r&otilde; n&eacute;t v&agrave; &acirc;m trß║ºm phong ph&uacute; cho tß╗½ng th╞░ß╗¢c phim v&agrave; giai ─æiß╗çu &acirc;m nhß║íc,...&nbsp;gi&uacute;p bß║ín c&oacute; thß╗â tß║¡n h╞░ß╗ƒng nhß╗»ng th╞░ß╗¢c phim sß║»c n&eacute;t kh&ocirc;ng kh&aacute;c g&igrave; ─æang xem tß║íi rß║íp chiß║┐u phim. ─É&acirc;y l&agrave; sß║ún phß║⌐m kh&ocirc;ng thß╗â thiß║┐u khi vß╗½a c&oacute; thß╗â l&agrave;m vß║¡t trang tr&iacute; trong kh&ocirc;ng gian gia ─æ&igrave;nh, vß╗½a ─æem ─æß║┐n nhiß╗üu t&iacute;nh n─âng giß║úi tr&iacute; cho bß║ín.</em></p>\r\n\r\n<p>Xem th&ecirc;m:&nbsp;<a href=\"https://www.dienmayxanh.com/kinh-nghiem-hay/tang-tuoi-tho-tivi-bang-5-cach-don-gian-542763\">7 c&aacute;ch sß╗¡ dß╗Ñng tivi ─æ╞ín giß║ún gi&uacute;p t─âng tuß╗òi thß╗ì cho chiß║┐c tivi nh&agrave; bß║ín</a></p>',42,15900000,13600000,1,0,'<ul>\r\n	<li>\r\n	<p><strong>Lß║»p ─æß║╖t miß╗àn ph&iacute;</strong>&nbsp;l&uacute;c giao h&agrave;ng</p>\r\n	</li>\r\n	<li>\r\n	<p>H╞░ g&igrave; ─æß╗òi nß║Ñy&nbsp;<strong>12 th&aacute;ng</strong>&nbsp;tß║¡n nh&agrave; (miß╗àn ph&iacute; th&aacute;ng ─æß║ºu)&nbsp;<a href=\"javascript:void(0)\" onclick=\"showPopupPolicy()\">Xem chi tiß║┐t</a></p>\r\n	</li>\r\n	<li>\r\n	<p>Bß║úo h&agrave;nh&nbsp;<strong>ch&iacute;nh h&atilde;ng tivi 2 n─âm</strong>, c&oacute; ng╞░ß╗¥i ─æß║┐n tß║¡n nh&agrave;</p>\r\n	</li>\r\n	<li>\r\n	<p>Th&ugrave;ng tivi c&oacute;: Remote, Ch&acirc;n ─æß║┐</p>\r\n	</li>\r\n</ul>','/storage/photos/product/x77l.jpg','2024-05-02 09:31:28','2025-06-18 00:12:16','9',5,2,10),(36,'Tivi QLED TCL 4K 65 inch 65Q646','tivi-qled-tcl-4k-65-inch-65q646','<p><strong><em><a href=\"https://www.dienmayxanh.com/tivi/google-tivi-qled-tcl-4k-65-inch-65q646\" target=\"_blank\">Google Tivi QLED TCL 4K 65 inch 65Q646</a>&nbsp;sß╗ƒ hß╗»u m&agrave;n h&igrave;nh 65 inch ─æß╗Ö ph&acirc;n giß║úi 4K sß║»c n&eacute;t. Trang bß╗ï c&aacute;c&nbsp;</em>c&ocirc;<em>ng nghß╗ç h&igrave;nh ß║únh v&agrave; &acirc;m thanh nß╗òi bß║¡t nh╞░ Dolby Vision cho ─æß╗Ö s&aacute;ng v╞░ß╗út trß╗Öi, h&igrave;nh ß║únh chi tiß║┐t v&agrave; trung thß╗▒c, Micro Dimming kiß╗âm so&aacute;t ─æ&egrave;n nß╗ün hay &acirc;m thanh v&ograve;m Dolby Atmos n&acirc;ng cß║Ñp trß║úi nghiß╗çm nghe nh&igrave;n. B&ecirc;n cß║ính ─æ&oacute;, tivi TCL ─æ╞░ß╗úc trang bß╗ï hß╗ç ─æiß╗üu h&agrave;nh Google TV vß╗¢i giao diß╗çn th&acirc;n thiß╗çn, dß╗à sß╗¡ dß╗Ñng c&ugrave;ng kho ß╗⌐ng dß╗Ñng phong ph&uacute;.&nbsp;</em></strong></p>\r\n\r\n<h3>Tß╗òng quan thiß║┐t kß║┐</h3>\r\n\r\n<p>-<a href=\"https://www.dienmayxanh.com/tivi-tcl\" target=\"_blank\">&nbsp;Tivi TCL</a>&nbsp;n&agrave;y sß╗ƒ hß╗»u k&iacute;ch th╞░ß╗¢c m&agrave;n h&igrave;nh&nbsp;<a href=\"https://www.dienmayxanh.com/tivi-65-inch\" target=\"_blank\"><strong>65 inch</strong></a>, kiß╗âu d&aacute;ng tß╗æi giß║ún vß╗¢i ─æ╞░ß╗¥ng viß╗ün si&ecirc;u mß╗Ång ─æem lß║íi trß║úi nghiß╗çm xem tuyß╗çt ─æß╗ënh.</p>\r\n\r\n<p>- Ph&ugrave; hß╗úp lß║»p ─æß║╖t cho nhß╗»ng kh&ocirc;ng gian rß╗Öng v&agrave; vß╗½a, nh╞░ ph&ograve;ng kh&aacute;ch, ph&ograve;ng l&agrave;m viß╗çc, ph&ograve;ng ngß╗º, ph&ograve;ng hß╗ìp,&hellip;</p>\r\n\r\n<p>-&nbsp;<strong>Ch&acirc;n ─æß║┐ chß╗» V &uacute;p ng╞░ß╗úc</strong>, ─æ╞░ß╗úc l&agrave;m bß║▒ng&nbsp;<strong>hß╗úp kim</strong>&nbsp;cao cß║Ñp, n&acirc;ng ─æß╗í m&agrave;n h&igrave;nh chß║»c chß║»n&nbsp;tr&ecirc;n kß╗ç tß╗º, ─æß╗ông thß╗¥i c&oacute; thß╗â th&aacute;o rß╗¥i ─æß╗â treo t╞░ß╗¥ng, biß║┐n kh&ocirc;ng gian nß╗Öi thß║Ñt trß╗ƒ n&ecirc;n sang trß╗ìng, h&uacute;t mß║»t h╞ín bao giß╗¥ hß║┐t.</p>\r\n\r\n<p><a href=\"https://cdn.tgdd.vn/Products/Images/1942/303514/google-tivi-qled-tcl-4k-65-inch-65q646-170323-074832.png\" onclick=\"return false;\"><img alt=\"Google Tivi QLED TCL 4K 65 inch 65Q646 - Thiß║┐t kß║┐\" src=\"https://cdn.tgdd.vn/Products/Images/1942/303514/google-tivi-qled-tcl-4k-65-inch-65q646-170323-074832.png\" /></a></p>\r\n\r\n<p><em>* H&igrave;nh ß║únh chß╗ë mang t&iacute;nh chß║Ñt minh hß╗ìa</em></p>\r\n\r\n<h3>C&ocirc;ng nghß╗ç h&igrave;nh ß║únh</h3>\r\n\r\n<p>- H&igrave;nh ß║únh sß║»c n&eacute;t, r&otilde; r&agrave;ng nhß╗¥&nbsp;<a href=\"https://www.dienmayxanh.com/tivi?g=ultra-hd-4k\" target=\"_blank\"><strong>─æß╗Ö ph&acirc;n giß║úi 4K</strong></a>&nbsp;vß╗¢i gß║ºn 8.3 triß╗çu ─æiß╗âm ß║únh, ─æß╗Ö n&eacute;t gß║Ñp 4 lß║ºn Full HD.&nbsp;</p>\r\n\r\n<p>-&nbsp;<strong>Bß╗Ö xß╗¡ l&yacute; AiPQ Gen 3</strong>&nbsp;tß╗▒ ─æß╗Öng ─æiß╗üu chß╗ënh v&agrave; tß╗æi ╞░u h&oacute;a m&agrave;u sß║»c, ─æem lß║íi chß║Ñt l╞░ß╗úng h&igrave;nh ß║únh hiß╗ân thß╗ï ─æß║╣p sß║»c n&eacute;t.</p>\r\n\r\n<p>- C&ocirc;ng nghß╗ç&nbsp;<a href=\"https://www.dienmayxanh.com/kinh-nghiem-hay/dolby-vision-la-gi-809287\" target=\"_blank\"><strong>Dolby Vision</strong></a>&nbsp;t─âng c╞░ß╗¥ng khß║ú n─âng hiß╗ân thß╗ï HDR cho ─æß╗Ö t╞░╞íng phß║ún tß╗æt, h&igrave;nh ß║únh c&oacute; chiß╗üu s&acirc;u v&agrave; ch&acirc;n thß╗▒c h╞ín.&nbsp;</p>\r\n\r\n<p>- C&ocirc;ng nghß╗ç&nbsp;<a href=\"https://www.dienmayxanh.com/kinh-nghiem-hay/so-sanh-hdr10-hdr10-va-dolby-vision-co-gi-khac-bie-1173256#hdr10plus\" target=\"_blank\"><strong>HDR10</strong></a><strong>&nbsp;</strong>t─âng c╞░ß╗¥ng ─æß╗Ö hiß╗ân thß╗ï cho ph&acirc;n cß║únh, ─æem lß║íi chiß╗üu s&acirc;u ho&agrave;n hß║úo v&agrave; chi tiß║┐t h╞ín khi kh&ocirc;ng l&agrave;m thay ─æß╗òi m&agrave;u sß║»c nguy&ecirc;n bß║ún.</p>\r\n\r\n<p>-&nbsp;<a href=\"https://www.dienmayxanh.com/kinh-nghiem-hay/nhung-cong-nghe-hinh-anh-tren-tivi-tcl-2018-1108287#micro-dimming\" target=\"_blank\"><strong>Micro Dimming</strong></a>&nbsp;ph&acirc;n t&iacute;ch tß╗½ng nß╗Öi dung video ß╗ƒ tß╗½ng khu vß╗▒c ri&ecirc;ng biß╗çt,&nbsp;sau ─æ&oacute;&nbsp;─æiß╗üu chß╗ënh ─æß╗Ö s&aacute;ng tß╗æi chi tiß║┐t, t─âng c╞░ß╗¥ng ─æß╗Ö t╞░╞íng phß║ún, mang ─æß║┐n h&igrave;nh ß║únh ch&acirc;n thß╗▒c v&agrave; sß╗æng ─æß╗Öng.</p>\r\n\r\n<p>Mß╗¥i bß║ín xem th&ecirc;m:<a href=\"https://www.dienmayxanh.com/kinh-nghiem-hay/diem-mat-nhung-do-phan-giai-pho-bien-hien-nay-tren-577178\" target=\"_blank\">&nbsp;Nhß╗»ng ─æß╗Ö ph&acirc;n giß║úi m&agrave;n h&igrave;nh phß╗ò biß║┐n hiß╗çn nay tr&ecirc;n tivi</a></p>\r\n\r\n<p><a href=\"https://cdn.tgdd.vn/Products/Images/1942/303514/google-tivi-qled-tcl-4k-65-inch-65q646-170323-074355.jpg\" onclick=\"return false;\"><img alt=\"Google Tivi QLED TCL 4K 65 inch 65Q646 - C├┤ng nghß╗ç h├¼nh ß║únh\" src=\"https://cdn.tgdd.vn/Products/Images/1942/303514/google-tivi-qled-tcl-4k-65-inch-65q646-170323-074355.jpg\" /></a></p>\r\n\r\n<p><em>* H&igrave;nh ß║únh chß╗ë mang t&iacute;nh chß║Ñt minh hß╗ìa</em></p>\r\n\r\n<h3>C&ocirc;ng nghß╗ç &acirc;m thanh</h3>\r\n\r\n<p>- Tivi sß╗ƒ hß╗»u&nbsp;<strong>2 loa</strong>&nbsp;vß╗¢i&nbsp;<strong>tß╗òng c&ocirc;ng suß║Ñt loa 20W</strong>&nbsp;cho chß║Ñt &acirc;m mß║ính mß║╜, vang dß╗Öi.&nbsp;</p>\r\n\r\n<p>- C&ocirc;ng nghß╗ç&nbsp;<a href=\"https://www.dienmayxanh.com/kinh-nghiem-hay/cong-nghe-am-thanh-dolby-la-gi-827752\" target=\"_blank\"><strong>Dolby Atmos</strong></a>&nbsp;cho ra hiß╗çu ß╗⌐ng giß║ú lß║¡p &acirc;m thanh v&ograve;m, mang ─æß║┐n trß║úi nghiß╗çm xem ch&acirc;n thß╗▒c nh╞░ ─æang ngß╗ôi trong rß║íp chiß║┐u phim.&nbsp;</p>\r\n\r\n<p>-&nbsp;<a href=\"https://www.dienmayxanh.com/kinh-nghiem-hay/tong-hop-cac-cong-nghe-moi-tren-tivi-tcl-2021-1356827#loa-onkyo\" target=\"_blank\"><strong>Hß╗ç thß╗æng loa Onkyo</strong>&nbsp;</a>vß╗¢i loa h╞░ß╗¢ng vß╗ü tr╞░ß╗¢c&nbsp;gi&uacute;p &acirc;m thanh h╞░ß╗¢ng vß╗ü trß╗▒c diß╗çn ng╞░ß╗¥i xem, ─æem ─æß║┐n trß║úi nghiß╗çm &acirc;m thanh r&otilde; v&agrave; hay h╞ín. ─Éß╗ông thß╗¥i loa trß║ºm t─âng bass ─æ╞░ß╗úc trang bß╗ï ß╗ƒ sau tivi gi&uacute;p &acirc;m thanh ph&aacute;t ra ─æ&aacute;nh hß║»t v&agrave;o t╞░ß╗¥ng rß╗ôi truyß╗ün ra ngo&agrave;i.&nbsp;</p>\r\n\r\n<p><a href=\"https://cdn.tgdd.vn/Products/Images/1942/303514/google-tivi-qled-tcl-4k-65-inch-65q646-170323-074420.jpg\" onclick=\"return false;\"><img alt=\"Google Tivi QLED TCL 4K 65 inch 65Q646 - C├┤ng nghß╗ç ├óm thanh\" src=\"https://cdn.tgdd.vn/Products/Images/1942/303514/google-tivi-qled-tcl-4k-65-inch-65q646-170323-074420.jpg\" /></a></p>\r\n\r\n<p><em>* H&igrave;nh ß║únh chß╗ë mang t&iacute;nh chß║Ñt minh hß╗ìa</em></p>\r\n\r\n<h3>Hß╗ç ─æiß╗üu h&agrave;nh</h3>\r\n\r\n<p>-&nbsp;<strong>Hß╗ç ─æiß╗üu h&agrave;nh Google TV</strong>&nbsp;c&oacute; giao diß╗çn trß╗▒c quan, dß╗à sß╗¡ dß╗Ñng. B&ecirc;n cß║ính ─æ&oacute; l&agrave;&nbsp;<strong>kho ß╗⌐ng dß╗Ñng phong ph&uacute;</strong>&nbsp;vß╗¢i nhiß╗üu ß╗⌐ng dß╗Ñng phß╗ò biß║┐n nh╞░ YouTube, Netflix, Clip TV, FPT Play, VieON, tr&igrave;nh duyß╗çt web,&hellip; cho ng╞░ß╗¥i d&ugrave;ng thoß║úi m&aacute;i lß╗▒a chß╗ìn theo sß╗ƒ th&iacute;ch.</p>\r\n\r\n<p>Xem th&ecirc;m:&nbsp;<a href=\"https://www.dienmayxanh.com/kinh-nghiem-hay/cach-xem-phim-online-tren-tivi-887946#xem-phim-tren-trinh-duyet-web\">C&aacute;ch xem phim bß║▒ng tr&igrave;nh duyß╗çt web tr&ecirc;n tivi</a>&nbsp;</p>\r\n\r\n<p><a href=\"https://cdn.tgdd.vn/Products/Images/1942/303514/google-tivi-qled-tcl-4k-65-inch-65q646-170323-074444.jpg\" onclick=\"return false;\"><img alt=\"Google Tivi QLED TCL 4K 65 inch 65Q646 - Hß╗ç ─æiß╗üu h├ánh\" src=\"https://cdn.tgdd.vn/Products/Images/1942/303514/google-tivi-qled-tcl-4k-65-inch-65q646-170323-074444.jpg\" /></a></p>\r\n\r\n<p><em>* H&igrave;nh ß║únh chß╗ë mang t&iacute;nh chß║Ñt minh hß╗ìa</em></p>\r\n\r\n<h3>Tiß╗çn &iacute;ch</h3>\r\n\r\n<p>-&nbsp;<a href=\"https://www.dienmayxanh.com/kinh-nghiem-hay/tim-kiem-giong-noi-bang-tieng-viet-tren-smart-tivi-1179992#remote-thong-minh\" target=\"_blank\">─Éiß╗üu khiß╗ân tivi bß║▒ng giß╗ìng n&oacute;i linh hoß║ít tr&ecirc;n YouTube</a>, hß╗ù trß╗ú tiß║┐ng Viß╗çt vß╗¢i&nbsp;<strong>Google Assistant</strong>&nbsp;v&agrave;&nbsp;<strong>Bixby</strong>. B&ecirc;n cß║ính ─æ&oacute;, tivi TCL n&agrave;y c&ograve;n ─æ╞░ß╗úc trang bß╗ï&nbsp;<strong>remote t&iacute;ch hß╗úp micro t&igrave;m kiß║┐m bß║▒ng giß╗ìng n&oacute;i</strong>.</p>\r\n\r\n<p>- Dß╗à d&agrave;ng quß║ún l&yacute;&nbsp;<strong><a href=\"https://www.dienmayxanh.com/tivi\" target=\"_blank\">tivi</a>&nbsp;</strong>bß║▒ng ─æiß╗çn thoß║íi qua&nbsp;<strong>AirPlay 2, Chromecast.</strong></p>\r\n\r\n<p>- Hß╗ù trß╗ú&nbsp;<strong>─æa dß║íng c&aacute;c kß║┐t nß╗æi</strong>&nbsp;nh╞░ Wifi, Bluetooth kh&ocirc;ng d&acirc;y v&agrave; c&oacute; d&acirc;y nh╞░ HDMI, HDMI eARC, Composite, Optical, cß╗òng 3.5 mm,&hellip;</p>\r\n\r\n<p><a href=\"https://cdn.tgdd.vn/Products/Images/1942/303514/google-tivi-qled-tcl-4k-65-inch-65q646-170323-074504.jpg\" onclick=\"return false;\"><img alt=\"Google Tivi QLED TCL 4K 65 inch 65Q646 - Tiß╗çn ├¡ch\" src=\"https://cdn.tgdd.vn/Products/Images/1942/303514/google-tivi-qled-tcl-4k-65-inch-65q646-170323-074504.jpg\" /></a></p>\r\n\r\n<p><em>* H&igrave;nh ß║únh chß╗ë mang t&iacute;nh chß║Ñt minh hß╗ìa</em></p>\r\n\r\n<p><em>Vß╗¢i th&agrave;nh c&ocirc;ng tß╗½ sß║ún phß║⌐m Google Tivi QLED TCL 4K 65 inch 65Q636 ─æ╞░ß╗úc ra mß║»t n─âm 2022, TCL ra mß║»t phi&ecirc;n bß║ún n─âm 2023 Google Tivi QLED TCL 4K 65 inch 65Q646 sß╗ƒ hß╗»u kiß╗âu d&aacute;ng sang trß╗ìng, tinh tß║┐, m&agrave;n h&igrave;nh 65 inch ─æß╗Ö ph&acirc;n giß║úi 4K sß║»c n&eacute;t, trang bß╗ï c&ocirc;ng nghß╗ç h&igrave;nh ß║únh v&agrave; &acirc;m thanh ti&ecirc;n tiß║┐n, hß╗ç ─æiß╗üu h&agrave;nh Google TV th&acirc;n thiß╗çn dß╗à sß╗¡ dß╗Ñng c&ugrave;ng c&aacute;c tiß╗çn &iacute;ch th&ocirc;ng minh kh&aacute;c hß╗⌐a hß║╣n mang ─æß║┐n nhß╗»ng ph&uacute;t gi&acirc;y th╞░ gi&atilde;n cho bß║ín v&agrave; cß║ú gia ─æ&igrave;nh.&nbsp;</em></p>\r\n\r\n<p>Xem th&ecirc;m:&nbsp;<a href=\"https://www.dienmayxanh.com/kinh-nghiem-hay/tang-tuoi-tho-tivi-bang-5-cach-don-gian-542763\">7 c&aacute;ch sß╗¡ dß╗Ñng tivi ─æ╞ín giß║ún gi&uacute;p t─âng tuß╗òi thß╗ì cho chiß║┐c tivi nh&agrave; bß║ín</a></p>',43,18990000,1990000,0,0,'<ul>\r\n	<li>\r\n	<p><strong>Lß║»p ─æß║╖t miß╗àn ph&iacute;</strong>&nbsp;l&uacute;c giao h&agrave;ng</p>\r\n	</li>\r\n	<li>\r\n	<p>H╞░ g&igrave; ─æß╗òi nß║Ñy&nbsp;<strong>12 th&aacute;ng</strong>&nbsp;tß║¡n nh&agrave; (miß╗àn ph&iacute; th&aacute;ng ─æß║ºu)&nbsp;<a href=\"javascript:void(0)\" onclick=\"showPopupPolicy()\">Xem chi tiß║┐t</a></p>\r\n	</li>\r\n	<li>\r\n	<p>Bß║úo h&agrave;nh&nbsp;<strong>ch&iacute;nh h&atilde;ng tivi 2 n─âm</strong>, c&oacute; ng╞░ß╗¥i ─æß║┐n tß║¡n nh&agrave;</p>\r\n	</li>\r\n	<li>\r\n	<p>Th&ugrave;ng tivi c&oacute;: S&aacute;ch h╞░ß╗¢ng dß║½n, Ch&acirc;n ─æß║┐, Remote th&ocirc;ng minh</p>\r\n	</li>\r\n</ul>','/storage/photos/product/google-tivi-qled-tcl-4k-65-inch-65q646-01.jpg','2024-05-02 09:33:22','2026-01-23 00:14:07','-2',5,0,0);
/*!40000 ALTER TABLE `products` ENABLE KEYS */;
UNLOCK TABLES;

--
-- Table structure for table `rating`
--

DROP TABLE IF EXISTS `rating`;
/*!40101 SET @saved_cs_client     = @@character_set_client */;
/*!40101 SET character_set_client = utf8 */;
CREATE TABLE `rating` (
  `id` int(10) unsigned NOT NULL AUTO_INCREMENT,
  `ra_product_id` int(11) NOT NULL DEFAULT 0,
  `ra_number` tinyint(4) NOT NULL DEFAULT 0,
  `ra_content` varchar(255) DEFAULT NULL,
  `ra_user_id` int(11) NOT NULL DEFAULT 0,
  `created_at` timestamp NULL DEFAULT NULL,
  `updated_at` timestamp NULL DEFAULT NULL,
  PRIMARY KEY (`id`),
  KEY `rating_ra_product_id_index` (`ra_product_id`),
  KEY `rating_ra_user_id_index` (`ra_user_id`)
) ENGINE=InnoDB AUTO_INCREMENT=47 DEFAULT CHARSET=utf8mb4 COLLATE=utf8mb4_unicode_ci;
/*!40101 SET character_set_client = @saved_cs_client */;

--
-- Dumping data for table `rating`
--

LOCK TABLES `rating` WRITE;
/*!40000 ALTER TABLE `rating` DISABLE KEYS */;
INSERT INTO `rating` VALUES (19,15,2,'sß║ún phß║⌐m tß╗æt lß║»m',2,'2024-05-04 01:11:08','2024-05-04 01:11:08'),(21,15,5,'gi├í hß╗úp l├╜',2,'2024-05-04 01:39:21','2024-05-04 01:39:21'),(22,25,5,'tß║ím ß╗òn',2,'2024-05-04 02:00:04','2024-05-04 02:00:04'),(23,24,3,'sß║ún phß║⌐m tß║ím',2,'2024-05-04 02:09:44','2024-05-04 02:09:44'),(24,35,5,'M├áu rß║Ñt sß║»c n├⌐t',2,'2024-05-07 00:44:16','2024-05-07 00:44:16'),(29,29,2,'ß╗òn ─æß║Ñy',5,'2024-05-17 18:33:47','2024-05-17 18:33:47'),(30,27,5,'sß║ún phß║⌐m ß╗òn',5,'2024-05-18 07:55:31','2024-05-18 07:55:31'),(32,35,3,'Fugit quis omnis facere facilis qui hic nobis error et nisi.',5,'2025-12-29 23:37:58','2026-01-09 23:37:58'),(33,32,1,'Eaque cumque alias totam nesciunt sint vero.',5,'2026-01-02 23:37:58','2025-12-25 23:37:58'),(34,24,2,'Magni occaecati facilis non reprehenderit et sunt commodi est maxime sed aut officia occaecati.',5,'2026-01-06 23:37:58','2026-01-15 23:37:58'),(35,32,4,'Saepe fugit natus sint maxime aliquam minus nemo delectus atque.',9,'2025-12-29 23:37:58','2026-01-05 23:37:58'),(36,29,2,'Dolor officiis totam natus odio voluptatem quasi non est adipisci et veritatis cum voluptatem.',8,'2026-01-08 23:37:58','2026-01-16 23:37:58'),(37,32,1,'Sit similique enim enim accusantium aliquam dolorem autem est similique.',9,'2026-01-16 23:37:58','2026-01-15 23:37:58'),(38,32,5,'Laborum et molestiae et amet molestias occaecati asperiores.',9,'2026-01-15 23:37:58','2026-01-16 23:37:58'),(39,15,4,'Molestiae repellendus sit iusto fugit minus aperiam laborum accusamus molestiae ea.',9,'2026-01-16 23:37:58','2026-01-17 23:37:58'),(40,34,4,'Ut magni fugit nesciunt nemo suscipit amet nihil corrupti aliquam enim cum sed sit.',8,'2026-01-01 23:37:58','2026-01-18 23:37:58'),(41,15,5,'Necessitatibus quisquam quae et consequatur cumque ut itaque quis et aut aut modi eaque.',9,'2026-01-11 23:37:58','2026-01-21 23:37:58'),(42,16,5,'Et dignissimos tempora mollitia et magnam est ad mollitia ut enim saepe.',5,'2026-01-11 23:37:58','2025-12-23 23:37:58'),(43,36,5,'Consequuntur et eaque porro autem sit totam aut quis.',8,'2025-12-27 23:37:58','2026-01-11 23:37:58'),(44,32,1,'Inventore ipsum blanditiis ex ex nobis ratione optio modi omnis fuga.',9,'2025-12-30 23:37:58','2026-01-17 23:37:58'),(45,28,2,'Iste assumenda sed et similique qui velit porro.',8,'2026-01-11 23:37:58','2025-12-30 23:37:58'),(46,15,5,'Porro harum nam perferendis alias voluptatem ex ea.',5,'2026-01-21 23:37:58','2026-01-04 23:37:58');
/*!40000 ALTER TABLE `rating` ENABLE KEYS */;
UNLOCK TABLES;

--
-- Table structure for table `supplier`
--

DROP TABLE IF EXISTS `supplier`;
/*!40101 SET @saved_cs_client     = @@character_set_client */;
/*!40101 SET character_set_client = utf8 */;
CREATE TABLE `supplier` (
  `id` int(10) unsigned NOT NULL AUTO_INCREMENT,
  `s_name` varchar(255) DEFAULT NULL,
  `created_at` timestamp NULL DEFAULT NULL,
  `updated_at` timestamp NULL DEFAULT NULL,
  PRIMARY KEY (`id`)
) ENGINE=InnoDB AUTO_INCREMENT=13 DEFAULT CHARSET=utf8mb4 COLLATE=utf8mb4_unicode_ci;
/*!40101 SET character_set_client = @saved_cs_client */;

--
-- Dumping data for table `supplier`
--

LOCK TABLES `supplier` WRITE;
/*!40000 ALTER TABLE `supplier` DISABLE KEYS */;
INSERT INTO `supplier` VALUES (1,'Nh├á an to├án','2024-05-14 01:50:48','2024-05-14 01:50:48'),(3,'Hß║úi Yß║┐n','2024-05-14 01:58:10','2024-05-14 01:58:10'),(8,'H├úng DElL','2024-05-14 02:05:31','2024-05-14 02:05:31'),(9,'Bß║úo long','2024-05-14 02:40:39','2024-05-14 02:40:39'),(10,'Apple','2024-05-18 09:11:04','2024-05-18 09:11:04'),(11,'hai sen','2025-06-17 20:26:11','2025-06-17 20:26:11'),(12,'quang linh vlogs','2025-06-17 20:26:30','2025-06-17 20:26:30');
/*!40000 ALTER TABLE `supplier` ENABLE KEYS */;
UNLOCK TABLES;

--
-- Table structure for table `transactions`
--

DROP TABLE IF EXISTS `transactions`;
/*!40101 SET @saved_cs_client     = @@character_set_client */;
/*!40101 SET character_set_client = utf8 */;
CREATE TABLE `transactions` (
  `id` bigint(20) unsigned NOT NULL AUTO_INCREMENT,
  `tr_user_id` int(11) NOT NULL DEFAULT 0,
  `tr_note` varchar(255) DEFAULT NULL,
  `tr_address` varchar(255) DEFAULT NULL,
  `tr_phone` varchar(255) DEFAULT NULL,
  `tr_total` int(11) NOT NULL DEFAULT 0,
  `tr_status` int(11) NOT NULL DEFAULT 0,
  `created_at` timestamp NULL DEFAULT NULL,
  `updated_at` timestamp NULL DEFAULT NULL,
  `tr_payment_method` varchar(20) NOT NULL DEFAULT 'cod',
  `tr_payment_status` tinyint(4) NOT NULL DEFAULT 0,
  `tr_payment_code` varchar(255) DEFAULT NULL,
  `tr_payment_meta` text DEFAULT NULL,
  PRIMARY KEY (`id`),
  KEY `transactions_tr_user_id_index` (`tr_user_id`),
  KEY `transactions_tr_status_index` (`tr_status`),
  KEY `transactions_tr_payment_method_index` (`tr_payment_method`),
  KEY `transactions_tr_payment_status_index` (`tr_payment_status`)
) ENGINE=InnoDB AUTO_INCREMENT=127 DEFAULT CHARSET=utf8mb4 COLLATE=utf8mb4_unicode_ci;
/*!40101 SET character_set_client = @saved_cs_client */;

--
-- Dumping data for table `transactions`
--

LOCK TABLES `transactions` WRITE;
/*!40000 ALTER TABLE `transactions` DISABLE KEYS */;
INSERT INTO `transactions` VALUES (90,5,NULL,'Nghß╗ç an','0986890456',77660000,0,'2026-01-14 02:32:15','2026-01-14 02:32:15','cod',0,NULL,NULL),(91,5,NULL,'Nghß╗ç an','0986890456',20900000,0,'2026-01-14 02:50:10','2026-01-14 02:50:10','cod',0,NULL,NULL),(92,5,NULL,'Nghß╗ç an','0986890456',0,2,'2026-01-15 06:44:53','2026-01-15 06:44:57','vnpay',0,'92','{\"vnp_Amount\":0,\"vnp_Command\":\"pay\",\"vnp_CreateDate\":\"20260115134457\",\"vnp_CurrCode\":\"VND\",\"vnp_IpAddr\":\"127.0.0.1\",\"vnp_IpnUrl\":\"http:\\/\\/127.0.0.1:8000\\/payment\\/vnpay\\/ipn\\/92\",\"vnp_Locale\":\"vn\",\"vnp_OrderInfo\":\"Thanh toan don hang #92\",\"vnp_OrderType\":\"other\",\"vnp_ReturnUrl\":\"http:\\/\\/127.0.0.1:8000\\/payment\\/vnpay\\/return\\/92\",\"vnp_TmnCode\":\"YOUR_TMN_CODE\",\"vnp_TxnRef\":\"92\",\"vnp_Version\":\"2.1.0\"}'),(93,5,NULL,'Nghß╗ç an','0986890456',0,2,'2026-01-15 06:45:08','2026-01-15 06:45:08','momo',0,NULL,NULL),(94,5,'Eveniet aliquam voluptate excepturi eum.','73, Th├┤n Sang, X├ú ─É├┤n, Huyß╗çn Ch├óu Tr├óm\nCao Bß║▒ng','(84)(510)030-2746',790960,2,'2026-01-17 23:37:57','2026-01-17 23:37:57','cod',0,NULL,NULL),(95,8,'Ut culpa aspernatur fuga tenetur ratione dolorem sunt.','3 Phß╗æ Lß╗Öc, Th├┤n H╞░ß╗¥ng C╞░ß╗¥ng, Huyß╗çn Oanh Quß║ún\nCß║ºn Th╞í','(066) 570 6669',1789457,0,'2026-01-13 23:37:57','2026-01-13 23:37:57','cod',0,NULL,NULL),(96,5,'Est dolores voluptate numquam odit.','996 Phß╗æ Tr├¼nh, X├ú 60, Huyß╗çn L├óm\nCß║ºn Th╞í','(0126) 194 5076',3780868,0,'2026-01-14 23:37:57','2026-01-14 23:37:57','cod',0,NULL,NULL),(97,8,'Eum ut provident ut qui ipsum enim.','1 Phß╗æ Long, X├ú 73, Huyß╗çn Ti├¬n Thß╗Ñy\nHß╗ô Ch├¡ Minh','(84)(63)441-4602',2354129,0,'2026-01-20 23:37:57','2026-01-20 23:37:57','cod',0,NULL,NULL),(98,9,'Magnam eos et qui doloremque consequatur optio esse.','12 Phß╗æ B├áng Lam H├▓a, Ph╞░ß╗¥ng Vi├¬n Trß║ích Thiß╗çn, Huyß╗çn Nhiß╗çm Quß║úng Hß║úo\nHß║úi Ph├▓ng','84-38-511-9394',3962106,0,'2026-01-03 23:37:57','2026-01-03 23:37:57','cod',0,NULL,NULL),(99,5,'Id dicta eum non quidem omnis libero.','3942, ß║ñp 65, Ph╞░ß╗¥ng S├óm Sinh, Huyß╗çn 0\nBß║»c Giang','+84-67-516-0094',4316608,1,'2025-12-26 23:37:57','2025-12-26 23:37:57','cod',1,NULL,NULL),(100,5,'Corrupti est odit praesentium odio dolores culpa temporibus.','50 Phß╗æ Nhiß╗çm D├ón Chiß║┐n, Ph╞░ß╗¥ng T├óm Hiß║┐u, Quß║¡n Trang Lß╗▒c ─Éß╗ông\nPh├║ Thß╗ì','+84-651-577-3920',1161077,0,'2026-01-21 23:37:57','2026-01-21 23:37:57','cod',0,NULL,NULL),(101,9,'Incidunt quam at fugiat quibusdam quam.','18 Phß╗æ ─Éiß╗ün S─⌐ Mß║½n, Ph╞░ß╗¥ng Viß╗çt Kh╞░╞íng, Huyß╗çn Khai\nS├│c Tr─âng','(0320)665-8885',2216059,1,'2025-12-29 23:37:57','2025-12-29 23:37:57','cod',1,NULL,NULL),(102,5,'A accusantium labore qui.','2453 Phß╗æ ├én, X├ú Do├ún, Huyß╗çn Di\nH├á Nß╗Öi','0128-683-0630',993450,1,'2025-12-28 23:37:57','2025-12-28 23:37:57','cod',1,NULL,NULL),(103,5,'Et dolores veritatis nam facere inventore.','342 Phß╗æ Th├┤ng, Ph╞░ß╗¥ng Mß║ích Nhuß║¡n Kiß╗üu, Quß║¡n Trung ─É╞░ß╗¥ng\nH├á Nß╗Öi','0128 742 9641',1943969,1,'2026-01-09 23:37:57','2026-01-09 23:37:57','cod',1,NULL,NULL),(104,5,'Voluptatem iste adipisci a consequatur.','5, Th├┤n H├á Tr╞░ß╗¥ng, ß║ñp Y├¬n Vi, Quß║¡n ├¥ Bß║ích\nPh├║ Y├¬n','(84)(58)269-6854',3367234,2,'2026-01-11 23:37:58','2026-01-11 23:37:58','cod',0,NULL,NULL),(105,5,'Cumque sed est nobis dicta dolores eum provident.','779 Phß╗æ Nghß╗ï Th╞░ß╗¥ng K├¡nh, ß║ñp Hoa Trß║ºm, Huyß╗çn ─Éß╗òng Duy Tß╗½\nHß║¡u Giang','(079)206-9291',3839337,2,'2026-01-09 23:37:58','2026-01-09 23:37:58','cod',0,NULL,NULL),(106,5,'Repellendus ratione ea sit sit sed.','587 Phß╗æ H├á, Ph╞░ß╗¥ng Vi, Quß║¡n 13\nNam ─Éß╗ïnh','+84-27-736-8024',771639,0,'2026-01-09 23:37:58','2026-01-09 23:37:58','cod',0,NULL,NULL),(107,8,'Laborum perspiciatis iste facere quidem dolorem.','774 Phß╗æ Sß╗¡, ß║ñp B├¼ Mß║½n, Quß║¡n D╞░╞íng Thß╗ºy\nHß║úi Ph├▓ng','(84)(56)308-7066',2037393,0,'2026-01-02 23:37:58','2026-01-02 23:37:58','cod',0,NULL,NULL),(108,5,'Ut enim quos enim fugit eum.','5905 Phß╗æ Ma, Ph╞░ß╗¥ng Chß║Ñn V├╡, Quß║¡n 28\nCß║ºn Th╞í','(84)(199)214-9294',4741985,2,'2025-12-24 23:37:58','2025-12-24 23:37:58','cod',0,NULL,NULL),(109,5,'In quos qui et ipsum eum.','2, Th├┤n 63, Th├┤n ─Éß║íi Nguy├¬n, Quß║¡n Thy Thuß║¡n\nB├¼nh Ph╞░ß╗¢c','84-72-239-8723',1704989,1,'2025-12-23 23:37:58','2025-12-23 23:37:58','cod',1,NULL,NULL),(110,8,'Deleniti vero distinctio ratione earum.','9577 Phß╗æ V├╡ ─É─âng Trinh, X├ú 9, Quß║¡n ─Éan Thoß║íi\nHß║úi Ph├▓ng','031 079 3018',270054,0,'2025-12-27 23:37:58','2025-12-27 23:37:58','cod',0,NULL,NULL),(111,9,'Nihil consectetur ab debitis provident ea est dolorem.','665 Phß╗æ ├ünh Nß╗» Thuß║ºn, X├ú Lß║¡p Trinh, Huyß╗çn C├║c Bß╗ô\nH├á Nß╗Öi','033-204-2299',402261,1,'2026-01-01 23:37:58','2026-01-01 23:37:58','cod',1,NULL,NULL),(112,9,'Repellendus numquam sint architecto soluta soluta.','193, ß║ñp 62, X├ú Mai, Huyß╗çn Danh\nHß║¡u Giang','022-608-7040',1962990,0,'2026-01-18 23:37:58','2026-01-18 23:37:58','cod',0,NULL,NULL),(113,5,'Tenetur quisquam numquam velit.','5040, ß║ñp Thß║ích, ß║ñp Bß║úo Huynh, Quß║¡n Quang Biß╗çn\nH╞░ng Y├¬n','+84-79-310-8008',2709007,1,'2025-12-28 23:37:58','2025-12-28 23:37:58','cod',1,NULL,NULL),(114,8,'Mollitia illo deserunt aut.','4 Phß╗æ Tr╞░ng, X├ú Hoa Vß╗½, Quß║¡n Hß╗úp Nghi├¬m\nHß║úi Ph├▓ng','+84-31-217-1006',3642196,1,'2026-01-18 23:37:58','2026-01-18 23:37:58','cod',1,NULL,NULL),(115,5,'Necessitatibus vero voluptatem officia.','558 Phß╗æ H├án, X├ú 10, Quß║¡n 0\nQuß║úng Ninh','(84)(38)255-9644',3832426,1,'2026-01-17 23:37:58','2026-01-17 23:37:58','cod',1,NULL,NULL),(116,8,'Mollitia occaecati deserunt sed blanditiis possimus at culpa.','753 Phß╗æ B├áo, Ph╞░ß╗¥ng ─Éß╗¢i Ph╞░ß╗¢c Hß╗╖, Quß║¡n ─É├¼nh\nCß║ºn Th╞í','(027) 311 7441',1109871,1,'2026-01-20 23:37:58','2026-01-20 23:37:58','cod',1,NULL,NULL),(117,9,'Ut saepe adipisci omnis rerum et omnis nobis.','70 Phß╗æ Y├¬n, Ph╞░ß╗¥ng T├║ Tr├íc, Huyß╗çn Ti├¬u Lß╗à Ch├óu\nCß║ºn Th╞í','+84-4-7099-9168',4864588,1,'2026-01-05 23:37:58','2026-01-05 23:37:58','cod',1,NULL,NULL),(118,8,'Qui optio et fuga.','4108 Phß╗æ ├¥, Ph╞░ß╗¥ng Phß║ím, Quß║¡n 25\nTr├á Vinh','84-55-470-6878',3541127,2,'2026-01-08 23:37:58','2026-01-08 23:37:58','cod',0,NULL,NULL),(119,9,'Quia illum maiores tenetur consequuntur omnis.','77, Th├┤n C╞░╞íng Hy, Ph╞░ß╗¥ng Vi Kh├ính, Quß║¡n 96\nV─⌐nh Long','84-76-322-5894',3693665,1,'2025-12-27 23:37:58','2025-12-27 23:37:58','cod',1,NULL,NULL),(120,8,'Cupiditate fugiat repudiandae at ullam ut.','7, Th├┤n Th├ón Vß╗ìng, X├ú Kha, Huyß╗çn ─É├ái V─⌐\nQuß║úng B├¼nh','84-52-278-6308',2496700,1,'2026-01-03 23:37:58','2026-01-23 00:14:08','cod',0,NULL,NULL),(121,8,'Quidem voluptates reprehenderit eaque.','9, ß║ñp Sß╗¡, Ph╞░ß╗¥ng V─ân Phong, Quß║¡n Ph├íp Du\nH├▓a B├¼nh','84-38-146-4286',3919636,1,'2026-01-16 23:37:58','2026-01-23 00:14:07','cod',0,NULL,NULL),(122,5,'Eligendi est a fugit laudantium corrupti.','908 Phß╗æ Hß╗ô, X├ú D╞░╞íng, Huyß╗çn Oanh Canh\nAn Giang','(0241) 445 9203',3523368,1,'2026-01-21 23:37:58','2026-01-21 23:37:58','cod',1,NULL,NULL),(123,9,'Doloribus facilis voluptas molestiae et qui quasi et.','8, Th├┤n Di├¬m Kiß╗üu Hß║¡u, X├ú 56, Quß║¡n 88\nCao Bß║▒ng','84-57-777-7271',2806402,1,'2026-01-01 23:37:58','2026-01-01 23:37:58','cod',1,NULL,NULL),(124,5,NULL,'Nghß╗ç an','0986890456',7139000,2,'2026-01-22 21:07:46','2026-01-22 21:07:51','vnpay',0,'124','{\"vnp_Amount\":713900000,\"vnp_Command\":\"pay\",\"vnp_CreateDate\":\"20260123040751\",\"vnp_CurrCode\":\"VND\",\"vnp_IpAddr\":\"127.0.0.1\",\"vnp_IpnUrl\":\"http:\\/\\/127.0.0.1:8000\\/payment\\/vnpay\\/ipn\\/124\",\"vnp_Locale\":\"vn\",\"vnp_OrderInfo\":\"Thanh toan don hang #124\",\"vnp_OrderType\":\"other\",\"vnp_ReturnUrl\":\"http:\\/\\/127.0.0.1:8000\\/payment\\/vnpay\\/return\\/124\",\"vnp_TmnCode\":\"YOUR_TMN_CODE\",\"vnp_TxnRef\":\"124\",\"vnp_Version\":\"2.1.0\"}'),(125,5,NULL,'Nghß╗ç an','0986890456',7139000,1,'2026-01-22 21:23:28','2026-01-23 00:14:00','cod',0,NULL,NULL),(126,5,NULL,'Nghß╗ç an','0986890456',74800000,2,'2026-01-23 17:25:32','2026-01-23 17:25:32','momo',0,NULL,NULL);
/*!40000 ALTER TABLE `transactions` ENABLE KEYS */;
UNLOCK TABLES;

--
-- Table structure for table `users`
--

DROP TABLE IF EXISTS `users`;
/*!40101 SET @saved_cs_client     = @@character_set_client */;
/*!40101 SET character_set_client = utf8 */;
CREATE TABLE `users` (
  `id` int(10) unsigned NOT NULL AUTO_INCREMENT,
  `name` varchar(255) NOT NULL,
  `email` varchar(255) NOT NULL,
  `phone` char(255) DEFAULT NULL,
  `address` varchar(255) DEFAULT NULL,
  `active` tinyint(4) NOT NULL DEFAULT 1,
  `password` varchar(255) NOT NULL,
  `remember_token` varchar(100) DEFAULT NULL,
  `created_at` timestamp NULL DEFAULT NULL,
  `updated_at` timestamp NULL DEFAULT NULL,
  `total_pay` int(11) NOT NULL DEFAULT 0,
  PRIMARY KEY (`id`),
  UNIQUE KEY `users_name_unique` (`name`),
  UNIQUE KEY `users_email_unique` (`email`),
  KEY `users_active_index` (`active`)
) ENGINE=InnoDB AUTO_INCREMENT=13 DEFAULT CHARSET=utf8mb4 COLLATE=utf8mb4_unicode_ci;
/*!40101 SET character_set_client = @saved_cs_client */;

--
-- Dumping data for table `users`
--

LOCK TABLES `users` WRITE;
/*!40000 ALTER TABLE `users` DISABLE KEYS */;
INSERT INTO `users` VALUES (5,'Nguyß╗àn B','test@gmail.com','0986890456','Nghß╗ç an',1,'$2y$12$UKKEUmsd.VAgWMSUPLHm7.5SRRCHu3u3pODChqE7Ci6inpojH5KFm',NULL,'2024-05-07 00:46:17','2024-05-07 00:46:17',26),(8,'Nguyß╗àn Tuß║Ñn Thiß╗ün','thiennt@gmail.com','0359568182','H├á Nß╗Öi',1,'$2y$12$gNHFQj.pI/rTTLwRq0GadeUWUuTghbJv3mGXMqqZjWQZB8e4si/z6',NULL,'2025-06-17 01:53:58','2025-06-17 01:53:58',2),(9,'─æß║╖ng viß╗çt anh','vietanh@gmail.com','05987465412','H├á Nß╗Öi',1,'$2y$12$Qyefz3ZajEI612SK0KmPee4qR6qqruHvleAy0vJTU6uSuOW6NTVhO',NULL,'2025-06-17 20:16:36','2025-06-17 20:16:36',0);
/*!40000 ALTER TABLE `users` ENABLE KEYS */;
UNLOCK TABLES;

--
-- Table structure for table `wishlists`
--

DROP TABLE IF EXISTS `wishlists`;
/*!40101 SET @saved_cs_client     = @@character_set_client */;
/*!40101 SET character_set_client = utf8 */;
CREATE TABLE `wishlists` (
  `id` bigint(20) unsigned NOT NULL AUTO_INCREMENT,
  `user_id` int(11) NOT NULL,
  `product_id` int(11) NOT NULL,
  `created_at` timestamp NULL DEFAULT NULL,
  `updated_at` timestamp NULL DEFAULT NULL,
  PRIMARY KEY (`id`),
  UNIQUE KEY `wishlists_user_id_product_id_unique` (`user_id`,`product_id`),
  KEY `wishlists_user_id_index` (`user_id`),
  KEY `wishlists_product_id_index` (`product_id`)
) ENGINE=InnoDB DEFAULT CHARSET=utf8mb4 COLLATE=utf8mb4_unicode_ci;
/*!40101 SET character_set_client = @saved_cs_client */;

--
-- Dumping data for table `wishlists`
--

LOCK TABLES `wishlists` WRITE;
/*!40000 ALTER TABLE `wishlists` DISABLE KEYS */;
/*!40000 ALTER TABLE `wishlists` ENABLE KEYS */;
UNLOCK TABLES;
/*!40103 SET TIME_ZONE=@OLD_TIME_ZONE */;

/*!40101 SET SQL_MODE=@OLD_SQL_MODE */;
/*!40014 SET FOREIGN_KEY_CHECKS=@OLD_FOREIGN_KEY_CHECKS */;
/*!40014 SET UNIQUE_CHECKS=@OLD_UNIQUE_CHECKS */;
/*!40101 SET CHARACTER_SET_CLIENT=@OLD_CHARACTER_SET_CLIENT */;
/*!40101 SET CHARACTER_SET_RESULTS=@OLD_CHARACTER_SET_RESULTS */;
/*!40101 SET COLLATION_CONNECTION=@OLD_COLLATION_CONNECTION */;
/*!40111 SET SQL_NOTES=@OLD_SQL_NOTES */;

-- Dump completed on 2026-02-02 15:42:11

